Ligue,Équipe,Joueur,Poste,Lien Joueur
Régionale 1,Valréas,Florian AUGE,Demi d&#039;ouverture,https://rugbyamateur.fr/joueur/florian-auge/
Régionale 1,Valréas,Lucas BARBANSON,Centre,https://rugbyamateur.fr/joueur/lucas-barbanson/
Régionale 1,Valréas,Pierre BARRAL,Demi d&#039;ouverture,https://rugbyamateur.fr/joueur/pierre-barral/
Régionale 1,Valréas,Valentin BATHELIER,Talonneur,https://rugbyamateur.fr/joueur/valentin-bathelier/
Régionale 1,Valréas,Benoit BOUSQUET,Deuxième ligne,https://rugbyamateur.fr/joueur/benoit-bousquet/
Régionale 1,Valréas,Fabrice BROCHENY,Arrière,https://rugbyamateur.fr/joueur/fabrice-brocheny/
Régionale 1,Valréas,Vincent BROCHENY,Demi de mêlée,https://rugbyamateur.fr/joueur/vincent-brocheny/
Régionale 1,Valréas,Lazare CHAMBART,Troisième ligne,https://rugbyamateur.fr/joueur/lazare-chambart/
Régionale 1,Valréas,Mathis DIAZ,Ailier,https://rugbyamateur.fr/joueur/mathis-diaz/
Régionale 1,Valréas,Victor DURAND,Pilier,https://rugbyamateur.fr/joueur/victor-durand/
Régionale 1,Valréas,Loic DURIF,Deuxième ligne,https://rugbyamateur.fr/joueur/loic-durif/
Régionale 1,Valréas,Loris FALCIONI,Ailier,https://rugbyamateur.fr/joueur/loris-falcioni/
Régionale 1,Valréas,Jules GRAS,Troisième ligne,https://rugbyamateur.fr/joueur/jules-gras/
Régionale 1,Valréas,Kevin GUENARD,Pilier,https://rugbyamateur.fr/joueur/kevin-guenard/
Régionale 1,Valréas,Lucas MEJEAN,Troisième ligne,https://rugbyamateur.fr/joueur/lucas-mejean/
Régionale 1,Valréas,Adam MEYER,Troisième ligne,https://rugbyamateur.fr/joueur/adam-meyer/
Régionale 1,Valréas,Charly MOULET,Troisième ligne,https://rugbyamateur.fr/joueur/charly-moulet/
Régionale 1,Valréas,Corentin NOYER,Centre,https://rugbyamateur.fr/joueur/corentin-noyer/
Régionale 1,Valréas,Matheo PAYS,Talonneur,https://rugbyamateur.fr/joueur/matheo-pays/
Régionale 1,Valréas,Baptiste PELOUX,Deuxième ligne,https://rugbyamateur.fr/joueur/baptiste-peloux/
Régionale 1,Valréas,Corentin SANSOT,Demi de mêlée,https://rugbyamateur.fr/joueur/corentin-sansot/
Régionale 1,Valréas,Matheo TAULIER,Ailier,https://rugbyamateur.fr/joueur/matheo-taulier/
Régionale 1,Valréas,Nathan TAULIER,Talonneur,https://rugbyamateur.fr/joueur/nathan-taulier/
Régionale 1,Valréas,Alexis TRELCAT,Deuxième ligne,https://rugbyamateur.fr/joueur/alexis-trelcat/
Régionale 1,Saint-Céré,Bilal AHAMMAD,Pilier,https://rugbyamateur.fr/joueur/bilal-ahammad/
Régionale 1,Saint-Céré,Louis ARNAL,Demi d&#039;ouverture,https://rugbyamateur.fr/joueur/louis-arnal/
Régionale 1,Saint-Céré,Lucas BASCA,Centre,https://rugbyamateur.fr/joueur/lucas-basca/
Régionale 1,Saint-Céré,Kenji BEZARD,Ailier,https://rugbyamateur.fr/joueur/kenji-bezard/
Régionale 1,Saint-Céré,Theo BONHOMME,Centre,https://rugbyamateur.fr/joueur/theo-bonhomme/
Régionale 1,Saint-Céré,Jossua BOU,Demi d&#039;ouverture,N/A
Régionale 1,Saint-Céré,Elisa ACEVEDO,Deuxième ligne,https://rugbyamateur.fr/joueur/elisa-acevedo/
Régionale 1,Saint-Céré,Faustine ARESTIER,Talonneur,https://rugbyamateur.fr/joueur/faustine-arestier/
Régionale 1,Saint-Céré,Nina BEDUE DELPHIN,N/A,N/A
Régionale 1,Orsay,Matteo BARTHELEMY PICHODO,Deuxième ligne,https://rugbyamateur.fr/joueur/matteo-barthelemy-pichodo/
Régionale 1,Orsay,Anthony BATTAIS,Deuxième ligne,https://rugbyamateur.fr/joueur/anthony-battais/
Régionale 1,Orsay,Vincent BELMAT,Pilier,https://rugbyamateur.fr/joueur/vincent-belmat/
Régionale 1,Orsay,Paul BOUSSELIOU,Deuxième ligne,https://rugbyamateur.fr/joueur/paul-bousseliou/
Régionale 1,Orsay,Ian Adrien CALMELS,Deuxième ligne,https://rugbyamateur.fr/joueur/ian-adrien-calmels/
Régionale 1,Orsay,Robin CAPELLE,Talonneur,N/A
Régionale 1,Orsay,Sarah Anais Isabelle BLONDEL,Troisième ligne,https://rugbyamateur.fr/joueur/sarah-anais-isabelle-blondel/
Régionale 1,Orsay,Anais BOCQUEL,Talonneur,https://rugbyamateur.fr/joueur/anais-bocquel/
Régionale 1,Orsay,Nessa BREUGNOT,Deuxième ligne,https://rugbyamateur.fr/joueur/nessa-breugnot/
Régionale 1,Orsay,Nora BRIAND,Pilier,https://rugbyamateur.fr/joueur/nora-briand/
Régionale 1,Orsay,Sarah CALLE RAMIREZ,Talonneur,N/A
Régionale 1,Orsay,Jules ALARCON GEORGES,Centre,https://rugbyamateur.fr/joueur/jules-alarcon-georges/
Régionale 1,Orsay,Ulysse AUBOINE,Deuxième ligne,https://rugbyamateur.fr/joueur/ulysse-auboine/
Régionale 1,Orsay,Ugo BENOIT,N/A,https://rugbyamateur.fr/joueur/ugo-benoit/
Régionale 1,Orsay,Thomas BOIGNE,Deuxième ligne,https://rugbyamateur.fr/joueur/thomas-boigne/
Régionale 1,Orsay,Mathys Marc Eric BOUISSET BELLINI,Troisième ligne,https://rugbyamateur.fr/joueur/mathys-marc-eric-bouisset-bellini/
Régionale 1,Orsay,Arthur BRIENS COEURDEROY,Pilier,https://rugbyamateur.fr/joueur/arthur-briens-coeurderoy/
Régionale 1,Orsay,Maxime Jacky Jean Yves CIROTTEAU COUDOUIN,Ailier,https://rugbyamateur.fr/joueur/maxime-jacky-jean-yves-cirotteau-coudouin/
Régionale 1,Orsay,Armand Alexandre Jean COULAUD,Talonneur,https://rugbyamateur.fr/joueur/armand-alexandre-jean-coulaud/
Régionale 1,Orsay,Lucas CROSEFINTE,Ailier,https://rugbyamateur.fr/joueur/lucas-crosefinte/
Régionale 1,Orsay,Leandre DE SAINT PALAIS,Pilier,https://rugbyamateur.fr/joueur/leandre-de-saint-palais/
Régionale 1,Orsay,Leandro Niccolo DESIR BALESTRINI,Ailier,https://rugbyamateur.fr/joueur/leandro-niccolo-desir-balestrini/
Régionale 1,Orsay,Emilien DUCLOUX,Troisième ligne,https://rugbyamateur.fr/joueur/emilien-ducloux/
Régionale 1,Orsay,Nathan FENAILLE,Centre,https://rugbyamateur.fr/joueur/nathan-fenaille/
Régionale 1,Orsay,Thomas Benjamin FEUGEAS,Centre,https://rugbyamateur.fr/joueur/thomas-benjamin-feugeas/
Régionale 1,Orsay,Leonardo JAMME,Troisième ligne,https://rugbyamateur.fr/joueur/leonardo-jamme/
Régionale 1,Orsay,Mauro JAMME,Troisième ligne,https://rugbyamateur.fr/joueur/mauro-jamme/
Régionale 1,Orsay,Axel LEBON,Ailier,https://rugbyamateur.fr/joueur/axel-lebon/
Régionale 1,Orsay,Louis LEGA,Demi de mêlée,https://rugbyamateur.fr/joueur/louis-lega/
Régionale 1,Orsay,Louis Baptiste Pierre MAUPIN GOLDSMITH,Demi d&#039;ouverture,https://rugbyamateur.fr/joueur/louis-baptiste-pierre-maupin-goldsmith/
Régionale 1,Orsay,Erwan Jeremy ORIA MULLER,Centre,https://rugbyamateur.fr/joueur/erwan-jeremy-oria-muller/
Régionale 1,Orsay,Maxime POINCELET,Deuxième ligne,https://rugbyamateur.fr/joueur/maxime-poincelet/
Régionale 1,Orsay,Alexis SOSOLIC,Deuxième ligne,https://rugbyamateur.fr/joueur/alexis-sosolic/
Régionale 1,Orsay,Baptiste Marius VIGNERES,Pilier,https://rugbyamateur.fr/joueur/baptiste-marius-vigneres/
Régionale 1,Orsay,Gaelle ANDRE,Troisième ligne,https://rugbyamateur.fr/joueur/gaelle-andre/
Régionale 1,Orsay,Solenn ANTUNES,Ailier,N/A
Régionale 1,Millas,Thibault ASENCIO,Ailier,https://rugbyamateur.fr/joueur/thibault-asencio/
Régionale 1,Millas,Laurent BOSCH,Centre,https://rugbyamateur.fr/joueur/laurent-bosch/
Régionale 1,Millas,Baptiste BREST,Deuxième ligne,https://rugbyamateur.fr/joueur/baptiste-brest/
Régionale 1,Millas,Anthony BUJALDON,Pilier,https://rugbyamateur.fr/joueur/anthony-bujaldon/
Régionale 1,Millas,Evan COLLGROS,Centre,https://rugbyamateur.fr/joueur/evan-collgros/
Régionale 1,Millas,Pascal DA CONCEICAO,Troisième ligne,N/A
Régionale 1,Millas,Sasha ANDRE LLOP,Troisième ligne,https://rugbyamateur.fr/joueur/sasha-andre-llop/
Régionale 1,Millas,Aurelien BAPTISTE,Demi de mêlée,https://rugbyamateur.fr/joueur/aurelien-baptiste/
Régionale 1,Millas,Mohamed BELASSEL,Pilier,https://rugbyamateur.fr/joueur/mohamed-belassel/
Régionale 1,Millas,Leo BENARIBI,N/A,N/A
Régionale 1,Millas,Yoann AMRANI,Centre,https://rugbyamateur.fr/joueur/yoann-amrani/
Régionale 1,Millas,Romain AOUISSI,Troisième ligne,https://rugbyamateur.fr/joueur/romain-aouissi/
Régionale 1,Millas,Nathan BACHES,Pilier,https://rugbyamateur.fr/joueur/nathan-baches/
Régionale 1,Millas,Tristan BANET,Centre,https://rugbyamateur.fr/joueur/tristan-banet/
Régionale 1,Millas,Yanis BARDOT,Demi de mêlée,https://rugbyamateur.fr/joueur/yanis-bardot/
Régionale 1,Millas,Francois BERDAGUER,Talonneur,https://rugbyamateur.fr/joueur/francois-berdaguer/
Régionale 1,Millas,Aleix CAFFORT,Ailier,https://rugbyamateur.fr/joueur/aleix-caffort/
Régionale 1,Millas,Baptiste CARANANA,Troisième ligne,N/A
Régionale 1,Millas,Noah AUFFRET,Troisième ligne,https://rugbyamateur.fr/joueur/noah-auffret/
Régionale 1,Millas,Loan BIAL,N/A,https://rugbyamateur.fr/joueur/loan-bial/
Régionale 1,Millas,Bastian BLANQUEZ,Talonneur,https://rugbyamateur.fr/joueur/bastian-blanquez/
Régionale 1,Millas,Morgan BRESSAN,N/A,https://rugbyamateur.fr/joueur/morgan-bressan/
Régionale 1,Millas,Clement CARANANA,Deuxième ligne,https://rugbyamateur.fr/joueur/clement-caranana/
Régionale 1,Millas,Gael COUSIN,N/A,https://rugbyamateur.fr/joueur/gael-cousin/
Régionale 1,Millas,Theo DEL POZO,N/A,https://rugbyamateur.fr/joueur/theo-del-pozo/
Régionale 1,Millas,Gabin DI FRANCESCO,N/A,N/A
Régionale 1,Millas,Lorenzo BEDRIGNANS GARCIA,Troisième ligne,https://rugbyamateur.fr/joueur/lorenzo-bedrignans-garcia/
Régionale 1,Millas,Joseph BERTRAND,Ailier,https://rugbyamateur.fr/joueur/joseph-bertrand/
Régionale 1,Millas,Jules BOURRET,Demi de mêlée,https://rugbyamateur.fr/joueur/jules-bourret/
Régionale 1,Millas,Jacob COLOME,Demi d&#039;ouverture,https://rugbyamateur.fr/joueur/jacob-colome/
Régionale 1,Millas,Sacha DEBALS FERRAZ,Troisième ligne,https://rugbyamateur.fr/joueur/sacha-debals-ferraz/
Régionale 1,Millas,Florient DEBAUVE ALMIRA,Pilier,https://rugbyamateur.fr/joueur/florient-debauve-almira/
Régionale 1,Millas,Zoltan DELBARRE AVICHINNIKOFF,Deuxième ligne,https://rugbyamateur.fr/joueur/zoltan-delbarre-avichinnikoff/
Régionale 1,Millas,Martin DUFRANNE,Centre,https://rugbyamateur.fr/joueur/martin-dufranne/
Régionale 1,Millas,Eden FOURCADE,Troisième ligne,https://rugbyamateur.fr/joueur/eden-fourcade/
Régionale 1,Millas,Axel GALZIN,Arrière,https://rugbyamateur.fr/joueur/axel-galzin/
Régionale 1,Millas,Leo GARCIA,Deuxième ligne,https://rugbyamateur.fr/joueur/leo-garcia/
Régionale 1,Millas,Victorien JAMMET,N/A,https://rugbyamateur.fr/joueur/victorien-jammet/
Régionale 1,Millas,Hippolyte JAUBERT,Ailier,https://rugbyamateur.fr/joueur/hippolyte-jaubert/
Régionale 1,Millas,Romain KONIECKIEWICZ,Troisième ligne,https://rugbyamateur.fr/joueur/romain-konieckiewicz/
Régionale 1,Millas,Timeo LETANG,Ailier,https://rugbyamateur.fr/joueur/timeo-letang/
Régionale 1,Millas,Nino LOPEZ,Deuxième ligne,https://rugbyamateur.fr/joueur/nino-lopez/
Régionale 1,Millas,Justin MAILLOL,Talonneur,https://rugbyamateur.fr/joueur/justin-maillol/
Régionale 1,Millas,Hugo MAINFROID,Ailier,https://rugbyamateur.fr/joueur/hugo-mainfroid/
Régionale 1,Millas,Leonis MARTIN,Demi d&#039;ouverture,https://rugbyamateur.fr/joueur/leonis-martin/
Régionale 1,Millas,Kais MELIZI,Pilier,https://rugbyamateur.fr/joueur/kais-melizi/
Régionale 1,Millas,Louis NAZON,Pilier,https://rugbyamateur.fr/joueur/louis-nazon/
Régionale 1,Millas,Charles NOGUER,Pilier,https://rugbyamateur.fr/joueur/charles-noguer/
Régionale 1,Millas,Ange ORDIONI,Pilier,https://rugbyamateur.fr/joueur/ange-ordioni/
Régionale 1,Millas,Mateo POIROT,Talonneur,https://rugbyamateur.fr/joueur/mateo-poirot/
Régionale 1,Millas,Malo POMAR,Demi de mêlée,https://rugbyamateur.fr/joueur/malo-pomar/
Régionale 1,Millas,Maxime PUJOL,Talonneur,https://rugbyamateur.fr/joueur/maxime-pujol/
Régionale 1,Millas,Leo QUINTO MARTIN,Deuxième ligne,https://rugbyamateur.fr/joueur/leo-quinto-martin/
Régionale 1,Millas,Llivio RIBO,Demi d&#039;ouverture,https://rugbyamateur.fr/joueur/llivio-ribo/
Régionale 1,Millas,Clement ROUSSEL,N/A,N/A
Régionale 1,Nontron,Mehdi BARRIERE,Troisième ligne,https://rugbyamateur.fr/joueur/mehdi-barriere/
Régionale 1,Nontron,Logann BENOIT,Pilier,https://rugbyamateur.fr/joueur/logann-benoit/
Régionale 1,Nontron,Karl BOINON,Troisième ligne,https://rugbyamateur.fr/joueur/karl-boinon/
Régionale 1,Nontron,Pierre BOINON,Centre,https://rugbyamateur.fr/joueur/pierre-boinon/
Régionale 1,Nontron,Felipe BOLLO,Deuxième ligne,https://rugbyamateur.fr/joueur/felipe-bollo/
Régionale 1,Nontron,Guillaume BROUQUI,Demi de mêlée,https://rugbyamateur.fr/joueur/guillaume-brouqui/
Régionale 1,Nontron,Hugo BRUN,Deuxième ligne,N/A
Régionale 1,Nontron,Louis BARDEAU,Centre,https://rugbyamateur.fr/joueur/louis-bardeau/
Régionale 1,Nontron,Romain CAMPIGNY,Troisième ligne,https://rugbyamateur.fr/joueur/romain-campigny/
Régionale 1,Nontron,Jordan CHATAIGNIER,Ailier,https://rugbyamateur.fr/joueur/jordan-chataignier/
Régionale 1,Nontron,Mathieu CHAUDET LALOYAUX,Troisième ligne,https://rugbyamateur.fr/joueur/mathieu-chaudet-laloyaux/
Régionale 1,Nontron,Antoine CIBOT,Pilier,https://rugbyamateur.fr/joueur/antoine-cibot/
Régionale 1,Nontron,Paul DESPORT,Deuxième ligne,https://rugbyamateur.fr/joueur/paul-desport/
Régionale 1,Nontron,Baptiste DOLE,Deuxième ligne,https://rugbyamateur.fr/joueur/baptiste-dole/
Régionale 1,Nontron,Axel DOUAY,Pilier,https://rugbyamateur.fr/joueur/axel-douay/
Régionale 1,Nontron,Mathias FOURNIER,Arrière,https://rugbyamateur.fr/joueur/mathias-fournier/
Régionale 1,Nontron,Evan GAILLARD,Deuxième ligne,https://rugbyamateur.fr/joueur/evan-gaillard/
Régionale 1,Nontron,Ludovic JEAN,Deuxième ligne,https://rugbyamateur.fr/joueur/ludovic-jean/
Régionale 1,Nontron,Clement JOLLY,Arrière,https://rugbyamateur.fr/joueur/clement-jolly/
Régionale 1,Nontron,Mael JORET,Troisième ligne,https://rugbyamateur.fr/joueur/mael-joret/
Régionale 1,Nontron,Pierre JOURDE,Deuxième ligne,https://rugbyamateur.fr/joueur/pierre-jourde/
Régionale 1,Nontron,Clement LADOUES,N/A,N/A
Régionale 1,Nontron,Mathis BLANCHARD,Demi d&#039;ouverture,https://rugbyamateur.fr/joueur/mathis-blanchard/
Régionale 1,Nontron,Erwann BOUET,Ailier,https://rugbyamateur.fr/joueur/erwann-bouet/
Régionale 1,Nontron,Marius BOUSSARIE,Demi de mêlée,N/A
Régionale 1,Nontron,Maxime BONAFOS,Troisième ligne,N/A
Régionale 1,Paris XV,Clement BERNARD,N/A,https://rugbyamateur.fr/joueur/clement-bernard/
Régionale 1,Paris XV,Cyril BONHOURE,Deuxième ligne,https://rugbyamateur.fr/joueur/cyril-bonhoure/
Régionale 1,Paris XV,Mathieu CAZAUX,Centre,https://rugbyamateur.fr/joueur/mathieu-cazaux/
Régionale 1,Paris XV,Pierre CHANCEL,Centre,https://rugbyamateur.fr/joueur/pierre-chancel/
Régionale 1,Paris XV,Theophane Nicolas Marie COURTOIS,Pilier,https://rugbyamateur.fr/joueur/theophane-nicolas-marie-courtois/
Régionale 1,Paris XV,Valentino CUNAT,Arrière,https://rugbyamateur.fr/joueur/valentino-cunat/
Régionale 1,Paris XV,Louis DISCHAMPS,Ailier,https://rugbyamateur.fr/joueur/louis-dischamps/
Régionale 1,Paris XV,Francois Jean Joseph EMERY,Ailier,https://rugbyamateur.fr/joueur/francois-jean-joseph-emery/
Régionale 1,Paris XV,Sacha FRANCOIS ILIE,Centre,https://rugbyamateur.fr/joueur/sacha-francois-ilie/
Régionale 1,Paris XV,Robin GABON,Pilier,https://rugbyamateur.fr/joueur/robin-gabon/
Régionale 1,Paris XV,Eliott Jacques Gerard GOTSCHO,Deuxième ligne,https://rugbyamateur.fr/joueur/eliott-jacques-gerard-gotscho/
Régionale 1,Paris XV,Gabin LENOIR,Troisième ligne,https://rugbyamateur.fr/joueur/gabin-lenoir/
Régionale 1,Paris XV,Eloi Edouard Marie MOURA,Deuxième ligne,https://rugbyamateur.fr/joueur/eloi-edouard-marie-moura/
Régionale 1,Paris XV,Antoine PAPAIT,Troisième ligne,https://rugbyamateur.fr/joueur/antoine-papait/
Régionale 1,Paris XV,Louis PARENTON,Deuxième ligne,https://rugbyamateur.fr/joueur/louis-parenton/
Régionale 1,Paris XV,Remi Louis Paul PASQUET,Troisième ligne,https://rugbyamateur.fr/joueur/remi-louis-paul-pasquet/
Régionale 1,Paris XV,Etienne PERRIN,Demi de mêlée,https://rugbyamateur.fr/joueur/etienne-perrin/
Régionale 1,Paris XV,Lionel PETIT,Demi d&#039;ouverture,https://rugbyamateur.fr/joueur/lionel-petit/
Régionale 1,Paris XV,Maxime REBOUD,Ailier,https://rugbyamateur.fr/joueur/maxime-reboud/
Régionale 1,Paris XV,Thomas ROULLEAUX DUGAGE,Talonneur,https://rugbyamateur.fr/joueur/thomas-roulleaux-dugage/
Régionale 1,Paris XV,Hubert SARLIN,Pilier,https://rugbyamateur.fr/joueur/hubert-sarlin/
Régionale 1,Paris XV,Adrien Eugene Jean SAUVAGE,N/A,https://rugbyamateur.fr/joueur/adrien-eugene-jean-sauvage/
Régionale 1,Moissac,Quentin AYRAL,Ailier,https://rugbyamateur.fr/joueur/quentin-ayral/
Régionale 1,Moissac,Kevin BARGIBAUX,Troisième ligne,https://rugbyamateur.fr/joueur/kevin-bargibaux/
Régionale 1,Moissac,Nicolas BOLAY,Talonneur,https://rugbyamateur.fr/joueur/nicolas-bolay/
Régionale 1,Moissac,Thomas BOSQUE,Troisième ligne,https://rugbyamateur.fr/joueur/thomas-bosque/
Régionale 1,Moissac,Logan BURET,Centre,https://rugbyamateur.fr/joueur/logan-buret/
Régionale 1,Moissac,Marlon BURET,Ailier,https://rugbyamateur.fr/joueur/marlon-buret/
Régionale 1,Moissac,Axel BYL,Centre,https://rugbyamateur.fr/joueur/axel-byl/
Régionale 1,Moissac,Benjamin CAUSIN,Talonneur,https://rugbyamateur.fr/joueur/benjamin-causin/
Régionale 1,Moissac,Jordan CHAZARENC,Pilier,https://rugbyamateur.fr/joueur/jordan-chazarenc/
Régionale 1,Moissac,Lucas CHAZELAS,Ailier,https://rugbyamateur.fr/joueur/lucas-chazelas/
Régionale 1,Moissac,Damien CLER,Ailier,https://rugbyamateur.fr/joueur/damien-cler/
Régionale 1,Moissac,Geoffrey COUSIN DE PUYMARCEL,Troisième ligne,https://rugbyamateur.fr/joueur/geoffrey-cousin-de-puymarcel/
Régionale 1,Moissac,Marlon DE CARVALHO,Troisième ligne,https://rugbyamateur.fr/joueur/marlon-de-carvalho/
Régionale 1,Moissac,Damien DIRAT,Centre,https://rugbyamateur.fr/joueur/damien-dirat/
Régionale 1,Moissac,Myron DUMAIL,Demi d&#039;ouverture,https://rugbyamateur.fr/joueur/myron-dumail/
Régionale 1,Moissac,Yohann DURQUET,Arrière,https://rugbyamateur.fr/joueur/yohann-durquet/
Régionale 1,Moissac,Youssef FALLOUK,Talonneur,https://rugbyamateur.fr/joueur/youssef-fallouk/
Régionale 1,Moissac,Frederic GAYET,Pilier,https://rugbyamateur.fr/joueur/frederic-gayet/
Régionale 1,Moissac,Teiki GODEBILLE,Pilier,https://rugbyamateur.fr/joueur/teiki-godebille/
Régionale 1,Moissac,Mathias GROS,Demi d&#039;ouverture,https://rugbyamateur.fr/joueur/mathias-gros/
Régionale 1,Moissac,Fernando INACIO SOUSA MARTINS,Arrière,https://rugbyamateur.fr/joueur/fernando-inacio-sousa-martins/
Régionale 1,Moissac,Anthony LACROIX,Talonneur,https://rugbyamateur.fr/joueur/anthony-lacroix/
Régionale 1,Moissac,Kevin LAFONT,Deuxième ligne,https://rugbyamateur.fr/joueur/kevin-lafont/
Régionale 1,Moissac,Jarod LEVEQUE,Pilier,https://rugbyamateur.fr/joueur/jarod-leveque/
Régionale 1,Moissac,Pierre LOPEZ,Demi de mêlée,https://rugbyamateur.fr/joueur/pierre-lopez/
Régionale 1,Moissac,Joan MIRA,Arrière,https://rugbyamateur.fr/joueur/joan-mira/
Régionale 1,Moissac,Jerome MONDOULET,Deuxième ligne,https://rugbyamateur.fr/joueur/jerome-mondoulet/
Régionale 1,Moissac,Kelevi Tabanivau NACAGILABA,Ailier,https://rugbyamateur.fr/joueur/kelevi-tabanivau-nacagilaba/
Régionale 1,Moissac,Enzo NICOLAS,Demi de mêlée,https://rugbyamateur.fr/joueur/enzo-nicolas/
Régionale 1,Moissac,Jackson PATUSSO,Deuxième ligne,https://rugbyamateur.fr/joueur/jackson-patusso/
Régionale 1,Moissac,Lucas PECCOLO,Pilier,https://rugbyamateur.fr/joueur/lucas-peccolo/
Régionale 1,Moissac,Mickael PLANTADE,Centre,https://rugbyamateur.fr/joueur/mickael-plantade/
Régionale 1,Moissac,Enzo RUBI,Pilier,N/A
Régionale 1,Saint-Flour,Clara BADUEL,N/A,https://rugbyamateur.fr/joueur/clara-baduel/
Régionale 1,Saint-Flour,Justine BADUEL,Pilier,https://rugbyamateur.fr/joueur/justine-baduel/
Régionale 1,Saint-Flour,Julie BOISSON,Troisième ligne,https://rugbyamateur.fr/joueur/julie-boisson/
Régionale 1,Saint-Flour,Emma BONNEFOY,N/A,https://rugbyamateur.fr/joueur/emma-bonnefoy/
Régionale 1,Saint-Flour,Chloe BOUCHARD,Ailier,https://rugbyamateur.fr/joueur/chloe-bouchard/
Régionale 1,Saint-Flour,Clotilde BRESSON,Talonneur,https://rugbyamateur.fr/joueur/clotilde-bresson/
Régionale 1,Saint-Flour,Louane BRUN,Deuxième ligne,https://rugbyamateur.fr/joueur/louane-brun/
Régionale 1,Saint-Flour,Sarah CHAMBAUDIE,N/A,https://rugbyamateur.fr/joueur/sarah-chambaudie/
Régionale 1,Saint-Flour,Charlize CHAMBERT,Centre,https://rugbyamateur.fr/joueur/charlize-chambert/
Régionale 1,Saint-Flour,Mylene CHAMBERT,Demi de mêlée,https://rugbyamateur.fr/joueur/mylene-chambert/
Régionale 1,Saint-Flour,Marion CHASSANG,Ailier,https://rugbyamateur.fr/joueur/marion-chassang/
Régionale 1,Saint-Flour,Flavie GRENIER,Demi d&#039;ouverture,https://rugbyamateur.fr/joueur/flavie-grenier/
Régionale 1,Saint-Flour,Lisa HABRANT,Talonneur,N/A
Régionale 1,Saint-Flour,Alexis ALEXIS TOUZET,Centre,https://rugbyamateur.fr/joueur/alexis-alexis-touzet/
Régionale 1,Saint-Flour,Mike ARNAL,Talonneur,https://rugbyamateur.fr/joueur/mike-arnal/
Régionale 1,Saint-Flour,Christophe BARLET,Deuxième ligne,https://rugbyamateur.fr/joueur/christophe-barlet/
Régionale 1,Saint-Flour,Louis BLANC,Pilier,https://rugbyamateur.fr/joueur/louis-blanc/
Régionale 1,Saint-Flour,Thomas BONNEFOY,Talonneur,https://rugbyamateur.fr/joueur/thomas-bonnefoy/
Régionale 1,Saint-Flour,Clement BOUSSUGE,Ailier,https://rugbyamateur.fr/joueur/clement-boussuge/
Régionale 1,Saint-Flour,Hugo BUFFIER,Demi de mêlée,https://rugbyamateur.fr/joueur/hugo-buffier/
Régionale 1,Saint-Flour,Anthony CAILLON,Arrière,https://rugbyamateur.fr/joueur/anthony-caillon/
Régionale 1,Saint-Flour,Dorian CHALVET,Troisième ligne,https://rugbyamateur.fr/joueur/dorian-chalvet/
Régionale 1,Saint-Flour,Dorian CHAMBARON,Troisième ligne,https://rugbyamateur.fr/joueur/dorian-chambaron/
Régionale 1,Saint-Flour,Alexandre CHAMBERT,Pilier,https://rugbyamateur.fr/joueur/alexandre-chambert/
Régionale 1,Saint-Flour,Maxime CHAMBERT,Deuxième ligne,https://rugbyamateur.fr/joueur/maxime-chambert/
Régionale 1,Saint-Flour,Jeremy CUSSAC,Pilier,https://rugbyamateur.fr/joueur/jeremy-cussac/
Régionale 1,Saint-Flour,Pierre Jean DELCROS,Talonneur,https://rugbyamateur.fr/joueur/pierre-jean-delcros/
Régionale 1,Saint-Flour,Simon DELCROS,Demi d&#039;ouverture,https://rugbyamateur.fr/joueur/simon-delcros/
Régionale 1,Saint-Flour,Victor DELCROS,Demi de mêlée,https://rugbyamateur.fr/joueur/victor-delcros/
Régionale 1,Saint-Flour,Anthony DELPY,Ailier,https://rugbyamateur.fr/joueur/anthony-delpy/
Régionale 1,Saint-Flour,Gabin DEVEZE,Troisième ligne,https://rugbyamateur.fr/joueur/gabin-deveze/
Régionale 1,Saint-Flour,Martin ESCHALIER,Pilier,https://rugbyamateur.fr/joueur/martin-eschalier/
Régionale 1,Saint-Flour,Alexis FOUILLADE,Demi d&#039;ouverture,https://rugbyamateur.fr/joueur/alexis-fouillade/
Régionale 1,Saint-Flour,Nicolas HUGONNET,Troisième ligne,https://rugbyamateur.fr/joueur/nicolas-hugonnet/
Régionale 1,Saint-Flour,Aurelien LABUSSIERE,Centre,https://rugbyamateur.fr/joueur/aurelien-labussiere/
Régionale 1,Saint-Flour,Lissandro MAINIERI,Deuxième ligne,https://rugbyamateur.fr/joueur/lissandro-mainieri/
Régionale 1,Saint-Flour,Antoine MALLET,Pilier,https://rugbyamateur.fr/joueur/antoine-mallet/
Régionale 1,Saint-Flour,Theo MALLET,Pilier,https://rugbyamateur.fr/joueur/theo-mallet/
Régionale 1,Saint-Flour,Samuel MATHIEU,Ailier,https://rugbyamateur.fr/joueur/samuel-mathieu/
Régionale 1,Saint-Flour,Ethan MAZEYRAT,Demi de mêlée,https://rugbyamateur.fr/joueur/ethan-mazeyrat/
Régionale 1,Saint-Flour,Enzo PAGES,Deuxième ligne,https://rugbyamateur.fr/joueur/enzo-pages/
Régionale 1,Saint-Flour,Aubin PHILIBERT,Talonneur,https://rugbyamateur.fr/joueur/aubin-philibert/
Régionale 1,Saint-Flour,Camille RAYMOND,Pilier,https://rugbyamateur.fr/joueur/camille-raymond/
Régionale 1,Saint-Flour,Corentin REGIMBAL,Deuxième ligne,https://rugbyamateur.fr/joueur/corentin-regimbal/
Régionale 1,Saint-Flour,Gaetan REGIMBAL,Centre,https://rugbyamateur.fr/joueur/gaetan-regimbal/
Régionale 1,Saint-Flour,Guillaume REGIMBAL,Talonneur,https://rugbyamateur.fr/joueur/guillaume-regimbal/
Régionale 1,Saint-Flour,Mathieu REGIMBAL,Arrière,https://rugbyamateur.fr/joueur/mathieu-regimbal/
Régionale 1,Saint-Flour,Anthony RISPAL,Pilier,https://rugbyamateur.fr/joueur/anthony-rispal/
Régionale 1,Saint-Flour,Florian ROLLAND,Demi de mêlée,https://rugbyamateur.fr/joueur/florian-rolland/
Régionale 1,Saint-Flour,Adrien TEISSEDRE,Deuxième ligne,https://rugbyamateur.fr/joueur/adrien-teissedre/
Régionale 1,Saint-Flour,Quentin TEISSEDRE,Ailier,https://rugbyamateur.fr/joueur/quentin-teissedre/
Régionale 1,Saint-Flour,David TREMEAU,Deuxième ligne,N/A
Régionale 1,Saint-Flour,Nolhann ALBISSON,Centre,N/A
Régionale 1,Saint-Flour,Elie ARNAL,Talonneur,https://rugbyamateur.fr/joueur/elie-arnal/
Régionale 1,Saint-Flour,Ethan BIANCONI,Deuxième ligne,https://rugbyamateur.fr/joueur/ethan-bianconi/
Régionale 1,Saint-Flour,Loic BOS,N/A,https://rugbyamateur.fr/joueur/loic-bos/
Régionale 1,Saint-Flour,Axel CASSANHES,Centre,https://rugbyamateur.fr/joueur/axel-cassanhes/
Régionale 1,Saint-Flour,Louis CHALIER,N/A,https://rugbyamateur.fr/joueur/louis-chalier/
Régionale 1,Saint-Flour,Nathan CHAULLET,Pilier,https://rugbyamateur.fr/joueur/nathan-chaullet/
Régionale 1,Saint-Flour,Noah DAVID,Ailier,https://rugbyamateur.fr/joueur/noah-david/
Régionale 1,Saint-Flour,Jules FAYON,Ailier,N/A
Régionale 1,Saint-Flour,Virginie ASTIER,Deuxième ligne,https://rugbyamateur.fr/joueur/virginie-astier/
Régionale 1,Saint-Flour,Eva BASTID,Pilier,https://rugbyamateur.fr/joueur/eva-bastid/
Régionale 1,Saint-Flour,Elise BEAUFORT,Pilier,https://rugbyamateur.fr/joueur/elise-beaufort/
Régionale 1,Saint-Flour,Leonie CHARDAYRE,N/A,N/A
Régionale 1,La Motte-Servolex,Noe BADIA,N/A,N/A
Régionale 1,La Motte-Servolex,Meli ANTIGNAC,Arrière,https://rugbyamateur.fr/joueur/meli-antignac/
Régionale 1,La Motte-Servolex,Victor BERLIOZ,Ailier,https://rugbyamateur.fr/joueur/victor-berlioz/
Régionale 1,La Motte-Servolex,Julien BERNARD COLOMBAT,Demi de mêlée,https://rugbyamateur.fr/joueur/julien-bernard-colombat/
Régionale 1,La Motte-Servolex,Arthur BLANCKAERT,Pilier,https://rugbyamateur.fr/joueur/arthur-blanckaert/
Régionale 1,La Motte-Servolex,Clement BOCQUIN,Troisième ligne,https://rugbyamateur.fr/joueur/clement-bocquin/
Régionale 1,La Motte-Servolex,Louis BRIVET,Troisième ligne,https://rugbyamateur.fr/joueur/louis-brivet/
Régionale 1,La Motte-Servolex,Baptiste BRUN,Pilier,N/A
Régionale 1,La Motte-Servolex,Adam BALLY,N/A,N/A
Régionale 1,Vallée du Gapeau,Alain BRULETTI,N/A,https://rugbyamateur.fr/joueur/alain-bruletti/
Régionale 1,Vallée du Gapeau,Allan CAURO,N/A,https://rugbyamateur.fr/joueur/allan-cauro/
Régionale 1,Vallée du Gapeau,Christopher CAZALON,Arrière,https://rugbyamateur.fr/joueur/christopher-cazalon/
Régionale 1,Vallée du Gapeau,Benjamin COLAS,Ailier,https://rugbyamateur.fr/joueur/benjamin-colas/
Régionale 1,Vallée du Gapeau,Julien DABAT,Centre,https://rugbyamateur.fr/joueur/julien-dabat/
Régionale 1,Vallée du Gapeau,Gaetan DELAGE,Ailier,https://rugbyamateur.fr/joueur/gaetan-delage/
Régionale 1,Vallée du Gapeau,Theo DIDIER,Pilier,https://rugbyamateur.fr/joueur/theo-didier/
Régionale 1,Vallée du Gapeau,Theo FABRE,N/A,https://rugbyamateur.fr/joueur/theo-fabre/
Régionale 1,Vallée du Gapeau,Matheo FOUCAUD,Troisième ligne,https://rugbyamateur.fr/joueur/matheo-foucaud/
Régionale 1,Vallée du Gapeau,Lucas GIPTEAU,Ailier,https://rugbyamateur.fr/joueur/lucas-gipteau/
Régionale 1,Vallée du Gapeau,Mickael LE MOIGNE,N/A,https://rugbyamateur.fr/joueur/mickael-le-moigne/
Régionale 1,Vallée du Gapeau,Jean Dominique MARCELLI,Deuxième ligne,https://rugbyamateur.fr/joueur/jean-dominique-marcelli/
Régionale 1,Vallée du Gapeau,Loris MICODA,Pilier,https://rugbyamateur.fr/joueur/loris-micoda/
Régionale 1,Vallée du Gapeau,Michael PAOLI,Pilier,https://rugbyamateur.fr/joueur/michael-paoli/
Régionale 1,Vallée du Gapeau,Pierre PAOLI,Pilier,https://rugbyamateur.fr/joueur/pierre-paoli/
Régionale 1,Vallée du Gapeau,Thomas PAOLI,N/A,https://rugbyamateur.fr/joueur/thomas-paoli/
Régionale 1,Vallée du Gapeau,Angel RODRIGUEZ,Ailier,https://rugbyamateur.fr/joueur/angel-rodriguez/
Régionale 1,Vallée du Gapeau,Alexandre SCICLUNA,Deuxième ligne,https://rugbyamateur.fr/joueur/alexandre-scicluna/
Régionale 1,Vallée du Gapeau,Enzo TONI,Talonneur,https://rugbyamateur.fr/joueur/enzo-toni/
Régionale 1,Vallée du Gapeau,Eliel AGOSTINI,N/A,https://rugbyamateur.fr/joueur/eliel-agostini/
Régionale 1,Vallée du Gapeau,Nans BOUCLY MONSEGUR,Troisième ligne,https://rugbyamateur.fr/joueur/nans-boucly-monsegur/
Régionale 1,Vallée du Gapeau,Lilian CANOVA,Demi de mêlée,https://rugbyamateur.fr/joueur/lilian-canova/
Régionale 1,Vallée du Gapeau,Quentin DISDIER,Deuxième ligne,https://rugbyamateur.fr/joueur/quentin-disdier/
Régionale 1,Vallée du Gapeau,Fabien DUMUR,Pilier,https://rugbyamateur.fr/joueur/fabien-dumur/
Régionale 1,Vallée du Gapeau,Enzo FERRERO,Demi d&#039;ouverture,https://rugbyamateur.fr/joueur/enzo-ferrero/
Régionale 1,Vallée du Gapeau,Hugo FILIATRE,Demi de mêlée,https://rugbyamateur.fr/joueur/hugo-filiatre/
Régionale 1,Vallée du Gapeau,Eliot FOSSE,Troisième ligne,https://rugbyamateur.fr/joueur/eliot-fosse/
Régionale 1,Vallée du Gapeau,Julien FOUCAUT,Troisième ligne,https://rugbyamateur.fr/joueur/julien-foucaut/
Régionale 1,Vallée du Gapeau,Nicolas FUSELIER,Centre,https://rugbyamateur.fr/joueur/nicolas-fuselier/
Régionale 1,Vallée du Gapeau,Brandon GARCIA,Pilier,https://rugbyamateur.fr/joueur/brandon-garcia/
Régionale 1,Vallée du Gapeau,Axel GWIZDOWSKI,Ailier,https://rugbyamateur.fr/joueur/axel-gwizdowski/
Régionale 1,Vallée du Gapeau,Enzo MARCANTONI,Ailier,https://rugbyamateur.fr/joueur/enzo-marcantoni/
Régionale 1,Vallée du Gapeau,Gabriel MELENCHON,Pilier,https://rugbyamateur.fr/joueur/gabriel-melenchon/
Régionale 1,Vallée du Gapeau,Marcel MELENCHON,Centre,https://rugbyamateur.fr/joueur/marcel-melenchon/
Régionale 1,Vallée du Gapeau,Matteo MIOT,Ailier,https://rugbyamateur.fr/joueur/matteo-miot/
Régionale 1,Vallée du Gapeau,Fabien PABLO,Deuxième ligne,https://rugbyamateur.fr/joueur/fabien-pablo/
Régionale 1,Vallée du Gapeau,Teo POGGIOLI,Centre,https://rugbyamateur.fr/joueur/teo-poggioli/
Régionale 1,Vallée du Gapeau,Antoine PRIETO,Pilier,https://rugbyamateur.fr/joueur/antoine-prieto/
Régionale 1,Vallée du Gapeau,Alexandre RUSSO,Deuxième ligne,https://rugbyamateur.fr/joueur/alexandre-russo/
Régionale 1,Vallée du Gapeau,Nicolas SYLVAIN,Troisième ligne,https://rugbyamateur.fr/joueur/nicolas-sylvain/
Régionale 1,Vallée du Gapeau,Corentin TOBAR,N/A,https://rugbyamateur.fr/joueur/corentin-tobar/
Régionale 1,Vallée du Gapeau,Julen UGARTEMENDIA,Talonneur,https://rugbyamateur.fr/joueur/julen-ugartemendia/
Régionale 1,Vallée du Gapeau,Thibault VENEL,Demi de mêlée,https://rugbyamateur.fr/joueur/thibault-venel/
Régionale 1,Vallée du Gapeau,Axel VIENNE,Troisième ligne,https://rugbyamateur.fr/joueur/axel-vienne/
Régionale 1,Pessac,Raphael ALOY,N/A,N/A
Régionale 1,Pessac,Joseph ANDRE,Deuxième ligne,N/A
Régionale 1,Garches Vaucresson,Severin Mathias Marie AGOPIAN,Deuxième ligne,https://rugbyamateur.fr/joueur/severin-mathias-marie-agopian/
Régionale 1,Garches Vaucresson,Theodore Marie Joseph ARNAUD,Ailier,https://rugbyamateur.fr/joueur/theodore-marie-joseph-arnaud/
Régionale 1,Garches Vaucresson,Martin Ewen Joseph BELET,Demi de mêlée,https://rugbyamateur.fr/joueur/martin-ewen-joseph-belet/
Régionale 1,Garches Vaucresson,Ewaky Jean Edgar BOUKPESSI,N/A,N/A
Régionale 1,Garches Vaucresson,Hugo Rene Robert BEAUMER,Talonneur,https://rugbyamateur.fr/joueur/hugo-rene-robert-beaumer/
Régionale 1,Garches Vaucresson,Louis BERGE,Deuxième ligne,https://rugbyamateur.fr/joueur/louis-berge/
Régionale 1,Garches Vaucresson,Henri BODIN,Talonneur,https://rugbyamateur.fr/joueur/henri-bodin/
Régionale 1,Garches Vaucresson,Hugues BOUSQUET,Deuxième ligne,https://rugbyamateur.fr/joueur/hugues-bousquet/
Régionale 1,Garches Vaucresson,Martin BRUNEL,Deuxième ligne,https://rugbyamateur.fr/joueur/martin-brunel/
Régionale 1,Garches Vaucresson,Martin CADE SOUPEZ,Demi d&#039;ouverture,https://rugbyamateur.fr/joueur/martin-cade-soupez/
Régionale 1,Garches Vaucresson,Kevin CARREAUX,Pilier,https://rugbyamateur.fr/joueur/kevin-carreaux/
Régionale 1,Garches Vaucresson,Charles CASTAGNE,Demi d&#039;ouverture,https://rugbyamateur.fr/joueur/charles-castagne/
Régionale 1,Garches Vaucresson,Guillaume CHATEAU,Centre,N/A
Régionale 1,Garches Vaucresson,Emile BOURBOTTE,Pilier,https://rugbyamateur.fr/joueur/emile-bourbotte/
Régionale 1,Garches Vaucresson,Mathys CORVISIER,Deuxième ligne,https://rugbyamateur.fr/joueur/mathys-corvisier/
Régionale 1,Garches Vaucresson,Oscar Alexandre Philippe DAMEZ FONTAINE,Ailier,https://rugbyamateur.fr/joueur/oscar-alexandre-philippe-damez-fontaine/
Régionale 1,Garches Vaucresson,Mishka DUKAEZ,Ailier,https://rugbyamateur.fr/joueur/mishka-dukaez/
Régionale 1,Garches Vaucresson,Matthieu Jean Marie Vaclav FRANCOIS,Demi de mêlée,https://rugbyamateur.fr/joueur/matthieu-jean-marie-vaclav-francois/
Régionale 1,Garches Vaucresson,Aaron Paul GRASMICK,Talonneur,https://rugbyamateur.fr/joueur/aaron-paul-grasmick/
Régionale 1,Garches Vaucresson,Marin Jean Baptiste Paul Marie HOUETTE,Ailier,https://rugbyamateur.fr/joueur/marin-jean-baptiste-paul-marie-houette/
Régionale 1,Garches Vaucresson,Theophile INGOLD,N/A,https://rugbyamateur.fr/joueur/theophile-ingold/
Régionale 1,Garches Vaucresson,Maxence JOUNOT,Troisième ligne,https://rugbyamateur.fr/joueur/maxence-jounot/
Régionale 1,Garches Vaucresson,Melchior LECOMTE,N/A,https://rugbyamateur.fr/joueur/melchior-lecomte/
Régionale 1,Garches Vaucresson,Paul Charles Andre LEMOINE,N/A,N/A
Régionale 1,E M D  Plaine de L Ain,Yoann BADIOU,Demi d&#039;ouverture,https://rugbyamateur.fr/joueur/yoann-badiou/
Régionale 1,E M D  Plaine de L Ain,Maxime BUNOD,Ailier,https://rugbyamateur.fr/joueur/maxime-bunod/
Régionale 1,E M D  Plaine de L Ain,Lucas CATALDO,Troisième ligne,https://rugbyamateur.fr/joueur/lucas-cataldo/
Régionale 1,E M D  Plaine de L Ain,Gordon CHAVENT,Troisième ligne,https://rugbyamateur.fr/joueur/gordon-chavent/
Régionale 1,E M D  Plaine de L Ain,Aurelien DEMARTHE,Ailier,https://rugbyamateur.fr/joueur/aurelien-demarthe/
Régionale 1,E M D  Plaine de L Ain,Clement FORESTIER,Deuxième ligne,https://rugbyamateur.fr/joueur/clement-forestier/
Régionale 1,E M D  Plaine de L Ain,Romain GERBE,Troisième ligne,https://rugbyamateur.fr/joueur/romain-gerbe/
Régionale 1,E M D  Plaine de L Ain,Julien GIORDANO,N/A,N/A
Régionale 1,E M D  Plaine de L Ain,Samuel ANDRE CHARLIN,Troisième ligne,https://rugbyamateur.fr/joueur/samuel-andre-charlin/
Régionale 1,E M D  Plaine de L Ain,Lucian BARANI,Ailier,https://rugbyamateur.fr/joueur/lucian-barani/
Régionale 1,E M D  Plaine de L Ain,Matheo BUCHER,Ailier,N/A
Régionale 1,Saint-Gaudens,Elsa ARNOULD,Centre,https://rugbyamateur.fr/joueur/elsa-arnould/
Régionale 1,Saint-Gaudens,Lola BABOULET,N/A,N/A
Régionale 1,Paris XO,Leo ANTOINE,Troisième ligne,https://rugbyamateur.fr/joueur/leo-antoine/
Régionale 1,Paris XO,Noe AURIOL DESMULIER,Talonneur,N/A
Régionale 1,Paris XO,Auguste Henri Marc AUSTRUY,Demi de mêlée,https://rugbyamateur.fr/joueur/auguste-henri-marc-austruy/
Régionale 1,Paris XO,Cesar BERNET BURCKEL,Demi d&#039;ouverture,https://rugbyamateur.fr/joueur/cesar-bernet-burckel/
Régionale 1,Paris XO,Killian BORDAGARAY,Deuxième ligne,https://rugbyamateur.fr/joueur/killian-bordagaray/
Régionale 1,Paris XO,Kenji Eli Martial BOUIGUEROURENE,Deuxième ligne,https://rugbyamateur.fr/joueur/kenji-eli-martial-bouiguerourene/
Régionale 1,Paris XO,Leo Guy BOURBOTTE,Deuxième ligne,https://rugbyamateur.fr/joueur/leo-guy-bourbotte/
Régionale 1,Paris XO,Yuma BRICENO BOUSQUET,N/A,https://rugbyamateur.fr/joueur/yuma-briceno-bousquet/
Régionale 1,Paris XO,Leo Nicolas Andre CAUQUIL,Demi d&#039;ouverture,https://rugbyamateur.fr/joueur/leo-nicolas-andre-cauquil/
Régionale 1,Paris XO,Bastien Thibault CZAINSKI,Deuxième ligne,https://rugbyamateur.fr/joueur/bastien-thibault-czainski/
Régionale 1,Paris XO,Eugene DELFOSSE,Ailier,https://rugbyamateur.fr/joueur/eugene-delfosse/
Régionale 1,Paris XO,Bixente DURAND,Talonneur,https://rugbyamateur.fr/joueur/bixente-durand/
Régionale 1,Paris XO,Maxence Gerard Herve Sebastien FAUCHARD,Troisième ligne,https://rugbyamateur.fr/joueur/maxence-gerard-herve-sebastien-fauchard/
Régionale 1,Paris XO,Mike FOGHENBOUO,Pilier,https://rugbyamateur.fr/joueur/mike-foghenbouo/
Régionale 1,Paris XO,Subro GHOSH,Arrière,https://rugbyamateur.fr/joueur/subro-ghosh/
Régionale 1,Paris XO,Valentin Christophe Clement GOUJON,Arrière,https://rugbyamateur.fr/joueur/valentin-christophe-clement-goujon/
Régionale 1,Paris XO,Quentin HAIE BOLBACH,Ailier,https://rugbyamateur.fr/joueur/quentin-haie-bolbach/
Régionale 1,Paris XO,Jules JAUNET,Centre,https://rugbyamateur.fr/joueur/jules-jaunet/
Régionale 1,Paris XO,Ammar KESHK,N/A,N/A
Régionale 1,Paris XO,Leo AKLOUCHE,Demi d&#039;ouverture,https://rugbyamateur.fr/joueur/leo-aklouche/
Régionale 1,Paris XO,Mehdy Nael BAKRIM,Pilier,https://rugbyamateur.fr/joueur/mehdy-nael-bakrim/
Régionale 1,Paris XO,Sacha Bruno BOUFFARD,Talonneur,https://rugbyamateur.fr/joueur/sacha-bruno-bouffard/
Régionale 1,Paris XO,Marcus CANAT,Deuxième ligne,https://rugbyamateur.fr/joueur/marcus-canat/
Régionale 1,Paris XO,David CHAUVEAU,Troisième ligne,https://rugbyamateur.fr/joueur/david-chauveau/
Régionale 1,Paris XO,Wassin CHEMOUNE,Pilier,N/A
Régionale 1,Vallée du Girou,Alexis ARMARY,Troisième ligne,https://rugbyamateur.fr/joueur/alexis-armary/
Régionale 1,Vallée du Girou,Paul AUTHIER,Centre,N/A
Régionale 1,Vallée du Girou,Gabriel BENDAOUD,N/A,https://rugbyamateur.fr/joueur/gabriel-bendaoud/
Régionale 1,Vallée du Girou,Eliot BESSOU,Centre,https://rugbyamateur.fr/joueur/eliot-bessou/
Régionale 1,Vallée du Girou,Tristan BEWICK,N/A,https://rugbyamateur.fr/joueur/tristan-bewick/
Régionale 1,Vallée du Girou,Yanis BOURAS,Pilier,https://rugbyamateur.fr/joueur/yanis-bouras/
Régionale 1,Vallée du Girou,Aubin CARBONNE,Ailier,https://rugbyamateur.fr/joueur/aubin-carbonne/
Régionale 1,Vallée du Girou,Vadim CHEVALIER,N/A,https://rugbyamateur.fr/joueur/vadim-chevalier/
Régionale 1,Vallée du Girou,Achille CLEMENT,N/A,https://rugbyamateur.fr/joueur/achille-clement/
Régionale 1,Vallée du Girou,Romain COSTAMAGNA,Pilier,https://rugbyamateur.fr/joueur/romain-costamagna/
Régionale 1,Vallée du Girou,Gauthier COUCOUREUX,Centre,https://rugbyamateur.fr/joueur/gauthier-coucoureux/
Régionale 1,Vallée du Girou,Arthur COUSTILLAS,Talonneur,https://rugbyamateur.fr/joueur/arthur-coustillas/
Régionale 1,Vallée du Girou,Louis CULLET MICHAU,Troisième ligne,https://rugbyamateur.fr/joueur/louis-cullet-michau/
Régionale 1,Vallée du Girou,Jules DELLA SIEGA,Ailier,https://rugbyamateur.fr/joueur/jules-della-siega/
Régionale 1,Vallée du Girou,Zama DEMBELE,Ailier,https://rugbyamateur.fr/joueur/zama-dembele/
Régionale 1,Vallée du Girou,David FAURE,Arrière,https://rugbyamateur.fr/joueur/david-faure/
Régionale 1,Vallée du Girou,Leo GASTON GEFFROY,N/A,https://rugbyamateur.fr/joueur/leo-gaston-geffroy/
Régionale 1,Vallée du Girou,Mateo GIGNOUX,Deuxième ligne,https://rugbyamateur.fr/joueur/mateo-gignoux/
Régionale 1,Vallée du Girou,Sacha GLANDOR,Demi de mêlée,https://rugbyamateur.fr/joueur/sacha-glandor/
Régionale 1,Vallée du Girou,Gabriel HERNANDEZ,Demi de mêlée,https://rugbyamateur.fr/joueur/gabriel-hernandez/
Régionale 1,Vallée du Girou,Raphael LANNE TOUYAGUE,Ailier,https://rugbyamateur.fr/joueur/raphael-lanne-touyague/
Régionale 1,Vallée du Girou,Andreas MOTHES SCHWAB,Troisième ligne,https://rugbyamateur.fr/joueur/andreas-mothes-schwab/
Régionale 1,Vallée du Girou,Oscar MUGUET,Troisième ligne,https://rugbyamateur.fr/joueur/oscar-muguet/
Régionale 1,Vallée du Girou,Timeo NAUDY,Troisième ligne,https://rugbyamateur.fr/joueur/timeo-naudy/
Régionale 1,Vallée du Girou,Dylan PETITFRERE,N/A,https://rugbyamateur.fr/joueur/dylan-petitfrere/
Régionale 1,Vallée du Girou,Theo PEYRARD,Deuxième ligne,https://rugbyamateur.fr/joueur/theo-peyrard/
Régionale 1,Vallée du Girou,Thomas SANZ,Demi d&#039;ouverture,https://rugbyamateur.fr/joueur/thomas-sanz/
Régionale 1,Vallée du Girou,Lucas TREBERN,Deuxième ligne,https://rugbyamateur.fr/joueur/lucas-trebern/
Régionale 1,Vallée du Girou,Nathan VAUTOUR,N/A,https://rugbyamateur.fr/joueur/nathan-vautour/
Régionale 1,Vallée du Girou,Emma BARENCOURT,Troisième ligne,N/A
Régionale 1,Vallée du Girou,Dorian ANGLADE,Pilier,https://rugbyamateur.fr/joueur/dorian-anglade/
Régionale 1,Vallée du Girou,Valentin ANGLADE,Talonneur,https://rugbyamateur.fr/joueur/valentin-anglade/
Régionale 1,Vallée du Girou,Diego BAGUES,Arrière,https://rugbyamateur.fr/joueur/diego-bagues/
Régionale 1,Vallée du Girou,Nicolas BEURIER,Deuxième ligne,https://rugbyamateur.fr/joueur/nicolas-beurier/
Régionale 1,Vallée du Girou,Leny BRITO PITARCH,N/A,https://rugbyamateur.fr/joueur/leny-brito-pitarch/
Régionale 1,Vallée du Girou,Paolo CAZENEUVE MASALA,Pilier,https://rugbyamateur.fr/joueur/paolo-cazeneuve-masala/
Régionale 1,Vallée du Girou,Tiago CERRATO VEROS,Troisième ligne,https://rugbyamateur.fr/joueur/tiago-cerrato-veros/
Régionale 1,Vallée du Girou,Thomas COMBIER,Deuxième ligne,https://rugbyamateur.fr/joueur/thomas-combier/
Régionale 1,Vallée du Girou,Noah COUGET ALESSI,Troisième ligne,https://rugbyamateur.fr/joueur/noah-couget-alessi/
Régionale 1,Vallée du Girou,Roman DUVAL ESCAUTIER,Ailier,https://rugbyamateur.fr/joueur/roman-duval-escautier/
Régionale 1,Vallée du Girou,Adrien ESCALLIER,Deuxième ligne,https://rugbyamateur.fr/joueur/adrien-escallier/
Régionale 1,Vallée du Girou,Louis FAUCHER,Demi de mêlée,https://rugbyamateur.fr/joueur/louis-faucher/
Régionale 1,Vallée du Girou,Matheo GUIET,Centre,https://rugbyamateur.fr/joueur/matheo-guiet/
Régionale 1,Vallée du Girou,Rafael GUYADER,Ailier,https://rugbyamateur.fr/joueur/rafael-guyader/
Régionale 1,Vallée du Girou,Gabin GUYOT,Troisième ligne,https://rugbyamateur.fr/joueur/gabin-guyot/
Régionale 1,Vallée du Girou,Thomas HANGARD,N/A,https://rugbyamateur.fr/joueur/thomas-hangard/
Régionale 1,Vallée du Girou,Noah LAMOUREUX,Talonneur,https://rugbyamateur.fr/joueur/noah-lamoureux/
Régionale 1,Vallée du Girou,Leo Paul MALARET,Centre,https://rugbyamateur.fr/joueur/leo-paul-malaret/
Régionale 1,Vallée du Girou,Alexandre MARGUERY,Centre,https://rugbyamateur.fr/joueur/alexandre-marguery/
Régionale 1,Vallée du Girou,Tristan MONDON,Demi d&#039;ouverture,https://rugbyamateur.fr/joueur/tristan-mondon/
Régionale 1,Vallée du Girou,Joris MULLER,N/A,https://rugbyamateur.fr/joueur/joris-muller/
Régionale 1,Vallée du Girou,Noah NEVES FORTES,N/A,https://rugbyamateur.fr/joueur/noah-neves-fortes/
Régionale 1,Vallée du Girou,Maxence RAYMONDIS,N/A,N/A
Régionale 1,Nancy-Seichams,Bastien ACKER,Centre,https://rugbyamateur.fr/joueur/bastien-acker/
Régionale 1,Nancy-Seichams,Murat ALTUN,Troisième ligne,https://rugbyamateur.fr/joueur/murat-altun/
Régionale 1,Nancy-Seichams,Ciprian ANDREI,Arrière,https://rugbyamateur.fr/joueur/ciprian-andrei/
Régionale 1,Nancy-Seichams,Andrew ANTONI,Troisième ligne,https://rugbyamateur.fr/joueur/andrew-antoni/
Régionale 1,Nancy-Seichams,Tony BALTHAZARD,Pilier,https://rugbyamateur.fr/joueur/tony-balthazard/
Régionale 1,Nancy-Seichams,Thomas BAUMANN,Ailier,https://rugbyamateur.fr/joueur/thomas-baumann/
Régionale 1,Nancy-Seichams,Charles Aaron BERGMANN,Centre,https://rugbyamateur.fr/joueur/charles-aaron-bergmann/
Régionale 1,Nancy-Seichams,Florian BOLLI,Pilier,N/A
Régionale 1,Nancy-Seichams,Yohan FLEURENTIN,Troisième ligne,https://rugbyamateur.fr/joueur/yohan-fleurentin/
Régionale 1,Nancy-Seichams,Ulrich GEORGEOT,Ailier,https://rugbyamateur.fr/joueur/ulrich-georgeot/
Régionale 1,Nancy-Seichams,Nina BERKA,Centre,https://rugbyamateur.fr/joueur/nina-berka/
Régionale 1,Nancy-Seichams,Margot BEUTLER,Demi d&#039;ouverture,https://rugbyamateur.fr/joueur/margot-beutler/
Régionale 1,Nancy-Seichams,Lisa BONNAL CLAUDE,N/A,N/A
Régionale 1,Nancy-Seichams,Melissande BECQUES,Talonneur,N/A
Régionale 1,Nancy-Seichams,Mauro AMBIEHL THOUVENIN,N/A,N/A
Régionale 1,RHONE SPORTI,Hatem ABDESSAMAD,Deuxième ligne,https://rugbyamateur.fr/joueur/hatem-abdessamad/
Régionale 1,RHONE SPORTI,Morgan ALBELDA HAGAN,Deuxième ligne,https://rugbyamateur.fr/joueur/morgan-albelda-hagan/
Régionale 1,RHONE SPORTI,Jules BACONNIER,Deuxième ligne,https://rugbyamateur.fr/joueur/jules-baconnier/
Régionale 1,RHONE SPORTI,Noa BAGNIS,Ailier,https://rugbyamateur.fr/joueur/noa-bagnis/
Régionale 1,RHONE SPORTI,Adam BARBEY,Ailier,https://rugbyamateur.fr/joueur/adam-barbey/
Régionale 1,RHONE SPORTI,Rafael BARGAS,Troisième ligne,https://rugbyamateur.fr/joueur/rafael-bargas/
Régionale 1,RHONE SPORTI,Rayan BOUATTIA,Deuxième ligne,N/A
Régionale 1,ES Lembeye,Lucas ARAMBURU,Ailier,https://rugbyamateur.fr/joueur/lucas-aramburu/
Régionale 1,ES Lembeye,Paul ARTIGUES,Demi de mêlée,https://rugbyamateur.fr/joueur/paul-artigues/
Régionale 1,ES Lembeye,Arthur BARRAU PIONICA,Centre,https://rugbyamateur.fr/joueur/arthur-barrau-pionica/
Régionale 1,ES Lembeye,Quentin BROUCARET,N/A,https://rugbyamateur.fr/joueur/quentin-broucaret/
Régionale 1,ES Lembeye,Jean BUFFIN,Talonneur,https://rugbyamateur.fr/joueur/jean-buffin/
Régionale 1,ES Lembeye,Livio CHARTIER,Ailier,https://rugbyamateur.fr/joueur/livio-chartier/
Régionale 1,ES Lembeye,Camille DATCHARY,N/A,https://rugbyamateur.fr/joueur/camille-datchary/
Régionale 1,ES Lembeye,Tom DUBERTRAND,N/A,https://rugbyamateur.fr/joueur/tom-dubertrand/
Régionale 1,ES Lembeye,Emile DUBUS LATAPIE,Troisième ligne,https://rugbyamateur.fr/joueur/emile-dubus-latapie/
Régionale 1,ES Lembeye,Nolan GARCIA,Troisième ligne,https://rugbyamateur.fr/joueur/nolan-garcia/
Régionale 1,ES Lembeye,Florian LA FERE HARISTOY,Pilier,https://rugbyamateur.fr/joueur/florian-la-fere-haristoy/
Régionale 1,ES Lembeye,Noe LAHORGUE,Centre,https://rugbyamateur.fr/joueur/noe-lahorgue/
Régionale 1,ES Lembeye,Mylon LAVILLE,Ailier,https://rugbyamateur.fr/joueur/mylon-laville/
Régionale 1,ES Lembeye,Timeo MENGELLE,Deuxième ligne,https://rugbyamateur.fr/joueur/timeo-mengelle/
Régionale 1,ES Lembeye,Dorian PONNAU,Demi d&#039;ouverture,https://rugbyamateur.fr/joueur/dorian-ponnau/
Régionale 1,ES Lembeye,Louka RIBAULT LANCELOT,Troisième ligne,https://rugbyamateur.fr/joueur/louka-ribault-lancelot/
Régionale 1,ES Lembeye,Titouan SANTAMARIA,Arrière,https://rugbyamateur.fr/joueur/titouan-santamaria/
Régionale 1,ES Lembeye,Titouan SUBERBIE,Ailier,https://rugbyamateur.fr/joueur/titouan-suberbie/
Régionale 1,ES Lembeye,Pierre TORTIGUE,Deuxième ligne,https://rugbyamateur.fr/joueur/pierre-tortigue/
Régionale 1,ES Lembeye,Maxime VIGREUX,Deuxième ligne,https://rugbyamateur.fr/joueur/maxime-vigreux/
Régionale 1,ES Lembeye,Noe ZURITA,Deuxième ligne,https://rugbyamateur.fr/joueur/noe-zurita/
Régionale 1,ES Lembeye,Paul ABADIE,Troisième ligne,https://rugbyamateur.fr/joueur/paul-abadie/
Régionale 1,ES Lembeye,Lino AMADIEU,N/A,https://rugbyamateur.fr/joueur/lino-amadieu/
Régionale 1,ES Lembeye,Julien ARTIGANAVE,Pilier,https://rugbyamateur.fr/joueur/julien-artiganave/
Régionale 1,ES Lembeye,Matys CAPDEVILLE DIGARD,Pilier,https://rugbyamateur.fr/joueur/matys-capdeville-digard/
Régionale 1,ES Lembeye,Arthur CASSOU,Ailier,https://rugbyamateur.fr/joueur/arthur-cassou/
Régionale 1,ES Lembeye,Henri CAZENAVE,Centre,https://rugbyamateur.fr/joueur/henri-cazenave/
Régionale 1,ES Lembeye,Jean DALBERNY,Talonneur,https://rugbyamateur.fr/joueur/jean-dalberny/
Régionale 1,ES Lembeye,Thomas DESTOUESSE,Centre,https://rugbyamateur.fr/joueur/thomas-destouesse/
Régionale 1,ES Lembeye,Pierre GAYAN,Demi de mêlée,https://rugbyamateur.fr/joueur/pierre-gayan/
Régionale 1,ES Lembeye,Ulysse GAYRAUD,Deuxième ligne,https://rugbyamateur.fr/joueur/ulysse-gayraud/
Régionale 1,ES Lembeye,Alexis GOUYEN CASSOU,Centre,https://rugbyamateur.fr/joueur/alexis-gouyen-cassou/
Régionale 1,ES Lembeye,Vincent LADEVEZE,Ailier,https://rugbyamateur.fr/joueur/vincent-ladeveze/
Régionale 1,ES Lembeye,Mathis LAFENETRE,Pilier,https://rugbyamateur.fr/joueur/mathis-lafenetre/
Régionale 1,ES Lembeye,Thibaut LAGOUARDETTE,Troisième ligne,https://rugbyamateur.fr/joueur/thibaut-lagouardette/
Régionale 1,ES Lembeye,Titoan LARBANES,Deuxième ligne,https://rugbyamateur.fr/joueur/titoan-larbanes/
Régionale 1,ES Lembeye,Cedric LATAPIE,Ailier,https://rugbyamateur.fr/joueur/cedric-latapie/
Régionale 1,ES Lembeye,Thibo LESFAURIES,Troisième ligne,https://rugbyamateur.fr/joueur/thibo-lesfauries/
Régionale 1,ES Lembeye,Lucien LOSTE,Deuxième ligne,N/A
Régionale 1,ES Lembeye,Benoit AUBERT DUTHEN,Troisième ligne,https://rugbyamateur.fr/joueur/benoit-aubert-duthen/
Régionale 1,ES Lembeye,Clement AUBERT DUTHEN,Troisième ligne,https://rugbyamateur.fr/joueur/clement-aubert-duthen/
Régionale 1,ES Lembeye,Yohan BECHACQ,Centre,https://rugbyamateur.fr/joueur/yohan-bechacq/
Régionale 1,ES Lembeye,Alexis BEN ALLAL,Troisième ligne,https://rugbyamateur.fr/joueur/alexis-ben-allal/
Régionale 1,ES Lembeye,Max BERAT,Troisième ligne,https://rugbyamateur.fr/joueur/max-berat/
Régionale 1,ES Lembeye,Yoann BRET DIBAT,Troisième ligne,https://rugbyamateur.fr/joueur/yoann-bret-dibat/
Régionale 1,ES Lembeye,Lucas CONDOTTA,Talonneur,https://rugbyamateur.fr/joueur/lucas-condotta/
Régionale 1,ES Lembeye,Thomas CONQUEDO,Ailier,https://rugbyamateur.fr/joueur/thomas-conquedo/
Régionale 1,ES Lembeye,Loic DABADIE,Pilier,https://rugbyamateur.fr/joueur/loic-dabadie/
Régionale 1,ES Lembeye,Thomas DABADIE,Pilier,https://rugbyamateur.fr/joueur/thomas-dabadie/
Régionale 1,ES Lembeye,Lohan DARBO,Demi d&#039;ouverture,https://rugbyamateur.fr/joueur/lohan-darbo/
Régionale 1,ES Lembeye,Louis DAUGREILH,Deuxième ligne,https://rugbyamateur.fr/joueur/louis-daugreilh/
Régionale 1,ES Lembeye,Florent DELUC,Deuxième ligne,https://rugbyamateur.fr/joueur/florent-deluc/
Régionale 1,ES Lembeye,Titouan DUCASSE,Troisième ligne,https://rugbyamateur.fr/joueur/titouan-ducasse/
Régionale 1,ES Lembeye,Vincent FROUTE,Pilier,https://rugbyamateur.fr/joueur/vincent-froute/
Régionale 1,ES Lembeye,Matheo LABAT,Centre,https://rugbyamateur.fr/joueur/matheo-labat/
Régionale 1,ES Lembeye,Remy LABAT,Demi d&#039;ouverture,https://rugbyamateur.fr/joueur/remy-labat/
Régionale 1,ES Lembeye,Baptiste LACASSAGNE,Deuxième ligne,https://rugbyamateur.fr/joueur/baptiste-lacassagne/
Régionale 1,ES Lembeye,Hugo LACOSTE,Deuxième ligne,https://rugbyamateur.fr/joueur/hugo-lacoste/
Régionale 1,ES Lembeye,Alexis LONG,Deuxième ligne,https://rugbyamateur.fr/joueur/alexis-long/
Régionale 1,ES Lembeye,Samuel LONG,Centre,https://rugbyamateur.fr/joueur/samuel-long/
Régionale 1,ES Lembeye,Logan MANAUD,Ailier,https://rugbyamateur.fr/joueur/logan-manaud/
Régionale 1,ES Lembeye,Axel MIRAMONT,Arrière,https://rugbyamateur.fr/joueur/axel-miramont/
Régionale 1,ES Lembeye,Justin MOLONGUET,Ailier,https://rugbyamateur.fr/joueur/justin-molonguet/
Régionale 1,ES Lembeye,Arnaud MONPLAISIR JANTROY,Demi de mêlée,https://rugbyamateur.fr/joueur/arnaud-monplaisir-jantroy/
Régionale 1,ES Lembeye,Jean MONSEGU,Pilier,https://rugbyamateur.fr/joueur/jean-monsegu/
Régionale 1,ES Lembeye,Cedric MORIN,Demi de mêlée,https://rugbyamateur.fr/joueur/cedric-morin/
Régionale 1,ES Lembeye,Lucas PASSINELLI,Pilier,https://rugbyamateur.fr/joueur/lucas-passinelli/
Régionale 1,ES Lembeye,Matheo POUYAU,Troisième ligne,https://rugbyamateur.fr/joueur/matheo-pouyau/
Régionale 1,ES Lembeye,Tristan PUYO,Centre,https://rugbyamateur.fr/joueur/tristan-puyo/
Régionale 1,ES Lembeye,Clement REY,Troisième ligne,https://rugbyamateur.fr/joueur/clement-rey/
Régionale 1,ES Lembeye,Pierre TOULET BLANQUET,Talonneur,https://rugbyamateur.fr/joueur/pierre-toulet-blanquet/
Régionale 1,ES Lembeye,Yannick VIAU,Deuxième ligne,https://rugbyamateur.fr/joueur/yannick-viau/
Régionale 1,ES Lembeye,Maxime VIGNEAU,Ailier,https://rugbyamateur.fr/joueur/maxime-vigneau/
Régionale 1,ES Lembeye,Dylan CODRON,N/A,https://rugbyamateur.fr/joueur/dylan-codron/
Régionale 1,Salaise-sur-Sanne,Mathis ALLEMANE,Arrière,N/A
Régionale 1,Salaise-sur-Sanne,Steve ARMISSOGLIO,Centre,https://rugbyamateur.fr/joueur/steve-armissoglio/
Régionale 1,Salaise-sur-Sanne,Matthias ARTHAUD,Troisième ligne,https://rugbyamateur.fr/joueur/matthias-arthaud/
Régionale 1,Salaise-sur-Sanne,Axel BADIN,Centre,https://rugbyamateur.fr/joueur/axel-badin/
Régionale 1,Salaise-sur-Sanne,Mathieu BARBATO,Centre,https://rugbyamateur.fr/joueur/mathieu-barbato/
Régionale 1,Salaise-sur-Sanne,Mathias BASTIDE,Deuxième ligne,N/A
Régionale 1,Salaise-sur-Sanne,Titouan ASTIER,Talonneur,https://rugbyamateur.fr/joueur/titouan-astier/
Régionale 1,Salaise-sur-Sanne,Isimeli BALEINADOGO,Troisième ligne,https://rugbyamateur.fr/joueur/isimeli-baleinadogo/
Régionale 1,Salaise-sur-Sanne,Sandro BARBATO,Demi de mêlée,https://rugbyamateur.fr/joueur/sandro-barbato/
Régionale 1,Salaise-sur-Sanne,Robin BARBE,N/A,N/A
Régionale 1,TLA,Leo AMPEN,Ailier,https://rugbyamateur.fr/joueur/leo-ampen/
Régionale 1,TLA,Matteo BARRIOS DUDOGNON,Deuxième ligne,https://rugbyamateur.fr/joueur/matteo-barrios-dudognon/
Régionale 1,TLA,Tom BESSIERE,Demi d&#039;ouverture,https://rugbyamateur.fr/joueur/tom-bessiere/
Régionale 1,TLA,Raphael BREHIN,Pilier,https://rugbyamateur.fr/joueur/raphael-brehin/
Régionale 1,TLA,Arthur BRILLOUET,Demi de mêlée,https://rugbyamateur.fr/joueur/arthur-brillouet/
Régionale 1,TLA,Baptiste CAUNES,Pilier,https://rugbyamateur.fr/joueur/baptiste-caunes/
Régionale 1,TLA,Noah DARDENNE,Troisième ligne,https://rugbyamateur.fr/joueur/noah-dardenne/
Régionale 1,TLA,Lucas DUPRAT,Deuxième ligne,https://rugbyamateur.fr/joueur/lucas-duprat/
Régionale 1,TLA,Marley GARCIA DE ANDRADE,Ailier,https://rugbyamateur.fr/joueur/marley-garcia-de-andrade/
Régionale 1,TLA,Matthieu MATTON,Deuxième ligne,https://rugbyamateur.fr/joueur/matthieu-matton/
Régionale 1,TLA,Ruben MOLINARI,Ailier,https://rugbyamateur.fr/joueur/ruben-molinari/
Régionale 1,TLA,Rayan PIRES,Talonneur,https://rugbyamateur.fr/joueur/rayan-pires/
Régionale 1,TLA,Arthur POTIER,Centre,https://rugbyamateur.fr/joueur/arthur-potier/
Régionale 1,TLA,Giuliano SOCCIO,N/A,https://rugbyamateur.fr/joueur/giuliano-soccio/
Régionale 1,TLA,Louis SOUMEILHAN,Demi d&#039;ouverture,https://rugbyamateur.fr/joueur/louis-soumeilhan/
Régionale 1,TLA,Leon TAILLADE,Centre,https://rugbyamateur.fr/joueur/leon-taillade/
Régionale 1,TLA,Thomas ANFOSSO,Pilier,https://rugbyamateur.fr/joueur/thomas-anfosso/
Régionale 1,TLA,Anthony AUER,Arrière,https://rugbyamateur.fr/joueur/anthony-auer/
Régionale 1,TLA,Hugo BASTOUILH,Demi d&#039;ouverture,https://rugbyamateur.fr/joueur/hugo-bastouilh/
Régionale 1,TLA,Ibrahim BELKROUKRA,Pilier,https://rugbyamateur.fr/joueur/ibrahim-belkroukra/
Régionale 1,TLA,Bruno BELLUZZO,Talonneur,https://rugbyamateur.fr/joueur/bruno-belluzzo/
Régionale 1,TLA,Thibaut BENAZECH,Troisième ligne,https://rugbyamateur.fr/joueur/thibaut-benazech/
Régionale 1,TLA,Aimane BOUHADJA,Demi de mêlée,https://rugbyamateur.fr/joueur/aimane-bouhadja/
Régionale 1,TLA,Theo BOUSQUET,Arrière,https://rugbyamateur.fr/joueur/theo-bousquet/
Régionale 1,TLA,Quentin COSTAGLIOLA,Pilier,https://rugbyamateur.fr/joueur/quentin-costagliola/
Régionale 1,TLA,Jeremy DA SILVA,Demi d&#039;ouverture,https://rugbyamateur.fr/joueur/jeremy-da-silva/
Régionale 1,TLA,Stanislas DAILLEDOUZE,Deuxième ligne,https://rugbyamateur.fr/joueur/stanislas-dailledouze/
Régionale 1,TLA,Enzo DELCOUDERC,Ailier,https://rugbyamateur.fr/joueur/enzo-delcouderc/
Régionale 1,TLA,Lorys DELFOUR,Centre,N/A
Régionale 1,TLA,Mathys DELRIEU,Talonneur,https://rugbyamateur.fr/joueur/mathys-delrieu/
Régionale 1,TLA,Thibault VALET,Talonneur,https://rugbyamateur.fr/joueur/thibault-valet/
Régionale 1,Egletons,Leon AUCONIE,Deuxième ligne,https://rugbyamateur.fr/joueur/leon-auconie/
Régionale 1,Egletons,Louis AUCONIE,Centre,https://rugbyamateur.fr/joueur/louis-auconie/
Régionale 1,Egletons,Anderson BELONI,Ailier,https://rugbyamateur.fr/joueur/anderson-beloni/
Régionale 1,Egletons,Paul CALLA,Centre,https://rugbyamateur.fr/joueur/paul-calla/
Régionale 1,Egletons,Mateo CARAMINOT,Ailier,https://rugbyamateur.fr/joueur/mateo-caraminot/
Régionale 1,Egletons,Baptiste CROUZETTE,Troisième ligne,N/A
Régionale 1,Egletons,Yanis ABDOU,Troisième ligne,https://rugbyamateur.fr/joueur/yanis-abdou/
Régionale 1,Egletons,Dimitri ANTRAIGUE,Troisième ligne,N/A
Régionale 1,Egletons,Mael BECHAREL,Pilier,https://rugbyamateur.fr/joueur/mael-becharel/
Régionale 1,Egletons,Nathan BECHAREL,Ailier,https://rugbyamateur.fr/joueur/nathan-becharel/
Régionale 1,Egletons,Titouan BENARD,Demi d&#039;ouverture,https://rugbyamateur.fr/joueur/titouan-benard/
Régionale 1,Egletons,Remi BORIE,Troisième ligne,https://rugbyamateur.fr/joueur/remi-borie/
Régionale 1,Egletons,Kylliane BOUQUET,Talonneur,https://rugbyamateur.fr/joueur/kylliane-bouquet/
Régionale 1,Egletons,Remy BOURNELLE,Pilier,https://rugbyamateur.fr/joueur/remy-bournelle/
Régionale 1,Egletons,Nathan CAGNAC,N/A,https://rugbyamateur.fr/joueur/nathan-cagnac/
Régionale 1,Egletons,Marius CHAUZEIX,Arrière,https://rugbyamateur.fr/joueur/marius-chauzeix/
Régionale 1,Egletons,Elie ESTRADE,Troisième ligne,https://rugbyamateur.fr/joueur/elie-estrade/
Régionale 1,Egletons,Nino FRANCILLOUT,N/A,https://rugbyamateur.fr/joueur/nino-francillout/
Régionale 1,Egletons,Hugo GAUMET LECADET,Troisième ligne,https://rugbyamateur.fr/joueur/hugo-gaumet-lecadet/
Régionale 1,Egletons,Nathys HENNEBELLE,N/A,https://rugbyamateur.fr/joueur/nathys-hennebelle/
Régionale 1,Egletons,Ethan JACOB,Centre,https://rugbyamateur.fr/joueur/ethan-jacob/
Régionale 1,Egletons,Gabin LARCHER GUITARD,N/A,https://rugbyamateur.fr/joueur/gabin-larcher-guitard/
Régionale 1,Egletons,Matteo LEDER,Centre,https://rugbyamateur.fr/joueur/matteo-leder/
Régionale 1,Egletons,Timeo MAGNAUDEIX PIVA,N/A,https://rugbyamateur.fr/joueur/timeo-magnaudeix-piva/
Régionale 1,Egletons,Lucas MODENEL,N/A,https://rugbyamateur.fr/joueur/lucas-modenel/
Régionale 1,Egletons,Achille MOUSSARD,Deuxième ligne,https://rugbyamateur.fr/joueur/achille-moussard/
Régionale 1,Egletons,Emile PERONNEAU,Deuxième ligne,https://rugbyamateur.fr/joueur/emile-peronneau/
Régionale 1,Egletons,Mathis RATELADE,Ailier,https://rugbyamateur.fr/joueur/mathis-ratelade/
Régionale 1,Egletons,Hugo STOHR,Demi de mêlée,https://rugbyamateur.fr/joueur/hugo-stohr/
Régionale 1,Egletons,Hugo TROCHET,N/A,https://rugbyamateur.fr/joueur/hugo-trochet/
Régionale 1,Egletons,Jossua BARROIRE DJORDJEVIC,Demi de mêlée,N/A
Régionale 1,Rives d&#039;Orb,Victor ALVES DE JESUS,Ailier,https://rugbyamateur.fr/joueur/victor-alves-de-jesus/
Régionale 1,Rives d&#039;Orb,Kyllian BERRAUD,Troisième ligne,https://rugbyamateur.fr/joueur/kyllian-berraud/
Régionale 1,Rives d&#039;Orb,Tom BLIN,N/A,N/A
Régionale 1,Rives d&#039;Orb,Justin AFFRE,Troisième ligne,https://rugbyamateur.fr/joueur/justin-affre/
Régionale 1,Rives d&#039;Orb,Marc ARMENGAUD,Ailier,https://rugbyamateur.fr/joueur/marc-armengaud/
Régionale 1,Rives d&#039;Orb,Mathias ARMENGAUD,Demi d&#039;ouverture,https://rugbyamateur.fr/joueur/mathias-armengaud/
Régionale 1,Rives d&#039;Orb,Bastien BEDOS,Demi de mêlée,https://rugbyamateur.fr/joueur/bastien-bedos/
Régionale 1,Rives d&#039;Orb,Clement BENEZECH,Pilier,https://rugbyamateur.fr/joueur/clement-benezech/
Régionale 1,Rives d&#039;Orb,Jules BENOIT,Demi d&#039;ouverture,N/A
Régionale 1,Rives d&#039;Orb,Victor HAGER,Arrière,https://rugbyamateur.fr/joueur/victor-hager/
Régionale 1,Rives d&#039;Orb,Lou Ann ALDEBERT,Arrière,N/A
Régionale 1,Joue,Elyne ANDRE PINOTEAU,Troisième ligne,https://rugbyamateur.fr/joueur/elyne-andre-pinoteau/
Régionale 1,Joue,Lea ASEMOTA BOTREAU,Troisième ligne,https://rugbyamateur.fr/joueur/lea-asemota-botreau/
Régionale 1,Joue,Clara BERTRAND,Ailier,N/A
Régionale 1,Joue,Alexi BUSARELLO,Troisième ligne,https://rugbyamateur.fr/joueur/alexi-busarello/
Régionale 1,Joue,Luca DE CARVALHO,Centre,https://rugbyamateur.fr/joueur/luca-de-carvalho/
Régionale 1,Joue,Arthur DESBORBES,Troisième ligne,https://rugbyamateur.fr/joueur/arthur-desborbes/
Régionale 1,Joue,Samuel DESCHAMPS,Talonneur,https://rugbyamateur.fr/joueur/samuel-deschamps/
Régionale 1,Joue,Aubin DOURTHE,Demi de mêlée,https://rugbyamateur.fr/joueur/aubin-dourthe/
Régionale 1,Joue,Lucien DUTRIEUX GIVERS,Deuxième ligne,https://rugbyamateur.fr/joueur/lucien-dutrieux-givers/
Régionale 1,Joue,Gustave GALARA,Arrière,N/A
Régionale 1,Joue,Louis BUSSONNAIS,Pilier,https://rugbyamateur.fr/joueur/louis-bussonnais/
Régionale 1,Joue,Maxence COURAULT,Centre,https://rugbyamateur.fr/joueur/maxence-courault/
Régionale 1,Joue,Jules DUPEU,Centre,https://rugbyamateur.fr/joueur/jules-dupeu/
Régionale 1,Joue,Matheo DUPUY,Talonneur,https://rugbyamateur.fr/joueur/matheo-dupuy/
Régionale 1,Joue,Samuel GRANDIN,Arrière,https://rugbyamateur.fr/joueur/samuel-grandin/
Régionale 1,Joue,Cesar HERNANDEZ,Ailier,https://rugbyamateur.fr/joueur/cesar-hernandez/
Régionale 1,Joue,Noa HONORE,N/A,https://rugbyamateur.fr/joueur/noa-honore/
Régionale 1,Joue,Timeo JOLY,Troisième ligne,https://rugbyamateur.fr/joueur/timeo-joly/
Régionale 1,Joue,Louis JUQUOIS,Ailier,https://rugbyamateur.fr/joueur/louis-juquois/
Régionale 1,Joue,Kylliane KOESE,Troisième ligne,https://rugbyamateur.fr/joueur/kylliane-koese/
Régionale 1,Joue,Louis LE BRAS,Troisième ligne,https://rugbyamateur.fr/joueur/louis-le-bras/
Régionale 1,Joue,Anselme LE SAINT,N/A,https://rugbyamateur.fr/joueur/anselme-le-saint/
Régionale 1,Joue,Alexis LEONI,Deuxième ligne,https://rugbyamateur.fr/joueur/alexis-leoni/
Régionale 1,Joue,Johann LETOURNEUR,N/A,https://rugbyamateur.fr/joueur/johann-letourneur/
Régionale 1,Joue,Arthur LOUIS,N/A,https://rugbyamateur.fr/joueur/arthur-louis/
Régionale 1,Joue,Morgan MEME,N/A,https://rugbyamateur.fr/joueur/morgan-meme/
Régionale 1,Joue,Angel MONTEIRO DA SILVA,Deuxième ligne,https://rugbyamateur.fr/joueur/angel-monteiro-da-silva/
Régionale 1,Joue,Tahyss PAYET,N/A,https://rugbyamateur.fr/joueur/tahyss-payet/
Régionale 1,Joue,Matteo PELLEMEULE,Demi d&#039;ouverture,https://rugbyamateur.fr/joueur/matteo-pellemeule/
Régionale 1,Joue,Levy PELLETIER,Pilier,https://rugbyamateur.fr/joueur/levy-pelletier/
Régionale 1,Joue,Gabriel PROUST,N/A,https://rugbyamateur.fr/joueur/gabriel-proust/
Régionale 1,Joue,Arsene REZETTE,Demi de mêlée,https://rugbyamateur.fr/joueur/arsene-rezette/
Régionale 1,L Agglomeration Cergy Pontoise,Lehousain AAMRANE,Talonneur,https://rugbyamateur.fr/joueur/lehousain-aamrane/
Régionale 1,L Agglomeration Cergy Pontoise,Meril ABELARD,Demi d&#039;ouverture,https://rugbyamateur.fr/joueur/meril-abelard/
Régionale 1,L Agglomeration Cergy Pontoise,Julien ANTONELLO,Pilier,https://rugbyamateur.fr/joueur/julien-antonello/
Régionale 1,L Agglomeration Cergy Pontoise,Damien BARRAUD,Deuxième ligne,https://rugbyamateur.fr/joueur/damien-barraud/
Régionale 1,L Agglomeration Cergy Pontoise,Corentin Jean Paul Joseph BATARD,Ailier,N/A
Régionale 1,L Agglomeration Cergy Pontoise,Remi BENKIMOUN,Deuxième ligne,https://rugbyamateur.fr/joueur/remi-benkimoun/
Régionale 1,L Agglomeration Cergy Pontoise,Enzo Claude Georges BREIL,Ailier,https://rugbyamateur.fr/joueur/enzo-claude-georges-breil/
Régionale 1,L Agglomeration Cergy Pontoise,Alexandre CLARY,Demi de mêlée,https://rugbyamateur.fr/joueur/alexandre-clary/
Régionale 1,L Agglomeration Cergy Pontoise,Gregoire CRUCHANT,Ailier,https://rugbyamateur.fr/joueur/gregoire-cruchant/
Régionale 1,L Agglomeration Cergy Pontoise,Michael CRUZ ALVES,Talonneur,N/A
Régionale 1,L Agglomeration Cergy Pontoise,Elouan Paul Tristan BLANCHARD,Arrière,https://rugbyamateur.fr/joueur/elouan-paul-tristan-blanchard/
Régionale 1,L Agglomeration Cergy Pontoise,Hugo BLONDEL,N/A,N/A
Régionale 1,L Agglomeration Cergy Pontoise,Elliot Claude Marcel BOUILHOL,Troisième ligne,https://rugbyamateur.fr/joueur/elliot-claude-marcel-bouilhol/
Régionale 1,L Agglomeration Cergy Pontoise,Olivier Roger BOURGOGNE,Centre,https://rugbyamateur.fr/joueur/olivier-roger-bourgogne/
Régionale 1,L Agglomeration Cergy Pontoise,Ewenn Baptiste Jean Rene CHANTEPIE,Centre,https://rugbyamateur.fr/joueur/ewenn-baptiste-jean-rene-chantepie/
Régionale 1,L Agglomeration Cergy Pontoise,Nathan Jacques CHICHEPORTICHE,Talonneur,https://rugbyamateur.fr/joueur/nathan-jacques-chicheportiche/
Régionale 1,L Agglomeration Cergy Pontoise,Timeo Rafael Louca CORSO,Demi d&#039;ouverture,https://rugbyamateur.fr/joueur/timeo-rafael-louca-corso/
Régionale 1,L Agglomeration Cergy Pontoise,Antonin Jacky Yves DIEUMEGARD,Troisième ligne,https://rugbyamateur.fr/joueur/antonin-jacky-yves-dieumegard/
Régionale 1,L Agglomeration Cergy Pontoise,Iban Mayeul GAUDUCHEAU,Arrière,https://rugbyamateur.fr/joueur/iban-mayeul-gauducheau/
Régionale 1,L Agglomeration Cergy Pontoise,Teo HEITZ,Troisième ligne,https://rugbyamateur.fr/joueur/teo-heitz/
Régionale 1,L Agglomeration Cergy Pontoise,Marley HOUBLON,Ailier,https://rugbyamateur.fr/joueur/marley-houblon/
Régionale 1,L Agglomeration Cergy Pontoise,Noa JULITTE,Ailier,https://rugbyamateur.fr/joueur/noa-julitte/
Régionale 1,L Agglomeration Cergy Pontoise,Gabriel KAKABADZE,Troisième ligne,https://rugbyamateur.fr/joueur/gabriel-kakabadze/
Régionale 1,L Agglomeration Cergy Pontoise,Elhadji KAMARA,Deuxième ligne,https://rugbyamateur.fr/joueur/elhadji-kamara/
Régionale 1,L Agglomeration Cergy Pontoise,Arthur KOMBOU,Pilier,https://rugbyamateur.fr/joueur/arthur-kombou/
Régionale 1,L Agglomeration Cergy Pontoise,Maxim Maurice Henri LAROCHE,Demi d&#039;ouverture,https://rugbyamateur.fr/joueur/maxim-maurice-henri-laroche/
Régionale 1,L Agglomeration Cergy Pontoise,Nicolas LUNION HONNORAT,N/A,https://rugbyamateur.fr/joueur/nicolas-lunion-honnorat/
Régionale 1,L Agglomeration Cergy Pontoise,Nahim MOUME,Pilier,https://rugbyamateur.fr/joueur/nahim-moume/
Régionale 1,L Agglomeration Cergy Pontoise,Paul RAOULT BARBIER,Demi de mêlée,https://rugbyamateur.fr/joueur/paul-raoult-barbier/
Régionale 1,L Agglomeration Cergy Pontoise,Marley RAVAZIOL,Demi de mêlée,https://rugbyamateur.fr/joueur/marley-ravaziol/
Régionale 1,L Agglomeration Cergy Pontoise,Loan RENOUD,Deuxième ligne,https://rugbyamateur.fr/joueur/loan-renoud/
Régionale 1,L Agglomeration Cergy Pontoise,Malo Guillaume ROUSSEL,N/A,https://rugbyamateur.fr/joueur/malo-guillaume-roussel/
Régionale 1,L Agglomeration Cergy Pontoise,Clement Moise MAILLARD,Ailier,https://rugbyamateur.fr/joueur/clement-moise-maillard/
Régionale 1,L Agglomeration Cergy Pontoise,Matthieu PANIS,N/A,https://rugbyamateur.fr/joueur/matthieu-panis/
Régionale 1,L Agglomeration Cergy Pontoise,Rafik YAKHLEF,N/A,https://rugbyamateur.fr/joueur/rafik-yakhlef/
Régionale 1,Orleans la Source,Robin ARBULU,Centre,https://rugbyamateur.fr/joueur/robin-arbulu/
Régionale 1,Orleans la Source,Jean AUGIER,Troisième ligne,https://rugbyamateur.fr/joueur/jean-augier/
Régionale 1,Orleans la Source,Alexis AUSTRUI,N/A,N/A
Régionale 1,Orleans la Source,Matheo BE,Ailier,https://rugbyamateur.fr/joueur/matheo-be/
Régionale 1,Orleans la Source,Clovis BERTRAND,Talonneur,https://rugbyamateur.fr/joueur/clovis-bertrand/
Régionale 1,Orleans la Source,Nicolas BLY,N/A,https://rugbyamateur.fr/joueur/nicolas-bly/
Régionale 1,Orleans la Source,Dyklan BOUVET,Ailier,https://rugbyamateur.fr/joueur/dyklan-bouvet/
Régionale 1,Orleans la Source,Liyam CANON,N/A,https://rugbyamateur.fr/joueur/liyam-canon/
Régionale 1,Orleans la Source,Timoty COTTET,N/A,https://rugbyamateur.fr/joueur/timoty-cottet/
Régionale 1,Orleans la Source,Vadim COUTARD,N/A,https://rugbyamateur.fr/joueur/vadim-coutard/
Régionale 1,Orleans la Source,Swen DA CRUZ,Pilier,https://rugbyamateur.fr/joueur/swen-da-cruz/
Régionale 1,Orleans la Source,Jason DARTIGUES,Pilier,https://rugbyamateur.fr/joueur/jason-dartigues/
Régionale 1,Orleans la Source,Yannis DELORT,Centre,https://rugbyamateur.fr/joueur/yannis-delort/
Régionale 1,Orleans la Source,Virgile FEINARD,N/A,https://rugbyamateur.fr/joueur/virgile-feinard/
Régionale 1,Orleans la Source,Pablo GOMEZ,Troisième ligne,https://rugbyamateur.fr/joueur/pablo-gomez/
Régionale 1,Orleans la Source,Louis HARDOIN,Deuxième ligne,https://rugbyamateur.fr/joueur/louis-hardoin/
Régionale 1,Orleans la Source,Alexandre KEITA,Centre,https://rugbyamateur.fr/joueur/alexandre-keita/
Régionale 1,Orleans la Source,Clement LAFFARGUE,Arrière,https://rugbyamateur.fr/joueur/clement-laffargue/
Régionale 1,Orleans la Source,Corentin LAHAYE,Troisième ligne,https://rugbyamateur.fr/joueur/corentin-lahaye/
Régionale 1,Orleans la Source,Ethan MARY,Demi de mêlée,https://rugbyamateur.fr/joueur/ethan-mary/
Régionale 1,Orleans la Source,Raphael ORDUNA,N/A,https://rugbyamateur.fr/joueur/raphael-orduna/
Régionale 1,Orleans la Source,Gael SANTERAMO,Deuxième ligne,https://rugbyamateur.fr/joueur/gael-santeramo/
Régionale 1,Orleans la Source,Thomas STRILECKI,N/A,https://rugbyamateur.fr/joueur/thomas-strilecki/
Régionale 1,Orleans la Source,Hugo SY ROLAND,N/A,https://rugbyamateur.fr/joueur/hugo-sy-roland/
Régionale 1,Orleans la Source,Paul TRIOREAU VIOLETTE,Centre,https://rugbyamateur.fr/joueur/paul-trioreau-violette/
Régionale 1,Quimper,Adem AISSAOUI,Pilier,https://rugbyamateur.fr/joueur/adem-aissaoui/
Régionale 1,Quimper,Yoann ANDRO,Demi d&#039;ouverture,N/A
Régionale 1,Quimper,Matheo BISMUTH,Ailier,https://rugbyamateur.fr/joueur/matheo-bismuth/
Régionale 1,Quimper,Brieuc COADOUR,Deuxième ligne,https://rugbyamateur.fr/joueur/brieuc-coadour/
Régionale 1,Quimper,Mazen DEBAVELAERE,Centre,https://rugbyamateur.fr/joueur/mazen-debavelaere/
Régionale 1,Quimper,Jean DEFRANOUX,N/A,https://rugbyamateur.fr/joueur/jean-defranoux/
Régionale 1,Quimper,Louison DEVAUX VINCOT,Demi d&#039;ouverture,https://rugbyamateur.fr/joueur/louison-devaux-vincot/
Régionale 1,Quimper,Jules DOUX,N/A,https://rugbyamateur.fr/joueur/jules-doux/
Régionale 1,Quimper,Mael DREUX,N/A,https://rugbyamateur.fr/joueur/mael-dreux/
Régionale 1,Quimper,Jean HORELLOU,Talonneur,https://rugbyamateur.fr/joueur/jean-horellou/
Régionale 1,Quimper,Lucas HUITRIC,Deuxième ligne,https://rugbyamateur.fr/joueur/lucas-huitric/
Régionale 1,Quimper,Sacha ILLOZ,Arrière,https://rugbyamateur.fr/joueur/sacha-illoz/
Régionale 1,Quimper,Wiktor KLESSA,Pilier,https://rugbyamateur.fr/joueur/wiktor-klessa/
Régionale 1,Quimper,Brice LAMOTTE,N/A,https://rugbyamateur.fr/joueur/brice-lamotte/
Régionale 1,Quimper,Leo Paul LEBOUC,N/A,https://rugbyamateur.fr/joueur/leo-paul-lebouc/
Régionale 1,Quimper,Tao LEMERCIER,N/A,https://rugbyamateur.fr/joueur/tao-lemercier/
Régionale 1,Quimper,Yvan LOSSOUARN,Ailier,https://rugbyamateur.fr/joueur/yvan-lossouarn/
Régionale 1,Quimper,Titouan PICHARD,Troisième ligne,https://rugbyamateur.fr/joueur/titouan-pichard/
Régionale 1,Quimper,Loig PLISSONNEAU,Troisième ligne,https://rugbyamateur.fr/joueur/loig-plissonneau/
Régionale 1,Quimper,Nathan QUILLIVIC,Pilier,https://rugbyamateur.fr/joueur/nathan-quillivic/
Régionale 1,Quimper,Bradley RABEJAC,Ailier,https://rugbyamateur.fr/joueur/bradley-rabejac/
Régionale 1,Quimper,Nathan RANNOU,Centre,https://rugbyamateur.fr/joueur/nathan-rannou/
Régionale 1,Quimper,Mathys RESSANT,Demi de mêlée,https://rugbyamateur.fr/joueur/mathys-ressant/
Régionale 1,Quimper,Eliot VIEGAS,Troisième ligne,https://rugbyamateur.fr/joueur/eliot-viegas/
Régionale 1,Quimper,Joshua BERNARD,Troisième ligne,https://rugbyamateur.fr/joueur/joshua-bernard/
Régionale 1,Quimper,Hector BILCOT FOUCAULT,N/A,https://rugbyamateur.fr/joueur/hector-bilcot-foucault/
Régionale 1,Quimper,Theleau BOTHOREL,Pilier,https://rugbyamateur.fr/joueur/theleau-bothorel/
Régionale 1,Quimper,Louison BROULEAU,Centre,https://rugbyamateur.fr/joueur/louison-brouleau/
Régionale 1,Quimper,Antoine CAM,Deuxième ligne,https://rugbyamateur.fr/joueur/antoine-cam/
Régionale 1,Quimper,Teva CHORLAY DO FUNDO,Deuxième ligne,https://rugbyamateur.fr/joueur/teva-chorlay-do-fundo/
Régionale 1,Quimper,Weltas DARNAULT,N/A,https://rugbyamateur.fr/joueur/weltas-darnault/
Régionale 1,Quimper,Konan DELORME,Troisième ligne,https://rugbyamateur.fr/joueur/konan-delorme/
Régionale 1,Quimper,Yoann DERRIEN,N/A,https://rugbyamateur.fr/joueur/yoann-derrien/
Régionale 1,Quimper,Mayeul DORMEGNIES,Troisième ligne,https://rugbyamateur.fr/joueur/mayeul-dormegnies/
Régionale 1,Quimper,Camille L HARIDON,Talonneur,https://rugbyamateur.fr/joueur/camille-l-haridon/
Régionale 1,Quimper,Matheo LE BORGNE,Ailier,https://rugbyamateur.fr/joueur/matheo-le-borgne/
Régionale 1,Quimper,Clement LE HIR,Demi de mêlée,https://rugbyamateur.fr/joueur/clement-le-hir/
Régionale 1,Quimper,Evan LE MEUR,N/A,https://rugbyamateur.fr/joueur/evan-le-meur/
Régionale 1,Quimper,Sven LEBRUN,Pilier,https://rugbyamateur.fr/joueur/sven-lebrun/
Régionale 1,Quimper,Quentin LOLIVE,Arrière,https://rugbyamateur.fr/joueur/quentin-lolive/
Régionale 1,Quimper,Gwendal MULEY,N/A,https://rugbyamateur.fr/joueur/gwendal-muley/
Régionale 1,Quimper,Lenny PERON,N/A,https://rugbyamateur.fr/joueur/lenny-peron/
Régionale 1,Quimper,Nathan PICHARD,N/A,https://rugbyamateur.fr/joueur/nathan-pichard/
Régionale 1,Quimper,Eliot PIQUET,Demi d&#039;ouverture,https://rugbyamateur.fr/joueur/eliot-piquet/
Régionale 1,Quimper,Marius RESSANT,Centre,https://rugbyamateur.fr/joueur/marius-ressant/
Régionale 1,Quimper,Ewen TOUATI,Ailier,https://rugbyamateur.fr/joueur/ewen-touati/
Régionale 1,Quimper,Nora BEN BARKA,Pilier,https://rugbyamateur.fr/joueur/nora-ben-barka/
Régionale 1,Quimper,Marine BLANC,Deuxième ligne,https://rugbyamateur.fr/joueur/marine-blanc/
Régionale 1,Quimper,Cecile BOURGIN,Demi d&#039;ouverture,N/A
Régionale 1,Digne-les-Bains,Rudy BAYLE,Centre,https://rugbyamateur.fr/joueur/rudy-bayle/
Régionale 1,Digne-les-Bains,Julien BOYER,Deuxième ligne,https://rugbyamateur.fr/joueur/julien-boyer/
Régionale 1,Digne-les-Bains,Nathan CRATE,Centre,https://rugbyamateur.fr/joueur/nathan-crate/
Régionale 1,Digne-les-Bains,Julien CURAUT,Demi de mêlée,https://rugbyamateur.fr/joueur/julien-curaut/
Régionale 1,Digne-les-Bains,Victorien DUQUESNE,Centre,https://rugbyamateur.fr/joueur/victorien-duquesne/
Régionale 1,Digne-les-Bains,Dorian FORNER,Pilier,https://rugbyamateur.fr/joueur/dorian-forner/
Régionale 1,Digne-les-Bains,Benjamin FUENTES,Deuxième ligne,https://rugbyamateur.fr/joueur/benjamin-fuentes/
Régionale 1,Digne-les-Bains,Mathieu GIOVALE,Deuxième ligne,https://rugbyamateur.fr/joueur/mathieu-giovale/
Régionale 1,Digne-les-Bains,Allan HOYEAU,Troisième ligne,https://rugbyamateur.fr/joueur/allan-hoyeau/
Régionale 1,Digne-les-Bains,Bryan HOYEAU,Deuxième ligne,https://rugbyamateur.fr/joueur/bryan-hoyeau/
Régionale 1,Digne-les-Bains,Nicolas LIMOUZY,Ailier,https://rugbyamateur.fr/joueur/nicolas-limouzy/
Régionale 1,Digne-les-Bains,Benjamin MEILLAT,Deuxième ligne,https://rugbyamateur.fr/joueur/benjamin-meillat/
Régionale 1,Digne-les-Bains,Joan MIRALLES,Demi d&#039;ouverture,https://rugbyamateur.fr/joueur/joan-miralles/
Régionale 1,Digne-les-Bains,Amani NAIVAERE,Troisième ligne,https://rugbyamateur.fr/joueur/amani-naivaere/
Régionale 1,Digne-les-Bains,Benjamin NEVIERE,Demi d&#039;ouverture,https://rugbyamateur.fr/joueur/benjamin-neviere/
Régionale 1,Digne-les-Bains,Lucas PIACENZA,Deuxième ligne,https://rugbyamateur.fr/joueur/lucas-piacenza/
Régionale 1,Digne-les-Bains,Barnabe SAITOUR,Arrière,https://rugbyamateur.fr/joueur/barnabe-saitour/
Régionale 1,Digne-les-Bains,Emile SAITOUR,Troisième ligne,https://rugbyamateur.fr/joueur/emile-saitour/
Régionale 1,Digne-les-Bains,Leo TREMELLAT,Pilier,https://rugbyamateur.fr/joueur/leo-tremellat/
Régionale 1,Digne-les-Bains,Jone Vucukula WAQALIVA,Centre,https://rugbyamateur.fr/joueur/jone-vucukula-waqaliva/
Régionale 1,Digne-les-Bains,Darian BELLIVET,Troisième ligne,N/A
Régionale 1,Digne-les-Bains,Khalid AKRAMZI,N/A,https://rugbyamateur.fr/joueur/khalid-akramzi/
Régionale 1,Digne-les-Bains,Gabin AUTRIC,Pilier,https://rugbyamateur.fr/joueur/gabin-autric/
Régionale 1,Digne-les-Bains,Mathieu CHABOT,N/A,https://rugbyamateur.fr/joueur/mathieu-chabot/
Régionale 1,Digne-les-Bains,Ylan DEPAOLI LOPEZ,Pilier,https://rugbyamateur.fr/joueur/ylan-depaoli-lopez/
Régionale 1,Digne-les-Bains,Iulian DINCA,Troisième ligne,https://rugbyamateur.fr/joueur/iulian-dinca/
Régionale 1,Digne-les-Bains,Richard DUBARRY,Troisième ligne,https://rugbyamateur.fr/joueur/richard-dubarry/
Régionale 1,Digne-les-Bains,Noah FORTE,Deuxième ligne,https://rugbyamateur.fr/joueur/noah-forte/
Régionale 1,Digne-les-Bains,Baptiste GAUVAN,N/A,https://rugbyamateur.fr/joueur/baptiste-gauvan/
Régionale 1,Digne-les-Bains,Gregorian GONCALVES,N/A,https://rugbyamateur.fr/joueur/gregorian-goncalves/
Régionale 1,Digne-les-Bains,Maori HAMS,Ailier,https://rugbyamateur.fr/joueur/maori-hams/
Régionale 1,Digne-les-Bains,Nazim KHELFALLAH,Talonneur,https://rugbyamateur.fr/joueur/nazim-khelfallah/
Régionale 1,Digne-les-Bains,Ugo LATIL,N/A,https://rugbyamateur.fr/joueur/ugo-latil/
Régionale 1,Digne-les-Bains,Marcus LIANCE,N/A,https://rugbyamateur.fr/joueur/marcus-liance/
Régionale 1,Digne-les-Bains,Martin MATHEY,Talonneur,https://rugbyamateur.fr/joueur/martin-mathey/
Régionale 1,Digne-les-Bains,Remi NOLLEVALLE,Troisième ligne,https://rugbyamateur.fr/joueur/remi-nollevalle/
Régionale 1,Digne-les-Bains,Luck OLLIVIER,N/A,N/A
Régionale 1,Arudy,Nino ABADIE,N/A,N/A
Régionale 1,Arudy,Diego ARAUJO,Troisième ligne,https://rugbyamateur.fr/joueur/diego-araujo/
Régionale 1,Arudy,Clement BAQUE,Demi de mêlée,N/A
Régionale 1,Beaune,Etienne AUGRY,Ailier,https://rugbyamateur.fr/joueur/etienne-augry/
Régionale 1,Beaune,Mathis BABEL,Ailier,https://rugbyamateur.fr/joueur/mathis-babel/
Régionale 1,Beaune,Lucas DESSEREY,Talonneur,https://rugbyamateur.fr/joueur/lucas-desserey/
Régionale 1,Beaune,Sione FUNAKI,Troisième ligne,https://rugbyamateur.fr/joueur/sione-funaki/
Régionale 1,Beaune,Enzo GUYOT,Talonneur,https://rugbyamateur.fr/joueur/enzo-guyot/
Régionale 1,Beaune,Jakobus Ferdinand HORN,Deuxième ligne,https://rugbyamateur.fr/joueur/jakobus-ferdinand-horn/
Régionale 1,Beaune,Alexandre JACQUELIN,Demi de mêlée,https://rugbyamateur.fr/joueur/alexandre-jacquelin/
Régionale 1,Beaune,Elia KAUMAITOTOYA,Ailier,https://rugbyamateur.fr/joueur/elia-kaumaitotoya/
Régionale 1,Beaune,Florian LAVIGNE,Centre,https://rugbyamateur.fr/joueur/florian-lavigne/
Régionale 1,Beaune,Alexandre LECRIVAIN,Deuxième ligne,https://rugbyamateur.fr/joueur/alexandre-lecrivain/
Régionale 1,Beaune,Karim MALEK,Troisième ligne,https://rugbyamateur.fr/joueur/karim-malek/
Régionale 1,Beaune,Emmanuel MARTIN,Troisième ligne,https://rugbyamateur.fr/joueur/emmanuel-martin/
Régionale 1,Beaune,Guillaume MEURAT,Demi de mêlée,https://rugbyamateur.fr/joueur/guillaume-meurat/
Régionale 1,Beaune,Jose Antonio PALAZON,Centre,https://rugbyamateur.fr/joueur/jose-antonio-palazon/
Régionale 1,Beaune,Kevin PERRIER,Demi d&#039;ouverture,https://rugbyamateur.fr/joueur/kevin-perrier/
Régionale 1,Beaune,Damien POIGEAULT,Pilier,https://rugbyamateur.fr/joueur/damien-poigeault/
Régionale 1,Beaune,Martin SERRIGNY,Troisième ligne,https://rugbyamateur.fr/joueur/martin-serrigny/
Régionale 1,Beaune,Jean Ludovic SPALETTA,Centre,https://rugbyamateur.fr/joueur/jean-ludovic-spaletta/
Régionale 1,Beaune,Wahib TALLAB,Troisième ligne,https://rugbyamateur.fr/joueur/wahib-tallab/
Régionale 1,Beaune,Matthias VITRAC,Deuxième ligne,https://rugbyamateur.fr/joueur/matthias-vitrac/
Régionale 1,Beaune,Thibault VITRAC,Talonneur,https://rugbyamateur.fr/joueur/thibault-vitrac/
Régionale 1,Beaune,Abel ZOUZOUA GUEDE CASTELLI,Pilier,https://rugbyamateur.fr/joueur/abel-zouzoua-guede-castelli/
Régionale 1,Beaune,Leandre BUFFLER,Deuxième ligne,https://rugbyamateur.fr/joueur/leandre-buffler/
Régionale 1,Beaune,Nino DEL FABBRO,Arrière,https://rugbyamateur.fr/joueur/nino-del-fabbro/
Régionale 1,Beaune,Marius DELCOURT,Ailier,https://rugbyamateur.fr/joueur/marius-delcourt/
Régionale 1,Beaune,Charlie DEMONET,Demi de mêlée,https://rugbyamateur.fr/joueur/charlie-demonet/
Régionale 1,Beaune,Charly DEQUE,Pilier,https://rugbyamateur.fr/joueur/charly-deque/
Régionale 1,Beaune,Matis DUPONT,Centre,https://rugbyamateur.fr/joueur/matis-dupont/
Régionale 1,Beaune,Nathan GARCIA,Talonneur,https://rugbyamateur.fr/joueur/nathan-garcia/
Régionale 1,Beaune,Martin GIRARD,Demi d&#039;ouverture,https://rugbyamateur.fr/joueur/martin-girard/
Régionale 1,Beaune,Jude GUIGNARD MILLET,Ailier,https://rugbyamateur.fr/joueur/jude-guignard-millet/
Régionale 1,Beaune,Baptiste HAMBACHER,Troisième ligne,https://rugbyamateur.fr/joueur/baptiste-hambacher/
Régionale 1,Beaune,Camille HERGOT,Talonneur,https://rugbyamateur.fr/joueur/camille-hergot/
Régionale 1,Beaune,Arthur HORST,Pilier,https://rugbyamateur.fr/joueur/arthur-horst/
Régionale 1,Beaune,Guillaume KELLER,Troisième ligne,https://rugbyamateur.fr/joueur/guillaume-keller/
Régionale 1,Beaune,Antony Daniel Henri LABONDE,Deuxième ligne,https://rugbyamateur.fr/joueur/antony-daniel-henri-labonde/
Régionale 1,Beaune,Matteo LAMONTRE,Ailier,https://rugbyamateur.fr/joueur/matteo-lamontre/
Régionale 1,Beaune,Camille LARRIEU,Deuxième ligne,https://rugbyamateur.fr/joueur/camille-larrieu/
Régionale 1,Beaune,Antonin MARZOCCHINI,Troisième ligne,https://rugbyamateur.fr/joueur/antonin-marzocchini/
Régionale 1,Beaune,Leo MOLINA,Talonneur,https://rugbyamateur.fr/joueur/leo-molina/
Régionale 1,Beaune,Maxence MOURLOT,Pilier,https://rugbyamateur.fr/joueur/maxence-mourlot/
Régionale 1,Beaune,Romeo NABOYEV,Deuxième ligne,https://rugbyamateur.fr/joueur/romeo-naboyev/
Régionale 1,Beaune,Axel NETH,Arrière,https://rugbyamateur.fr/joueur/axel-neth/
Régionale 1,Beaune,Simon NONNENMACHER,Centre,https://rugbyamateur.fr/joueur/simon-nonnenmacher/
Régionale 1,Beaune,Max NORET,Deuxième ligne,https://rugbyamateur.fr/joueur/max-noret/
Régionale 1,Beaune,Auguste PAIN,Demi de mêlée,https://rugbyamateur.fr/joueur/auguste-pain/
Régionale 1,Beaune,Hugo PIEJAK,Demi d&#039;ouverture,https://rugbyamateur.fr/joueur/hugo-piejak/
Régionale 1,Beaune,Malo POTHERAT,Ailier,https://rugbyamateur.fr/joueur/malo-potherat/
Régionale 1,Beaune,Antonin PREZELUS,Troisième ligne,https://rugbyamateur.fr/joueur/antonin-prezelus/
Régionale 1,Beaune,Baptiste REGADE,Demi de mêlée,N/A
Régionale 1,Beaune,Matteo AIME,Arrière,https://rugbyamateur.fr/joueur/matteo-aime/
Régionale 1,Beaune,Benjamin ALVES,Pilier,https://rugbyamateur.fr/joueur/benjamin-alves/
Régionale 1,Beaune,Christophe BELLATI,Deuxième ligne,https://rugbyamateur.fr/joueur/christophe-bellati/
Régionale 1,Beaune,David BERT,Ailier,https://rugbyamateur.fr/joueur/david-bert/
Régionale 1,Beaune,Maxime BESANCENOT,Troisième ligne,https://rugbyamateur.fr/joueur/maxime-besancenot/
Régionale 1,Beaune,Alexandre CARRE,Troisième ligne,https://rugbyamateur.fr/joueur/alexandre-carre/
Régionale 1,Beaune,Batiste DE LAURO,Demi d&#039;ouverture,https://rugbyamateur.fr/joueur/batiste-de-lauro/
Régionale 1,Beaune,Theo DUFRESNE,Centre,https://rugbyamateur.fr/joueur/theo-dufresne/
Régionale 1,Beaune,Alexandre FLEURY,Troisième ligne,https://rugbyamateur.fr/joueur/alexandre-fleury/
Régionale 1,Beaune,Marvin FOREST,Deuxième ligne,https://rugbyamateur.fr/joueur/marvin-forest/
Régionale 1,Beaune,Jonathan FRATER,Centre,https://rugbyamateur.fr/joueur/jonathan-frater/
Régionale 1,Beaune,Constant GADAN,Troisième ligne,https://rugbyamateur.fr/joueur/constant-gadan/
Régionale 1,Beaune,Maxence GUINOT,Pilier,https://rugbyamateur.fr/joueur/maxence-guinot/
Régionale 1,Beaune,Romain HUDRY,Demi de mêlée,https://rugbyamateur.fr/joueur/romain-hudry/
Régionale 1,Beaune,Mathieu HUGUEN,Troisième ligne,https://rugbyamateur.fr/joueur/mathieu-huguen/
Régionale 1,Beaune,Alexandre JURY,Demi de mêlée,https://rugbyamateur.fr/joueur/alexandre-jury/
Régionale 1,Beaune,Baptiste L HOSTE,Pilier,https://rugbyamateur.fr/joueur/baptiste-l-hoste/
Régionale 1,Beaune,Benjamin MARLOT,Pilier,https://rugbyamateur.fr/joueur/benjamin-marlot/
Régionale 1,Beaune,Nicolas MICHON,Talonneur,https://rugbyamateur.fr/joueur/nicolas-michon/
Régionale 1,Beaune,Allan MOINE,Deuxième ligne,https://rugbyamateur.fr/joueur/allan-moine/
Régionale 1,Beaune,Jeremy PANIER,Demi d&#039;ouverture,https://rugbyamateur.fr/joueur/jeremy-panier/
Régionale 1,Beaune,Melvil RICHARD,Arrière,https://rugbyamateur.fr/joueur/melvil-richard/
Régionale 1,Beaune,Eliott TRAVERS,Ailier,https://rugbyamateur.fr/joueur/eliott-travers/
Régionale 1,Beaune,Edgar VINTEJOUX,Deuxième ligne,https://rugbyamateur.fr/joueur/edgar-vintejoux/
Régionale 1,Beaune,Raphael ALIVAUD,Troisième ligne,https://rugbyamateur.fr/joueur/raphael-alivaud/
Régionale 1,Beaune,Gabriel Anthony BARLET,Centre,https://rugbyamateur.fr/joueur/gabriel-anthony-barlet/
Régionale 1,Beaune,Timon BARRE,N/A,https://rugbyamateur.fr/joueur/timon-barre/
Régionale 1,Beaune,Tom BEAUCAMP,Troisième ligne,https://rugbyamateur.fr/joueur/tom-beaucamp/
Régionale 1,Beaune,Victor BOST,Demi de mêlée,https://rugbyamateur.fr/joueur/victor-bost/
Régionale 1,Beaune,Quentin DELPERIE,Centre,https://rugbyamateur.fr/joueur/quentin-delperie/
Régionale 1,Beaune,Enzo DUFRESNE,Deuxième ligne,https://rugbyamateur.fr/joueur/enzo-dufresne/
Régionale 1,Beaune,Francesco FABIANI,Centre,https://rugbyamateur.fr/joueur/francesco-fabiani/
Régionale 1,Beaune,Sean Patrick GOHET,Centre,https://rugbyamateur.fr/joueur/sean-patrick-gohet/
Régionale 1,Beaune,Julien GUY,N/A,https://rugbyamateur.fr/joueur/julien-guy/
Régionale 1,Beaune,Idriss KIANI,Deuxième ligne,https://rugbyamateur.fr/joueur/idriss-kiani/
Régionale 1,Beaune,Yanis KRABCHI,Pilier,https://rugbyamateur.fr/joueur/yanis-krabchi/
Régionale 1,Beaune,Theo LE MEUR,Pilier,https://rugbyamateur.fr/joueur/theo-le-meur/
Régionale 1,Beaune,Sacha LECLERCQ,Ailier,https://rugbyamateur.fr/joueur/sacha-leclercq/
Régionale 1,Beaune,Eloi LECUYER,Troisième ligne,https://rugbyamateur.fr/joueur/eloi-lecuyer/
Régionale 1,Beaune,Quentin LEGRAND,Talonneur,https://rugbyamateur.fr/joueur/quentin-legrand/
Régionale 1,Beaune,Clement LIZABAULT,Deuxième ligne,https://rugbyamateur.fr/joueur/clement-lizabault/
Régionale 1,Beaune,Yannick LUCOTTE,Ailier,https://rugbyamateur.fr/joueur/yannick-lucotte/
Régionale 1,Beaune,Titouan MANDON,Ailier,https://rugbyamateur.fr/joueur/titouan-mandon/
Régionale 1,Beaune,Hippolyte MATHON,Demi d&#039;ouverture,https://rugbyamateur.fr/joueur/hippolyte-mathon/
Régionale 1,Beaune,Arthur Jean Philippe Maire Joseph MELIN,Arrière,https://rugbyamateur.fr/joueur/arthur-jean-philippe-maire-joseph-melin/
Régionale 1,Beaune,Antoine MORIAUX PELISSIER,Arrière,https://rugbyamateur.fr/joueur/antoine-moriaux-pelissier/
Régionale 1,Beaune,Virgile Jacky Jean PIERRAT,Troisième ligne,https://rugbyamateur.fr/joueur/virgile-jacky-jean-pierrat/
Régionale 1,Beaune,Paul ROQUES,Ailier,https://rugbyamateur.fr/joueur/paul-roques/
Régionale 1,Beaune,Loick SAISSET,Deuxième ligne,https://rugbyamateur.fr/joueur/loick-saisset/
Régionale 1,Beaune,Edgar TRAVERS,N/A,https://rugbyamateur.fr/joueur/edgar-travers/
Régionale 1,Beaune,Albane BECAMORTI BONIN,Deuxième ligne,https://rugbyamateur.fr/joueur/albane-becamorti-bonin/
Régionale 1,Beaune,Chloe BOCH,Deuxième ligne,https://rugbyamateur.fr/joueur/chloe-boch/
Régionale 1,Beaune,Elisa BRENEOL,Centre,https://rugbyamateur.fr/joueur/elisa-breneol/
Régionale 1,Beaune,Alice CONTANT,N/A,N/A
Régionale 1,Beaune,Joshua AUCLAIR,Troisième ligne,https://rugbyamateur.fr/joueur/joshua-auclair/
Régionale 1,Beaune,Paul BISSEY,Troisième ligne,https://rugbyamateur.fr/joueur/paul-bissey/
Régionale 1,Beaune,Sacha BLANCHON,Troisième ligne,https://rugbyamateur.fr/joueur/sacha-blanchon/
Régionale 1,Beaune,Nolan BRENOT,Deuxième ligne,https://rugbyamateur.fr/joueur/nolan-brenot/
Régionale 1,Beaune,Marceau BROIN,Pilier,https://rugbyamateur.fr/joueur/marceau-broin/
Régionale 1,Beaune,Arthur CASSANO,Deuxième ligne,https://rugbyamateur.fr/joueur/arthur-cassano/
Régionale 1,Beaune,Louis DA SILVA,Ailier,https://rugbyamateur.fr/joueur/louis-da-silva/
Régionale 1,Beaune,Baptiste DESCHAMPS,Pilier,https://rugbyamateur.fr/joueur/baptiste-deschamps/
Régionale 1,Beaune,Maximilien DESCHAMPS,Ailier,https://rugbyamateur.fr/joueur/maximilien-deschamps/
Régionale 1,Beaune,Lylian DETAIN,Ailier,https://rugbyamateur.fr/joueur/lylian-detain/
Régionale 1,Beaune,Theo ECARD,Deuxième ligne,https://rugbyamateur.fr/joueur/theo-ecard/
Régionale 1,Beaune,Alban GALLAND,Ailier,https://rugbyamateur.fr/joueur/alban-galland/
Régionale 1,Beaune,Marius HENRY,Demi d&#039;ouverture,https://rugbyamateur.fr/joueur/marius-henry/
Régionale 1,Beaune,Zao HURTER THIBERT,Pilier,https://rugbyamateur.fr/joueur/zao-hurter-thibert/
Régionale 1,Beaune,Pierre JACOTOT,Pilier,https://rugbyamateur.fr/joueur/pierre-jacotot/
Régionale 1,Beaune,Natael JACQUET,Ailier,https://rugbyamateur.fr/joueur/natael-jacquet/
Régionale 1,Beaune,Arthur JOUAN,Talonneur,https://rugbyamateur.fr/joueur/arthur-jouan/
Régionale 1,Beaune,Hugo KEMPF,N/A,https://rugbyamateur.fr/joueur/hugo-kempf/
Régionale 1,Beaune,Gaetan MAURY PREVOT,Ailier,https://rugbyamateur.fr/joueur/gaetan-maury-prevot/
Régionale 1,Beaune,Leo MAZURKIEWICZ,Demi d&#039;ouverture,https://rugbyamateur.fr/joueur/leo-mazurkiewicz/
Régionale 1,Beaune,Lubin MOLARD,N/A,https://rugbyamateur.fr/joueur/lubin-molard/
Régionale 1,Beaune,Lucas MOUCHET,Troisième ligne,https://rugbyamateur.fr/joueur/lucas-mouchet/
Régionale 1,Beaune,Quentin PHILIPPE,Arrière,https://rugbyamateur.fr/joueur/quentin-philippe/
Régionale 1,Beaune,Leon PILOD,Demi de mêlée,https://rugbyamateur.fr/joueur/leon-pilod/
Régionale 1,Beaune,Eliot POILLOT,Talonneur,https://rugbyamateur.fr/joueur/eliot-poillot/
Régionale 1,Beaune,Paul VERRONNEAU,Talonneur,https://rugbyamateur.fr/joueur/paul-verronneau/
Régionale 1,Beaune,William AUCLAIR,Troisième ligne,https://rugbyamateur.fr/joueur/william-auclair/
Régionale 1,Beaune,Lucas BOURDOT,Ailier,https://rugbyamateur.fr/joueur/lucas-bourdot/
Régionale 1,Beaune,Noa BOURLOT,Troisième ligne,https://rugbyamateur.fr/joueur/noa-bourlot/
Régionale 1,Beaune,Maxime BRISSON,Ailier,https://rugbyamateur.fr/joueur/maxime-brisson/
Régionale 1,Beaune,Mathias CHAMPENOIS,N/A,https://rugbyamateur.fr/joueur/mathias-champenois/
Régionale 1,Beaune,Noe CORDEROT,Demi d&#039;ouverture,https://rugbyamateur.fr/joueur/noe-corderot/
Régionale 1,Beaune,Enzo DE LAURO,Troisième ligne,https://rugbyamateur.fr/joueur/enzo-de-lauro/
Régionale 1,Beaune,Louis DERODE,Troisième ligne,https://rugbyamateur.fr/joueur/louis-derode/
Régionale 1,Beaune,Baptiste DOREAU,N/A,https://rugbyamateur.fr/joueur/baptiste-doreau/
Régionale 1,Beaune,Mathis ESCUTENAIRE,Centre,https://rugbyamateur.fr/joueur/mathis-escutenaire/
Régionale 1,Beaune,Martin GIRARD,Demi d&#039;ouverture,https://rugbyamateur.fr/joueur/martin-girard/
Régionale 1,Beaune,David GONZALEZ,Arrière,https://rugbyamateur.fr/joueur/david-gonzalez/
Régionale 1,Beaune,Timothe GRANDPIERRE,Pilier,https://rugbyamateur.fr/joueur/timothe-grandpierre/
Régionale 1,Beaune,Guillaume KELLER,Troisième ligne,https://rugbyamateur.fr/joueur/guillaume-keller/
Régionale 1,Beaune,Cleo LAMEUNIERE,Pilier,https://rugbyamateur.fr/joueur/cleo-lameuniere/
Régionale 1,Beaune,Matteo LAMONTRE,Ailier,https://rugbyamateur.fr/joueur/matteo-lamontre/
Régionale 1,Beaune,Noe LANET,Deuxième ligne,https://rugbyamateur.fr/joueur/noe-lanet/
Régionale 1,Beaune,Justin LAPOSTOLLE,Demi d&#039;ouverture,https://rugbyamateur.fr/joueur/justin-lapostolle/
Régionale 1,Beaune,Maxence MARCELLIN,N/A,https://rugbyamateur.fr/joueur/maxence-marcellin/
Régionale 1,Beaune,Charles MARTIN,Arrière,https://rugbyamateur.fr/joueur/charles-martin/
Régionale 1,Beaune,Tom MARTIN,Troisième ligne,https://rugbyamateur.fr/joueur/tom-martin/
Régionale 1,Beaune,Maxence MOURLOT,Pilier,https://rugbyamateur.fr/joueur/maxence-mourlot/
Régionale 1,Beaune,Max NORET,Deuxième ligne,https://rugbyamateur.fr/joueur/max-noret/
Régionale 1,Beaune,Gabin PAGANT,Demi de mêlée,https://rugbyamateur.fr/joueur/gabin-pagant/
Régionale 1,Beaune,Aristide PERRIN,Talonneur,https://rugbyamateur.fr/joueur/aristide-perrin/
Régionale 1,Beaune,Antoine PINSON,Pilier,https://rugbyamateur.fr/joueur/antoine-pinson/
Régionale 1,Beaune,Rayan POINT,Pilier,https://rugbyamateur.fr/joueur/rayan-point/
Régionale 1,Beaune,Baptiste REGADE,Demi de mêlée,N/A
Régionale 1,Beaune,Joshua AUCLAIR,Troisième ligne,https://rugbyamateur.fr/joueur/joshua-auclair/
Régionale 1,Beaune,Sacha BLANCHON,Troisième ligne,https://rugbyamateur.fr/joueur/sacha-blanchon/
Régionale 1,Beaune,Jules CAMUS,N/A,N/A
Régionale 1,St Brieuc,Clement ALLO,Ailier,https://rugbyamateur.fr/joueur/clement-allo/
Régionale 1,St Brieuc,Hugo ANDRE,Centre,https://rugbyamateur.fr/joueur/hugo-andre/
Régionale 1,St Brieuc,Paul BERGER,Centre,https://rugbyamateur.fr/joueur/paul-berger/
Régionale 1,St Brieuc,Kevin BEZHOUH,Centre,https://rugbyamateur.fr/joueur/kevin-bezhouh/
Régionale 1,St Brieuc,Martin CAMPION KERVELLA,Pilier,https://rugbyamateur.fr/joueur/martin-campion-kervella/
Régionale 1,St Brieuc,Basile CHRETIEN,Arrière,https://rugbyamateur.fr/joueur/basile-chretien/
Régionale 1,St Brieuc,Tristan COLLET,Pilier,https://rugbyamateur.fr/joueur/tristan-collet/
Régionale 1,St Brieuc,Lucas COLNE,Pilier,https://rugbyamateur.fr/joueur/lucas-colne/
Régionale 1,St Brieuc,Theo COUNY,Troisième ligne,https://rugbyamateur.fr/joueur/theo-couny/
Régionale 1,St Brieuc,Eliot DAGORNE,Demi d&#039;ouverture,https://rugbyamateur.fr/joueur/eliot-dagorne/
Régionale 1,St Brieuc,Thibaud DE RANCOURT,Centre,https://rugbyamateur.fr/joueur/thibaud-de-rancourt/
Régionale 1,St Brieuc,Leo GRAINDORGE,Demi de mêlée,https://rugbyamateur.fr/joueur/leo-graindorge/
Régionale 1,St Brieuc,Gurvan GUILLAUME,Deuxième ligne,https://rugbyamateur.fr/joueur/gurvan-guillaume/
Régionale 1,St Brieuc,Gwendal GUILLAUME,Ailier,https://rugbyamateur.fr/joueur/gwendal-guillaume/
Régionale 1,St Brieuc,Raphael LE BRETON,Demi d&#039;ouverture,https://rugbyamateur.fr/joueur/raphael-le-breton/
Régionale 1,St Brieuc,Malo LE BRIS,Demi d&#039;ouverture,https://rugbyamateur.fr/joueur/malo-le-bris/
Régionale 1,St Brieuc,Tom LE CUNFF,Demi d&#039;ouverture,https://rugbyamateur.fr/joueur/tom-le-cunff/
Régionale 1,St Brieuc,Raphael LE LOSTEC,Troisième ligne,https://rugbyamateur.fr/joueur/raphael-le-lostec/
Régionale 1,St Brieuc,Killian LE MEHAUTE,Troisième ligne,https://rugbyamateur.fr/joueur/killian-le-mehaute/
Régionale 1,St Brieuc,Gwezhneg LE MOIGNE,Troisième ligne,https://rugbyamateur.fr/joueur/gwezhneg-le-moigne/
Régionale 1,St Brieuc,Florian LE VAY,Troisième ligne,https://rugbyamateur.fr/joueur/florian-le-vay/
Régionale 1,St Brieuc,Cyril LIMBERTIE,Arrière,https://rugbyamateur.fr/joueur/cyril-limbertie/
Régionale 1,St Brieuc,Charles Edouard LYNCH,Deuxième ligne,https://rugbyamateur.fr/joueur/charles-edouard-lynch/
Régionale 1,St Brieuc,Ronan MAUVAIS,Talonneur,https://rugbyamateur.fr/joueur/ronan-mauvais/
Régionale 1,St Brieuc,Julien MESTRE,Ailier,https://rugbyamateur.fr/joueur/julien-mestre/
Régionale 1,St Brieuc,Enzo MOREL,Arrière,https://rugbyamateur.fr/joueur/enzo-morel/
Régionale 1,St Brieuc,Nicolas MORIN,Deuxième ligne,https://rugbyamateur.fr/joueur/nicolas-morin/
Régionale 1,St Brieuc,Jonah PADELLEC,Troisième ligne,https://rugbyamateur.fr/joueur/jonah-padellec/
Régionale 1,St Brieuc,Tom PADELLEC,Centre,https://rugbyamateur.fr/joueur/tom-padellec/
Régionale 1,St Brieuc,Martin RAULIC,Deuxième ligne,https://rugbyamateur.fr/joueur/martin-raulic/
Régionale 1,St Brieuc,Antoine RAULT,Pilier,https://rugbyamateur.fr/joueur/antoine-rault/
Régionale 1,St Brieuc,Francois ROGARD,Ailier,https://rugbyamateur.fr/joueur/francois-rogard/
Régionale 1,St Brieuc,Kevin ROUSSEL,Troisième ligne,https://rugbyamateur.fr/joueur/kevin-roussel/
Régionale 1,St Brieuc,Elouan SEVER,Pilier,https://rugbyamateur.fr/joueur/elouan-sever/
Régionale 1,St Brieuc,Adam SUANEZ,Pilier,https://rugbyamateur.fr/joueur/adam-suanez/
Régionale 1,St Brieuc,Gabriel BALCON,Ailier,https://rugbyamateur.fr/joueur/gabriel-balcon/
Régionale 1,St Brieuc,Ismael BENTAHAR,N/A,N/A
Régionale 1,Labatut,Laurent BACHACOU,Troisième ligne,https://rugbyamateur.fr/joueur/laurent-bachacou/
Régionale 1,Labatut,Remy BERGERON,Demi d&#039;ouverture,https://rugbyamateur.fr/joueur/remy-bergeron/
Régionale 1,Labatut,Geoffrey BERNADET,Ailier,N/A
Régionale 1,Labatut,Coralie BACHACOU,N/A,https://rugbyamateur.fr/joueur/coralie-bachacou/
Régionale 1,Labatut,Sarah BACQUE,N/A,https://rugbyamateur.fr/joueur/sarah-bacque/
Régionale 1,Labatut,Alice BUSCAIL,Pilier,https://rugbyamateur.fr/joueur/alice-buscail/
Régionale 1,Labatut,Lea DARRICAU,Troisième ligne,https://rugbyamateur.fr/joueur/lea-darricau/
Régionale 1,Labatut,Eva DARRICAU SUHONNE,N/A,N/A
Régionale 1,Labatut,Nolann AUNAC,Troisième ligne,https://rugbyamateur.fr/joueur/nolann-aunac/
Régionale 1,Labatut,Nolann AZENI,Pilier,https://rugbyamateur.fr/joueur/nolann-azeni/
Régionale 1,Labatut,Elliot BICAL,Deuxième ligne,https://rugbyamateur.fr/joueur/elliot-bical/
Régionale 1,Labatut,Louan DA SILVA,Pilier,https://rugbyamateur.fr/joueur/louan-da-silva/
Régionale 1,Labatut,Marius GARANX,Deuxième ligne,https://rugbyamateur.fr/joueur/marius-garanx/
Régionale 1,Labatut,Victor LAGIERE TRUPHEMUS,Troisième ligne,N/A
Régionale 1,Labatut,Enzo BOUIC,Ailier,https://rugbyamateur.fr/joueur/enzo-bouic/
Régionale 1,Labatut,Pierre BOURLON,Centre,N/A
Régionale 1,Saint-Jean d&#039;Angely,Tinael ABRAN,Ailier,N/A
Régionale 1,Saint-Jean d&#039;Angely,Ethan ASSILA LEMAIRE,N/A,https://rugbyamateur.fr/joueur/ethan-assila-lemaire/
Régionale 1,Saint-Jean d&#039;Angely,Raphael AUDINEAU,Pilier,https://rugbyamateur.fr/joueur/raphael-audineau/
Régionale 1,Saint-Jean d&#039;Angely,Arthur AUTANT,Ailier,https://rugbyamateur.fr/joueur/arthur-autant/
Régionale 1,Saint-Jean d&#039;Angely,Diego BARGOT,Ailier,https://rugbyamateur.fr/joueur/diego-bargot/
Régionale 1,Saint-Jean d&#039;Angely,Carl BOUCHET,Centre,https://rugbyamateur.fr/joueur/carl-bouchet/
Régionale 1,Saint-Jean d&#039;Angely,Jules BOUYER,N/A,N/A
Régionale 1,Saint-Jean d&#039;Angely,Stessy BARGOT,Talonneur,https://rugbyamateur.fr/joueur/stessy-bargot/
Régionale 1,Saint-Jean d&#039;Angely,Anais BARNAC,Demi de mêlée,N/A
Régionale 1,Saint-Jean d&#039;Angely,Mathew ANTOINE,Centre,https://rugbyamateur.fr/joueur/mathew-antoine/
Régionale 1,Saint-Jean d&#039;Angely,Jeremy BAILLARGUET,Troisième ligne,N/A
Régionale 1,Sainte Foy la Grande,Liam ADINE,N/A,https://rugbyamateur.fr/joueur/liam-adine/
Régionale 1,Sainte Foy la Grande,Elliot BAYARD,Arrière,https://rugbyamateur.fr/joueur/elliot-bayard/
Régionale 1,Sainte Foy la Grande,Sofiane BECHTI BUDIN,Demi de mêlée,https://rugbyamateur.fr/joueur/sofiane-bechti-budin/
Régionale 1,Sainte Foy la Grande,Alix BERTAUD,Demi de mêlée,N/A
Régionale 1,Bassoues Lupiac,Lucas BAGNAROSA,Ailier,N/A
Régionale 1,Bassoues Lupiac,Salim AALYAD,Troisième ligne,https://rugbyamateur.fr/joueur/salim-aalyad/
Régionale 1,Bassoues Lupiac,Florian ABADIE,Talonneur,https://rugbyamateur.fr/joueur/florian-abadie/
Régionale 1,Bassoues Lupiac,Lucas BELEGOU,Pilier,N/A
Régionale 1,St Genis Laval,Jules ANDRAUD,Troisième ligne,N/A
Régionale 1,St Genis Laval,Eudes BERNARD,Arrière,N/A
Régionale 1,St Genis Laval,Chloe ALBERTINO,Pilier,N/A
Régionale 1,St Genis Laval,Vincent ABBAL,Talonneur,https://rugbyamateur.fr/joueur/vincent-abbal/
Régionale 1,St Genis Laval,Joris ANDREO,Demi de mêlée,https://rugbyamateur.fr/joueur/joris-andreo/
Régionale 1,St Genis Laval,Steven BELLAFIORE GILLET,Deuxième ligne,N/A
Régionale 1,St Genis Laval,Hatem ABDESSAMAD,Deuxième ligne,https://rugbyamateur.fr/joueur/hatem-abdessamad/
Régionale 1,St Genis Laval,Morgan ALBELDA HAGAN,Deuxième ligne,https://rugbyamateur.fr/joueur/morgan-albelda-hagan/
Régionale 1,St Genis Laval,Jules BACONNIER,Deuxième ligne,https://rugbyamateur.fr/joueur/jules-baconnier/
Régionale 1,St Genis Laval,Noa BAGNIS,Ailier,https://rugbyamateur.fr/joueur/noa-bagnis/
Régionale 1,St Genis Laval,Adam BARBEY,Ailier,https://rugbyamateur.fr/joueur/adam-barbey/
Régionale 1,St Genis Laval,Rafael BARGAS,Troisième ligne,https://rugbyamateur.fr/joueur/rafael-bargas/
Régionale 1,St Genis Laval,Rayan BOUATTIA,Deuxième ligne,N/A
Régionale 1,St Genis Laval,Kaycee ALBELDA HAGAN,Deuxième ligne,https://rugbyamateur.fr/joueur/kaycee-albelda-hagan/
Régionale 1,St Genis Laval,Kaina BABAH,Pilier,https://rugbyamateur.fr/joueur/kaina-babah/
Régionale 1,St Genis Laval,Oceane BENOIT,Centre,https://rugbyamateur.fr/joueur/oceane-benoit/
Régionale 1,St Genis Laval,Daphne BERENGER,Troisième ligne,N/A
Régionale 1,Lalinde,Jean Baptiste BORIE,Deuxième ligne,https://rugbyamateur.fr/joueur/jean-baptiste-borie/
Régionale 1,Lalinde,Illies DADIOUI,Demi de mêlée,https://rugbyamateur.fr/joueur/illies-dadioui/
Régionale 1,Lalinde,Timeo DUMON,Ailier,https://rugbyamateur.fr/joueur/timeo-dumon/
Régionale 1,Lalinde,Jules FOURNIER,N/A,https://rugbyamateur.fr/joueur/jules-fournier/
Régionale 1,Lalinde,Gabriel GOMES DE ALMEIDA,Deuxième ligne,https://rugbyamateur.fr/joueur/gabriel-gomes-de-almeida/
Régionale 1,Lalinde,Adryen GUITTON,Pilier,https://rugbyamateur.fr/joueur/adryen-guitton/
Régionale 1,Lalinde,Albin LAFOND,Troisième ligne,https://rugbyamateur.fr/joueur/albin-lafond/
Régionale 1,Lalinde,Anthony LASSERRE,Ailier,https://rugbyamateur.fr/joueur/anthony-lasserre/
Régionale 1,Lalinde,Gabin LEYGUE,Centre,https://rugbyamateur.fr/joueur/gabin-leygue/
Régionale 1,Lalinde,Lukas LEYMA,Pilier,https://rugbyamateur.fr/joueur/lukas-leyma/
Régionale 1,Lalinde,Dimitri MARAMOTTI,Deuxième ligne,https://rugbyamateur.fr/joueur/dimitri-maramotti/
Régionale 1,Lalinde,Paul MARTINS DA COSTA,Talonneur,https://rugbyamateur.fr/joueur/paul-martins-da-costa/
Régionale 1,Lalinde,Hugo MAURY,Centre,https://rugbyamateur.fr/joueur/hugo-maury/
Régionale 1,Lalinde,Ironn MORINAUD,Arrière,https://rugbyamateur.fr/joueur/ironn-morinaud/
Régionale 1,Lalinde,Gaspard PICHARD,Demi d&#039;ouverture,N/A
Régionale 1,Lalinde,Romeo BOUNICHOU,Pilier,https://rugbyamateur.fr/joueur/romeo-bounichou/
Régionale 1,Lalinde,Bastien BROCARD,Pilier,https://rugbyamateur.fr/joueur/bastien-brocard/
Régionale 1,Lalinde,Leo CONTENTE,Ailier,https://rugbyamateur.fr/joueur/leo-contente/
Régionale 1,Lalinde,Jules DELMONT,Demi de mêlée,https://rugbyamateur.fr/joueur/jules-delmont/
Régionale 1,Lalinde,Raphael DUARTE,N/A,https://rugbyamateur.fr/joueur/raphael-duarte/
Régionale 1,Lalinde,Kylian DURAND,Pilier,https://rugbyamateur.fr/joueur/kylian-durand/
Régionale 1,Lalinde,Alexis FAGETTE,Troisième ligne,N/A
Régionale 1,Juillac Objat,Baptiste AIMARD,Deuxième ligne,https://rugbyamateur.fr/joueur/baptiste-aimard/
Régionale 1,Juillac Objat,Moussa BARRY,Troisième ligne,https://rugbyamateur.fr/joueur/moussa-barry/
Régionale 1,Juillac Objat,Enzo BESSE,Centre,https://rugbyamateur.fr/joueur/enzo-besse/
Régionale 1,Juillac Objat,Quentin BUGE,Demi d&#039;ouverture,https://rugbyamateur.fr/joueur/quentin-buge/
Régionale 1,Juillac Objat,Mathieu CASTRO,Deuxième ligne,https://rugbyamateur.fr/joueur/mathieu-castro/
Régionale 1,Juillac Objat,Maxime CHARRIERAS,Pilier,https://rugbyamateur.fr/joueur/maxime-charrieras/
Régionale 1,Juillac Objat,Teddy CHARRIERAS,Demi de mêlée,https://rugbyamateur.fr/joueur/teddy-charrieras/
Régionale 1,Juillac Objat,Lilian CHATUFAUD,Deuxième ligne,https://rugbyamateur.fr/joueur/lilian-chatufaud/
Régionale 1,Juillac Objat,Matteo CHATUFAUD,Troisième ligne,https://rugbyamateur.fr/joueur/matteo-chatufaud/
Régionale 1,Juillac Objat,Abdou CISSE,Deuxième ligne,N/A
Régionale 1,Juillac Objat,Raphael BECLIN,N/A,https://rugbyamateur.fr/joueur/raphael-beclin/
Régionale 1,Juillac Objat,Loucas BESSE,N/A,https://rugbyamateur.fr/joueur/loucas-besse/
Régionale 1,Juillac Objat,Ugo BORDERIE,N/A,https://rugbyamateur.fr/joueur/ugo-borderie/
Régionale 1,Juillac Objat,Simon BOUCHER,Troisième ligne,N/A
Régionale 1,Juillac Objat,Maxime AGNOUX,Troisième ligne,https://rugbyamateur.fr/joueur/maxime-agnoux/
Régionale 1,Juillac Objat,Etan BOSCO TREUIL,Deuxième ligne,https://rugbyamateur.fr/joueur/etan-bosco-treuil/
Régionale 1,Juillac Objat,Jeremy BOUCHAUD,Pilier,https://rugbyamateur.fr/joueur/jeremy-bouchaud/
Régionale 1,Juillac Objat,Kylian BOUDY,Troisième ligne,https://rugbyamateur.fr/joueur/kylian-boudy/
Régionale 1,Juillac Objat,Tom BRAIDY,Talonneur,https://rugbyamateur.fr/joueur/tom-braidy/
Régionale 1,Juillac Objat,Edwin DELBEGUE,Demi de mêlée,https://rugbyamateur.fr/joueur/edwin-delbegue/
Régionale 1,Juillac Objat,Axel DOUSSAUD,N/A,https://rugbyamateur.fr/joueur/axel-doussaud/
Régionale 1,Juillac Objat,Ernest FROIDEFOND,Pilier,https://rugbyamateur.fr/joueur/ernest-froidefond/
Régionale 1,Juillac Objat,Evan GACHET,Demi de mêlée,https://rugbyamateur.fr/joueur/evan-gachet/
Régionale 1,Juillac Objat,Ewen GAUDIN,Talonneur,https://rugbyamateur.fr/joueur/ewen-gaudin/
Régionale 1,Juillac Objat,Mael GERY,Arrière,https://rugbyamateur.fr/joueur/mael-gery/
Régionale 1,Juillac Objat,Ilhan GOKSU PERRIER,Centre,https://rugbyamateur.fr/joueur/ilhan-goksu-perrier/
Régionale 1,Juillac Objat,Lucas GRASSET,Ailier,https://rugbyamateur.fr/joueur/lucas-grasset/
Régionale 1,Juillac Objat,Nolann LAURENT,Demi d&#039;ouverture,https://rugbyamateur.fr/joueur/nolann-laurent/
Régionale 1,Juillac Objat,Sam MENDES,Ailier,https://rugbyamateur.fr/joueur/sam-mendes/
Régionale 1,Juillac Objat,Clement MOUGEOTTE,Centre,https://rugbyamateur.fr/joueur/clement-mougeotte/
Régionale 1,Juillac Objat,Timothe PERRIER,Deuxième ligne,https://rugbyamateur.fr/joueur/timothe-perrier/
Régionale 1,Juillac Objat,Tom PIALEPORT,Pilier,N/A
Régionale 1,Confluent RC,Reda BENAZZI,N/A,https://rugbyamateur.fr/joueur/reda-benazzi/
Régionale 1,Confluent RC,Jean Luc BESSON,Talonneur,https://rugbyamateur.fr/joueur/jean-luc-besson/
Régionale 1,Confluent RC,Clement BONNIFON,Pilier,https://rugbyamateur.fr/joueur/clement-bonnifon/
Régionale 1,Confluent RC,Antonin BRUNETAUD,Demi d&#039;ouverture,https://rugbyamateur.fr/joueur/antonin-brunetaud/
Régionale 1,Confluent RC,Corentin BRUNETAUD,Demi de mêlée,https://rugbyamateur.fr/joueur/corentin-brunetaud/
Régionale 1,Confluent RC,Andre Tiago CORREIA,Pilier,https://rugbyamateur.fr/joueur/andre-tiago-correia/
Régionale 1,Confluent RC,Antoine DESBOURDIEUX,Centre,https://rugbyamateur.fr/joueur/antoine-desbourdieux/
Régionale 1,Confluent RC,Tom DULONG,Demi d&#039;ouverture,https://rugbyamateur.fr/joueur/tom-dulong/
Régionale 1,Confluent RC,Tristan DULONG,Centre,https://rugbyamateur.fr/joueur/tristan-dulong/
Régionale 1,Confluent RC,Yannick DUMAIL,Deuxième ligne,https://rugbyamateur.fr/joueur/yannick-dumail/
Régionale 1,Confluent RC,Youssef EL BANNADI,Deuxième ligne,N/A
Régionale 1,Confluent RC,Hugo BRIDET,Deuxième ligne,https://rugbyamateur.fr/joueur/hugo-bridet/
Régionale 1,Confluent RC,Alex DE HOON,Troisième ligne,https://rugbyamateur.fr/joueur/alex-de-hoon/
Régionale 1,Confluent RC,Kais DJILALI,Ailier,https://rugbyamateur.fr/joueur/kais-djilali/
Régionale 1,Confluent RC,Alexandre FADISTA CARDONNE,Deuxième ligne,https://rugbyamateur.fr/joueur/alexandre-fadista-cardonne/
Régionale 1,Confluent RC,Sevan FUHS,Deuxième ligne,https://rugbyamateur.fr/joueur/sevan-fuhs/
Régionale 1,Confluent RC,Mateo GOMEZ,Ailier,https://rugbyamateur.fr/joueur/mateo-gomez/
Régionale 1,Confluent RC,Aymerick GRENET,Talonneur,https://rugbyamateur.fr/joueur/aymerick-grenet/
Régionale 1,Confluent RC,Axel LAFONTANIE,Pilier,https://rugbyamateur.fr/joueur/axel-lafontanie/
Régionale 1,Confluent RC,Paul MALLET GALAND,Demi d&#039;ouverture,https://rugbyamateur.fr/joueur/paul-mallet-galand/
Régionale 1,Confluent RC,Enzo MAZIERES,Ailier,https://rugbyamateur.fr/joueur/enzo-mazieres/
Régionale 1,Confluent RC,Alexi MENDEZ MENDEZ,Arrière,https://rugbyamateur.fr/joueur/alexi-mendez-mendez/
Régionale 1,Confluent RC,Mael PIQUEPE,Demi de mêlée,https://rugbyamateur.fr/joueur/mael-piquepe/
Régionale 1,Confluent RC,Timeo PORRO,Centre,https://rugbyamateur.fr/joueur/timeo-porro/
Régionale 1,Confluent RC,Lenny RAGNO,Troisième ligne,https://rugbyamateur.fr/joueur/lenny-ragno/
Régionale 1,Confluent RC,Henri RAYNAUD,Centre,https://rugbyamateur.fr/joueur/henri-raynaud/
Régionale 1,Confluent RC,Kelyane RIEU PATEY,Centre,https://rugbyamateur.fr/joueur/kelyane-rieu-patey/
Régionale 1,Confluent RC,Nolan ROBBE,Pilier,https://rugbyamateur.fr/joueur/nolan-robbe/
Régionale 1,Confluent RC,William SALIGNE,Pilier,https://rugbyamateur.fr/joueur/william-saligne/
Régionale 1,Confluent RC,Esteban SARNIGUET PARDO,N/A,https://rugbyamateur.fr/joueur/esteban-sarniguet-pardo/
Régionale 1,Confluent RC,Isaac SILLANS,Deuxième ligne,https://rugbyamateur.fr/joueur/isaac-sillans/
Régionale 1,Confluent RC,Noe WIETER,Troisième ligne,https://rugbyamateur.fr/joueur/noe-wieter/
Régionale 1,Pays de Thiers,Baptiste AUDRERIE,Demi d&#039;ouverture,N/A
Régionale 1,Pays de Thiers,Louis BARNERIAS,Pilier,https://rugbyamateur.fr/joueur/louis-barnerias/
Régionale 1,Pays de Thiers,Benjamin BION,Talonneur,https://rugbyamateur.fr/joueur/benjamin-bion/
Régionale 1,Pays de Thiers,Pierre Antoine BRIVARY,Centre,N/A
Régionale 1,Espalion,Gabin AUGUY,Pilier,N/A
Régionale 1,Espalion,Charly ANISSET,Demi de mêlée,https://rugbyamateur.fr/joueur/charly-anisset/
Régionale 1,Espalion,Louis BERLAGUET,Centre,https://rugbyamateur.fr/joueur/louis-berlaguet/
Régionale 1,Espalion,Yann BESSIERE,N/A,https://rugbyamateur.fr/joueur/yann-bessiere/
Régionale 1,Espalion,Jeremy BLANCHET,Pilier,https://rugbyamateur.fr/joueur/jeremy-blanchet/
Régionale 1,Espalion,William BONNEL,N/A,N/A
Régionale 1,Espalion,Marion AYRAL,Pilier,N/A
Régionale 1,Espalion,Dorian ALBENQUE,Troisième ligne,https://rugbyamateur.fr/joueur/dorian-albenque/
Régionale 1,Espalion,Lilian ARTABAN,Deuxième ligne,https://rugbyamateur.fr/joueur/lilian-artaban/
Régionale 1,Espalion,Fabien AUGUY,Centre,https://rugbyamateur.fr/joueur/fabien-auguy/
Régionale 1,Espalion,Gaby BASTARD,Centre,https://rugbyamateur.fr/joueur/gaby-bastard/
Régionale 1,Espalion,Erwan BESSIERE,Troisième ligne,https://rugbyamateur.fr/joueur/erwan-bessiere/
Régionale 1,Espalion,Baptiste BORIES,Demi d&#039;ouverture,https://rugbyamateur.fr/joueur/baptiste-bories/
Régionale 1,Espalion,Simon CAETANO,Talonneur,N/A
Régionale 1,Espalion,Perrine APPOURCHAUX,Pilier,https://rugbyamateur.fr/joueur/perrine-appourchaux/
Régionale 1,Espalion,Lorena ARNONE,Ailier,https://rugbyamateur.fr/joueur/lorena-arnone/
Régionale 1,Espalion,Maryne BESSON,Pilier,N/A
Régionale 1,Chagny,Matteo AIME,Arrière,https://rugbyamateur.fr/joueur/matteo-aime/
Régionale 1,Chagny,Benjamin ALVES,Pilier,https://rugbyamateur.fr/joueur/benjamin-alves/
Régionale 1,Chagny,Christophe BELLATI,Deuxième ligne,https://rugbyamateur.fr/joueur/christophe-bellati/
Régionale 1,Chagny,David BERT,Ailier,https://rugbyamateur.fr/joueur/david-bert/
Régionale 1,Chagny,Maxime BESANCENOT,Troisième ligne,https://rugbyamateur.fr/joueur/maxime-besancenot/
Régionale 1,Chagny,Alexandre CARRE,Troisième ligne,https://rugbyamateur.fr/joueur/alexandre-carre/
Régionale 1,Chagny,Batiste DE LAURO,Demi d&#039;ouverture,https://rugbyamateur.fr/joueur/batiste-de-lauro/
Régionale 1,Chagny,Theo DUFRESNE,Centre,https://rugbyamateur.fr/joueur/theo-dufresne/
Régionale 1,Chagny,Alexandre FLEURY,Troisième ligne,https://rugbyamateur.fr/joueur/alexandre-fleury/
Régionale 1,Chagny,Marvin FOREST,Deuxième ligne,https://rugbyamateur.fr/joueur/marvin-forest/
Régionale 1,Chagny,Jonathan FRATER,Centre,https://rugbyamateur.fr/joueur/jonathan-frater/
Régionale 1,Chagny,Constant GADAN,Troisième ligne,https://rugbyamateur.fr/joueur/constant-gadan/
Régionale 1,Chagny,Maxence GUINOT,Pilier,https://rugbyamateur.fr/joueur/maxence-guinot/
Régionale 1,Chagny,Romain HUDRY,Demi de mêlée,https://rugbyamateur.fr/joueur/romain-hudry/
Régionale 1,Chagny,Mathieu HUGUEN,Troisième ligne,https://rugbyamateur.fr/joueur/mathieu-huguen/
Régionale 1,Chagny,Alexandre JURY,Demi de mêlée,https://rugbyamateur.fr/joueur/alexandre-jury/
Régionale 1,Chagny,Baptiste L HOSTE,Pilier,https://rugbyamateur.fr/joueur/baptiste-l-hoste/
Régionale 1,Chagny,Benjamin MARLOT,Pilier,https://rugbyamateur.fr/joueur/benjamin-marlot/
Régionale 1,Chagny,Nicolas MICHON,Talonneur,https://rugbyamateur.fr/joueur/nicolas-michon/
Régionale 1,Chagny,Allan MOINE,Deuxième ligne,https://rugbyamateur.fr/joueur/allan-moine/
Régionale 1,Chagny,Jeremy PANIER,Demi d&#039;ouverture,https://rugbyamateur.fr/joueur/jeremy-panier/
Régionale 1,Chagny,Melvil RICHARD,Arrière,https://rugbyamateur.fr/joueur/melvil-richard/
Régionale 1,Chagny,Eliott TRAVERS,Ailier,https://rugbyamateur.fr/joueur/eliott-travers/
Régionale 1,Chagny,Edgar VINTEJOUX,Deuxième ligne,https://rugbyamateur.fr/joueur/edgar-vintejoux/
Régionale 1,Chagny,Leandre BUFFLER,Deuxième ligne,https://rugbyamateur.fr/joueur/leandre-buffler/
Régionale 1,Chagny,Nino DEL FABBRO,Arrière,https://rugbyamateur.fr/joueur/nino-del-fabbro/
Régionale 1,Chagny,Marius DELCOURT,Ailier,https://rugbyamateur.fr/joueur/marius-delcourt/
Régionale 1,Chagny,Charlie DEMONET,Demi de mêlée,https://rugbyamateur.fr/joueur/charlie-demonet/
Régionale 1,Chagny,Charly DEQUE,Pilier,https://rugbyamateur.fr/joueur/charly-deque/
Régionale 1,Chagny,Matis DUPONT,Centre,https://rugbyamateur.fr/joueur/matis-dupont/
Régionale 1,Chagny,Nathan GARCIA,Talonneur,https://rugbyamateur.fr/joueur/nathan-garcia/
Régionale 1,Chagny,Martin GIRARD,Demi d&#039;ouverture,https://rugbyamateur.fr/joueur/martin-girard/
Régionale 1,Chagny,Jude GUIGNARD MILLET,Ailier,https://rugbyamateur.fr/joueur/jude-guignard-millet/
Régionale 1,Chagny,Baptiste HAMBACHER,Troisième ligne,https://rugbyamateur.fr/joueur/baptiste-hambacher/
Régionale 1,Chagny,Camille HERGOT,Talonneur,https://rugbyamateur.fr/joueur/camille-hergot/
Régionale 1,Chagny,Arthur HORST,Pilier,https://rugbyamateur.fr/joueur/arthur-horst/
Régionale 1,Chagny,Guillaume KELLER,Troisième ligne,https://rugbyamateur.fr/joueur/guillaume-keller/
Régionale 1,Chagny,Antony Daniel Henri LABONDE,Deuxième ligne,https://rugbyamateur.fr/joueur/antony-daniel-henri-labonde/
Régionale 1,Chagny,Matteo LAMONTRE,Ailier,https://rugbyamateur.fr/joueur/matteo-lamontre/
Régionale 1,Chagny,Camille LARRIEU,Deuxième ligne,https://rugbyamateur.fr/joueur/camille-larrieu/
Régionale 1,Chagny,Antonin MARZOCCHINI,Troisième ligne,https://rugbyamateur.fr/joueur/antonin-marzocchini/
Régionale 1,Chagny,Leo MOLINA,Talonneur,https://rugbyamateur.fr/joueur/leo-molina/
Régionale 1,Chagny,Maxence MOURLOT,Pilier,https://rugbyamateur.fr/joueur/maxence-mourlot/
Régionale 1,Chagny,Romeo NABOYEV,Deuxième ligne,https://rugbyamateur.fr/joueur/romeo-naboyev/
Régionale 1,Chagny,Axel NETH,Arrière,https://rugbyamateur.fr/joueur/axel-neth/
Régionale 1,Chagny,Simon NONNENMACHER,Centre,https://rugbyamateur.fr/joueur/simon-nonnenmacher/
Régionale 1,Chagny,Max NORET,Deuxième ligne,https://rugbyamateur.fr/joueur/max-noret/
Régionale 1,Chagny,Auguste PAIN,Demi de mêlée,https://rugbyamateur.fr/joueur/auguste-pain/
Régionale 1,Chagny,Hugo PIEJAK,Demi d&#039;ouverture,https://rugbyamateur.fr/joueur/hugo-piejak/
Régionale 1,Chagny,Malo POTHERAT,Ailier,https://rugbyamateur.fr/joueur/malo-potherat/
Régionale 1,Chagny,Antonin PREZELUS,Troisième ligne,https://rugbyamateur.fr/joueur/antonin-prezelus/
Régionale 1,Chagny,Baptiste REGADE,Demi de mêlée,N/A
Régionale 1,Chagny,Raphael ALIVAUD,Troisième ligne,https://rugbyamateur.fr/joueur/raphael-alivaud/
Régionale 1,Chagny,Gabriel Anthony BARLET,Centre,https://rugbyamateur.fr/joueur/gabriel-anthony-barlet/
Régionale 1,Chagny,Timon BARRE,N/A,https://rugbyamateur.fr/joueur/timon-barre/
Régionale 1,Chagny,Tom BEAUCAMP,Troisième ligne,https://rugbyamateur.fr/joueur/tom-beaucamp/
Régionale 1,Chagny,Victor BOST,Demi de mêlée,https://rugbyamateur.fr/joueur/victor-bost/
Régionale 1,Chagny,Quentin DELPERIE,Centre,https://rugbyamateur.fr/joueur/quentin-delperie/
Régionale 1,Chagny,Enzo DUFRESNE,Deuxième ligne,https://rugbyamateur.fr/joueur/enzo-dufresne/
Régionale 1,Chagny,Francesco FABIANI,Centre,https://rugbyamateur.fr/joueur/francesco-fabiani/
Régionale 1,Chagny,Sean Patrick GOHET,Centre,https://rugbyamateur.fr/joueur/sean-patrick-gohet/
Régionale 1,Chagny,Julien GUY,N/A,https://rugbyamateur.fr/joueur/julien-guy/
Régionale 1,Chagny,Idriss KIANI,Deuxième ligne,https://rugbyamateur.fr/joueur/idriss-kiani/
Régionale 1,Chagny,Yanis KRABCHI,Pilier,https://rugbyamateur.fr/joueur/yanis-krabchi/
Régionale 1,Chagny,Theo LE MEUR,Pilier,https://rugbyamateur.fr/joueur/theo-le-meur/
Régionale 1,Chagny,Sacha LECLERCQ,Ailier,https://rugbyamateur.fr/joueur/sacha-leclercq/
Régionale 1,Chagny,Eloi LECUYER,Troisième ligne,https://rugbyamateur.fr/joueur/eloi-lecuyer/
Régionale 1,Chagny,Quentin LEGRAND,Talonneur,https://rugbyamateur.fr/joueur/quentin-legrand/
Régionale 1,Chagny,Clement LIZABAULT,Deuxième ligne,https://rugbyamateur.fr/joueur/clement-lizabault/
Régionale 1,Chagny,Yannick LUCOTTE,Ailier,https://rugbyamateur.fr/joueur/yannick-lucotte/
Régionale 1,Chagny,Titouan MANDON,Ailier,https://rugbyamateur.fr/joueur/titouan-mandon/
Régionale 1,Chagny,Hippolyte MATHON,Demi d&#039;ouverture,https://rugbyamateur.fr/joueur/hippolyte-mathon/
Régionale 1,Chagny,Arthur Jean Philippe Maire Joseph MELIN,Arrière,https://rugbyamateur.fr/joueur/arthur-jean-philippe-maire-joseph-melin/
Régionale 1,Chagny,Antoine MORIAUX PELISSIER,Arrière,https://rugbyamateur.fr/joueur/antoine-moriaux-pelissier/
Régionale 1,Chagny,Virgile Jacky Jean PIERRAT,Troisième ligne,https://rugbyamateur.fr/joueur/virgile-jacky-jean-pierrat/
Régionale 1,Chagny,Paul ROQUES,Ailier,https://rugbyamateur.fr/joueur/paul-roques/
Régionale 1,Chagny,Loick SAISSET,Deuxième ligne,https://rugbyamateur.fr/joueur/loick-saisset/
Régionale 1,Chagny,Edgar TRAVERS,N/A,https://rugbyamateur.fr/joueur/edgar-travers/
Régionale 1,Chagny,Maxence BACHEY,Arrière,N/A
Régionale 1,Chagny,Dylan ALEXANDRE,N/A,N/A
Régionale 1,Eyrieux,Benjamin ASTIER,Troisième ligne,https://rugbyamateur.fr/joueur/benjamin-astier/
Régionale 1,Eyrieux,Jeremy AUNAVE,Deuxième ligne,https://rugbyamateur.fr/joueur/jeremy-aunave/
Régionale 1,Eyrieux,Antoine BARRES,Deuxième ligne,https://rugbyamateur.fr/joueur/antoine-barres/
Régionale 1,Eyrieux,Clement BARRES,Troisième ligne,https://rugbyamateur.fr/joueur/clement-barres/
Régionale 1,Eyrieux,Baptiste BLACHIER,Deuxième ligne,https://rugbyamateur.fr/joueur/baptiste-blachier/
Régionale 1,Eyrieux,Anthony CHABAL,Ailier,https://rugbyamateur.fr/joueur/anthony-chabal/
Régionale 1,Eyrieux,Joris CHABERT,Troisième ligne,https://rugbyamateur.fr/joueur/joris-chabert/
Régionale 1,Eyrieux,Nicolas CHASSON,Talonneur,https://rugbyamateur.fr/joueur/nicolas-chasson/
Régionale 1,Eyrieux,Emilien COQ,Centre,https://rugbyamateur.fr/joueur/emilien-coq/
Régionale 1,Eyrieux,Gregory FOUGIER,Deuxième ligne,https://rugbyamateur.fr/joueur/gregory-fougier/
Régionale 1,Eyrieux,Alexandre GUIRAUD,Deuxième ligne,https://rugbyamateur.fr/joueur/alexandre-guiraud/
Régionale 1,Eyrieux,Melvin LIOTARD,Ailier,https://rugbyamateur.fr/joueur/melvin-liotard/
Régionale 1,Eyrieux,Irwin MONTEIL,Pilier,https://rugbyamateur.fr/joueur/irwin-monteil/
Régionale 1,Eyrieux,Nale MULLER,Talonneur,https://rugbyamateur.fr/joueur/nale-muller/
Régionale 1,Eyrieux,Jimilai NAIKADAWA,Troisième ligne,https://rugbyamateur.fr/joueur/jimilai-naikadawa/
Régionale 1,Eyrieux,Anthony PIVATO,Arrière,https://rugbyamateur.fr/joueur/anthony-pivato/
Régionale 1,Eyrieux,Noe ROCHE,Pilier,https://rugbyamateur.fr/joueur/noe-roche/
Régionale 1,Eyrieux,Clement ROUVEYROL,Centre,https://rugbyamateur.fr/joueur/clement-rouveyrol/
Régionale 1,Eyrieux,Gabin ROUVEYROL,Centre,https://rugbyamateur.fr/joueur/gabin-rouveyrol/
Régionale 1,Eyrieux,Antoine VERDIER,Demi de mêlée,https://rugbyamateur.fr/joueur/antoine-verdier/
Régionale 1,Eyrieux,Mathis VIALATTE,Demi d&#039;ouverture,https://rugbyamateur.fr/joueur/mathis-vialatte/
Régionale 1,Eyrieux,Robin VIALATTE,Centre,https://rugbyamateur.fr/joueur/robin-vialatte/
Régionale 1,Eyrieux,Noam CHARRIER,Talonneur,https://rugbyamateur.fr/joueur/noam-charrier/
Régionale 1,Eyrieux,Maxence CHAUSSINAND,Ailier,https://rugbyamateur.fr/joueur/maxence-chaussinand/
Régionale 1,Eyrieux,Paulin CHAUVY,Centre,https://rugbyamateur.fr/joueur/paulin-chauvy/
Régionale 1,Eyrieux,Bastien CLEMENT,Deuxième ligne,https://rugbyamateur.fr/joueur/bastien-clement/
Régionale 1,Eyrieux,Noa COMBES,Pilier,https://rugbyamateur.fr/joueur/noa-combes/
Régionale 1,Eyrieux,Eliott FAUGERE,Pilier,https://rugbyamateur.fr/joueur/eliott-faugere/
Régionale 1,Eyrieux,Gabin GOURDIN,Troisième ligne,https://rugbyamateur.fr/joueur/gabin-gourdin/
Régionale 1,Eyrieux,Timeo LOUIS,Deuxième ligne,https://rugbyamateur.fr/joueur/timeo-louis/
Régionale 1,Eyrieux,Ryan MARTINS,Demi d&#039;ouverture,https://rugbyamateur.fr/joueur/ryan-martins/
Régionale 1,Eyrieux,Esteban ROUX,Ailier,https://rugbyamateur.fr/joueur/esteban-roux/
Régionale 1,Eyrieux,Bastien VERRALEWECK,Pilier,https://rugbyamateur.fr/joueur/bastien-verraleweck/
Régionale 1,Eyrieux,Taom VERRY,Troisième ligne,N/A
Régionale 1,Mazères-Cassagne,Leo ARCANGELI,Deuxième ligne,https://rugbyamateur.fr/joueur/leo-arcangeli/
Régionale 1,Mazères-Cassagne,Brice BERTINI,Ailier,N/A
Régionale 1,Mazères-Cassagne,Elsa ARNOULD,Centre,https://rugbyamateur.fr/joueur/elsa-arnould/
Régionale 1,Mazères-Cassagne,Lola BABOULET,N/A,N/A
Régionale 1,Saintes,Norah ALENCON,Arrière,https://rugbyamateur.fr/joueur/norah-alencon/
Régionale 1,Saintes,Lilou ANDRE,Deuxième ligne,N/A
Régionale 1,Villeneuve d&#039;Asq/Lille,Theresa ALIKITOA,Pilier,https://rugbyamateur.fr/joueur/theresa-alikitoa/
Régionale 1,Villeneuve d&#039;Asq/Lille,Niamey BADIAKOUAOU MAGASSA,Demi de mêlée,N/A
Régionale 1,Orange,Simon ARMIENTO,Demi de mêlée,https://rugbyamateur.fr/joueur/simon-armiento/
Régionale 1,Orange,Anatole BAYON,Troisième ligne,https://rugbyamateur.fr/joueur/anatole-bayon/
Régionale 1,Orange,Hugo BAYON,Pilier,https://rugbyamateur.fr/joueur/hugo-bayon/
Régionale 1,Orange,Jonathan BERENGER,Centre,https://rugbyamateur.fr/joueur/jonathan-berenger/
Régionale 1,Orange,Bastien BONJEAN,Demi de mêlée,https://rugbyamateur.fr/joueur/bastien-bonjean/
Régionale 1,Orange,Florian BOUDOT,N/A,https://rugbyamateur.fr/joueur/florian-boudot/
Régionale 1,Orange,Waren CAUFRIEZ,N/A,https://rugbyamateur.fr/joueur/waren-caufriez/
Régionale 1,Orange,Hugo DUCROS,Troisième ligne,https://rugbyamateur.fr/joueur/hugo-ducros/
Régionale 1,Orange,Jaoued ELKHADFI,Talonneur,https://rugbyamateur.fr/joueur/jaoued-elkhadfi/
Régionale 1,Orange,Michel GRACIA,Centre,https://rugbyamateur.fr/joueur/michel-gracia/
Régionale 1,Orange,Pierre Michel JULLIEN,Ailier,https://rugbyamateur.fr/joueur/pierre-michel-jullien/
Régionale 1,Orange,Thibaut LOZANO,Pilier,https://rugbyamateur.fr/joueur/thibaut-lozano/
Régionale 1,Orange,Aurelien MILLION,Ailier,https://rugbyamateur.fr/joueur/aurelien-million/
Régionale 1,Orange,Teddy MOURGES,N/A,https://rugbyamateur.fr/joueur/teddy-mourges/
Régionale 1,Orange,Enzo MURZILLI,N/A,https://rugbyamateur.fr/joueur/enzo-murzilli/
Régionale 1,Orange,Erdall ONAY,Deuxième ligne,https://rugbyamateur.fr/joueur/erdall-onay/
Régionale 1,Orange,Khalid QORI,N/A,https://rugbyamateur.fr/joueur/khalid-qori/
Régionale 1,Orange,Anthony QUEIREL,Troisième ligne,https://rugbyamateur.fr/joueur/anthony-queirel/
Régionale 1,Orange,Mathieu RENAUX,N/A,https://rugbyamateur.fr/joueur/mathieu-renaux/
Régionale 1,Orange,Kevin RESSE,Talonneur,https://rugbyamateur.fr/joueur/kevin-resse/
Régionale 1,Orange,Audric BAUDOUIN,Centre,https://rugbyamateur.fr/joueur/audric-baudouin/
Régionale 1,Orange,Clement BERTIER,Pilier,https://rugbyamateur.fr/joueur/clement-bertier/
Régionale 1,Orange,Kamel BOUHATI,Demi de mêlée,https://rugbyamateur.fr/joueur/kamel-bouhati/
Régionale 1,Orange,Lucas BOURGES,Arrière,https://rugbyamateur.fr/joueur/lucas-bourges/
Régionale 1,Orange,Iliace CHERIF,Troisième ligne,https://rugbyamateur.fr/joueur/iliace-cherif/
Régionale 1,Orange,Thomas GEREYS,Centre,https://rugbyamateur.fr/joueur/thomas-gereys/
Régionale 1,Orange,Benjamin GUILHOT,Deuxième ligne,https://rugbyamateur.fr/joueur/benjamin-guilhot/
Régionale 1,Orange,Quentin LAGET,Troisième ligne,https://rugbyamateur.fr/joueur/quentin-laget/
Régionale 1,Orange,Axel MITAYNE,Centre,https://rugbyamateur.fr/joueur/axel-mitayne/
Régionale 1,Orange,Reda NAAMAN,Deuxième ligne,https://rugbyamateur.fr/joueur/reda-naaman/
Régionale 1,Orange,Dorian POINT,Centre,https://rugbyamateur.fr/joueur/dorian-point/
Régionale 1,Orange,Frederic ROCHE,Demi d&#039;ouverture,https://rugbyamateur.fr/joueur/frederic-roche/
Régionale 1,Orange,Xavier ROLIN,Deuxième ligne,https://rugbyamateur.fr/joueur/xavier-rolin/
Régionale 1,Orange,Aurelien ROLLAND,Talonneur,https://rugbyamateur.fr/joueur/aurelien-rolland/
Régionale 1,Orange,Wanisse SID,Troisième ligne,https://rugbyamateur.fr/joueur/wanisse-sid/
Régionale 1,Orange,Romain SIEGEL,Demi d&#039;ouverture,https://rugbyamateur.fr/joueur/romain-siegel/
Régionale 1,Orange,Jordan SOCIE,Deuxième ligne,https://rugbyamateur.fr/joueur/jordan-socie/
Régionale 1,Orange,Hugo TOCCANIER,Pilier,https://rugbyamateur.fr/joueur/hugo-toccanier/
Régionale 1,Orange,Husam TOUBAL,Ailier,https://rugbyamateur.fr/joueur/husam-toubal/
Régionale 1,Orange,Julien UZEL,N/A,https://rugbyamateur.fr/joueur/julien-uzel/
Régionale 1,Orange,Nicolas VATON,Pilier,https://rugbyamateur.fr/joueur/nicolas-vaton/
Régionale 1,Orange,Julien WAETERINCKX,Deuxième ligne,https://rugbyamateur.fr/joueur/julien-waeterinckx/
Régionale 1,Hayange,Loris AVE,Troisième ligne,https://rugbyamateur.fr/joueur/loris-ave/
Régionale 1,Hayange,William BUCHWALD,Ailier,https://rugbyamateur.fr/joueur/william-buchwald/
Régionale 1,Hayange,Baptiste DODELER,Pilier,https://rugbyamateur.fr/joueur/baptiste-dodeler/
Régionale 1,Hayange,Cameronn DUVAL,Arrière,https://rugbyamateur.fr/joueur/cameronn-duval/
Régionale 1,Hayange,Erwan FELIKSAK,Troisième ligne,https://rugbyamateur.fr/joueur/erwan-feliksak/
Régionale 1,Hayange,Joffrey FRESSARD,Ailier,https://rugbyamateur.fr/joueur/joffrey-fressard/
Régionale 1,Hayange,Noah GERNHARD,Deuxième ligne,https://rugbyamateur.fr/joueur/noah-gernhard/
Régionale 1,Hayange,Theo GHILAIN,Deuxième ligne,https://rugbyamateur.fr/joueur/theo-ghilain/
Régionale 1,Hayange,Nicolas GOUET,Pilier,https://rugbyamateur.fr/joueur/nicolas-gouet/
Régionale 1,Hayange,Sam JOET,Talonneur,https://rugbyamateur.fr/joueur/sam-joet/
Régionale 1,Hayange,Eliot LALLEMAND,Pilier,https://rugbyamateur.fr/joueur/eliot-lallemand/
Régionale 1,Hayange,Calvin LANGIU,Centre,https://rugbyamateur.fr/joueur/calvin-langiu/
Régionale 1,Hayange,Deavon LUPINI,Ailier,https://rugbyamateur.fr/joueur/deavon-lupini/
Régionale 1,Hayange,Emerick MASSE,N/A,https://rugbyamateur.fr/joueur/emerick-masse/
Régionale 1,Hayange,Maxime METROT,Arrière,https://rugbyamateur.fr/joueur/maxime-metrot/
Régionale 1,Hayange,Luigi MONTINI,Demi de mêlée,https://rugbyamateur.fr/joueur/luigi-montini/
Régionale 1,Hayange,Axel NAVELET,Deuxième ligne,https://rugbyamateur.fr/joueur/axel-navelet/
Régionale 1,Hayange,Flavian PUISSANT,Centre,https://rugbyamateur.fr/joueur/flavian-puissant/
Régionale 1,Hayange,Thomas RUBEO LISA,Talonneur,https://rugbyamateur.fr/joueur/thomas-rubeo-lisa/
Régionale 1,Hayange,Antton SECULA,Troisième ligne,https://rugbyamateur.fr/joueur/antton-secula/
Régionale 1,Hayange,Gael VAN SCHINGEN,Deuxième ligne,https://rugbyamateur.fr/joueur/gael-van-schingen/
Régionale 1,Hayange,Titouan VENERUCCI,Demi d&#039;ouverture,https://rugbyamateur.fr/joueur/titouan-venerucci/
Régionale 1,Hayange,Paul BECKER,Demi de mêlée,https://rugbyamateur.fr/joueur/paul-becker/
Régionale 1,Hayange,Milan BERNARD,Demi de mêlée,https://rugbyamateur.fr/joueur/milan-bernard/
Régionale 1,Hayange,Arthur BINANZER,Centre,https://rugbyamateur.fr/joueur/arthur-binanzer/
Régionale 1,Hayange,Francois BOYER,Deuxième ligne,https://rugbyamateur.fr/joueur/francois-boyer/
Régionale 1,Hayange,Thomas COLEMAN,Arrière,https://rugbyamateur.fr/joueur/thomas-coleman/
Régionale 1,Hayange,Aymeric CREOLA,Ailier,https://rugbyamateur.fr/joueur/aymeric-creola/
Régionale 1,Hayange,Jerome DELFORGE,Ailier,https://rugbyamateur.fr/joueur/jerome-delforge/
Régionale 1,Hayange,Florent DELOUX,Troisième ligne,https://rugbyamateur.fr/joueur/florent-deloux/
Régionale 1,Hayange,Jeremy DEMMER,Deuxième ligne,https://rugbyamateur.fr/joueur/jeremy-demmer/
Régionale 1,Hayange,Aurelien DUTHOIT,Pilier,https://rugbyamateur.fr/joueur/aurelien-duthoit/
Régionale 1,Hayange,Rayan EMO,Centre,https://rugbyamateur.fr/joueur/rayan-emo/
Régionale 1,Hayange,Visei FAKATAULAVELUA,Talonneur,https://rugbyamateur.fr/joueur/visei-fakataulavelua/
Régionale 1,Hayange,Erwan FELIKSAK,Troisième ligne,https://rugbyamateur.fr/joueur/erwan-feliksak/
Régionale 1,Hayange,William GAZEL,Troisième ligne,https://rugbyamateur.fr/joueur/william-gazel/
Régionale 1,Hayange,Jeremy GUIDON,Talonneur,https://rugbyamateur.fr/joueur/jeremy-guidon/
Régionale 1,Hayange,Tristan HARTENSTEIN,Arrière,N/A
Régionale 1,Hayange,Jules BIROU,Pilier,N/A
Régionale 1,C LEO LAGRAN,Mathis ALLANO,Deuxième ligne,N/A
Régionale 1,C LEO LAGRAN,Benjamin BARGE,Pilier,https://rugbyamateur.fr/joueur/benjamin-barge/
Régionale 1,C LEO LAGRAN,Tom BONNISSANT,Deuxième ligne,https://rugbyamateur.fr/joueur/tom-bonnissant/
Régionale 1,C LEO LAGRAN,Hippolyte BOONE,Demi d&#039;ouverture,https://rugbyamateur.fr/joueur/hippolyte-boone/
Régionale 1,C LEO LAGRAN,Ilan BOUTILLIER,N/A,https://rugbyamateur.fr/joueur/ilan-boutillier/
Régionale 1,C LEO LAGRAN,Germain CLAUS,Pilier,https://rugbyamateur.fr/joueur/germain-claus/
Régionale 1,C LEO LAGRAN,Hector CLAUS,N/A,https://rugbyamateur.fr/joueur/hector-claus/
Régionale 1,C LEO LAGRAN,Alix DELPLANQUE,Demi de mêlée,N/A
Régionale 1,C LEO LAGRAN,Romain BARTIER,Talonneur,N/A
Régionale 1,Champagnole,Benjamin BESSON,Troisième ligne,https://rugbyamateur.fr/joueur/benjamin-besson/
Régionale 1,Champagnole,Pierre BESSON,Talonneur,https://rugbyamateur.fr/joueur/pierre-besson/
Régionale 1,Champagnole,Steve BINDA,Ailier,https://rugbyamateur.fr/joueur/steve-binda/
Régionale 1,Champagnole,Stephane BOLOMIER,Demi d&#039;ouverture,N/A
Régionale 1,Champagnole,Matteo AIME,Arrière,https://rugbyamateur.fr/joueur/matteo-aime/
Régionale 1,Champagnole,Benjamin ALVES,Pilier,https://rugbyamateur.fr/joueur/benjamin-alves/
Régionale 1,Champagnole,Christophe BELLATI,Deuxième ligne,https://rugbyamateur.fr/joueur/christophe-bellati/
Régionale 1,Champagnole,David BERT,Ailier,https://rugbyamateur.fr/joueur/david-bert/
Régionale 1,Champagnole,Maxime BESANCENOT,Troisième ligne,https://rugbyamateur.fr/joueur/maxime-besancenot/
Régionale 1,Champagnole,Alexandre CARRE,Troisième ligne,https://rugbyamateur.fr/joueur/alexandre-carre/
Régionale 1,Champagnole,Batiste DE LAURO,Demi d&#039;ouverture,https://rugbyamateur.fr/joueur/batiste-de-lauro/
Régionale 1,Champagnole,Theo DUFRESNE,Centre,https://rugbyamateur.fr/joueur/theo-dufresne/
Régionale 1,Champagnole,Alexandre FLEURY,Troisième ligne,https://rugbyamateur.fr/joueur/alexandre-fleury/
Régionale 1,Champagnole,Marvin FOREST,Deuxième ligne,https://rugbyamateur.fr/joueur/marvin-forest/
Régionale 1,Champagnole,Jonathan FRATER,Centre,https://rugbyamateur.fr/joueur/jonathan-frater/
Régionale 1,Champagnole,Constant GADAN,Troisième ligne,https://rugbyamateur.fr/joueur/constant-gadan/
Régionale 1,Champagnole,Maxence GUINOT,Pilier,https://rugbyamateur.fr/joueur/maxence-guinot/
Régionale 1,Champagnole,Romain HUDRY,Demi de mêlée,https://rugbyamateur.fr/joueur/romain-hudry/
Régionale 1,Champagnole,Mathieu HUGUEN,Troisième ligne,https://rugbyamateur.fr/joueur/mathieu-huguen/
Régionale 1,Champagnole,Alexandre JURY,Demi de mêlée,https://rugbyamateur.fr/joueur/alexandre-jury/
Régionale 1,Champagnole,Baptiste L HOSTE,Pilier,https://rugbyamateur.fr/joueur/baptiste-l-hoste/
Régionale 1,Champagnole,Benjamin MARLOT,Pilier,https://rugbyamateur.fr/joueur/benjamin-marlot/
Régionale 1,Champagnole,Nicolas MICHON,Talonneur,https://rugbyamateur.fr/joueur/nicolas-michon/
Régionale 1,Champagnole,Allan MOINE,Deuxième ligne,https://rugbyamateur.fr/joueur/allan-moine/
Régionale 1,Champagnole,Jeremy PANIER,Demi d&#039;ouverture,https://rugbyamateur.fr/joueur/jeremy-panier/
Régionale 1,Champagnole,Melvil RICHARD,Arrière,https://rugbyamateur.fr/joueur/melvil-richard/
Régionale 1,Champagnole,Eliott TRAVERS,Ailier,https://rugbyamateur.fr/joueur/eliott-travers/
Régionale 1,Champagnole,Edgar VINTEJOUX,Deuxième ligne,https://rugbyamateur.fr/joueur/edgar-vintejoux/
Régionale 1,Champagnole,Leandre BUFFLER,Deuxième ligne,https://rugbyamateur.fr/joueur/leandre-buffler/
Régionale 1,Champagnole,Nino DEL FABBRO,Arrière,https://rugbyamateur.fr/joueur/nino-del-fabbro/
Régionale 1,Champagnole,Marius DELCOURT,Ailier,https://rugbyamateur.fr/joueur/marius-delcourt/
Régionale 1,Champagnole,Charlie DEMONET,Demi de mêlée,https://rugbyamateur.fr/joueur/charlie-demonet/
Régionale 1,Champagnole,Charly DEQUE,Pilier,https://rugbyamateur.fr/joueur/charly-deque/
Régionale 1,Champagnole,Matis DUPONT,Centre,https://rugbyamateur.fr/joueur/matis-dupont/
Régionale 1,Champagnole,Nathan GARCIA,Talonneur,https://rugbyamateur.fr/joueur/nathan-garcia/
Régionale 1,Champagnole,Martin GIRARD,Demi d&#039;ouverture,https://rugbyamateur.fr/joueur/martin-girard/
Régionale 1,Champagnole,Jude GUIGNARD MILLET,Ailier,https://rugbyamateur.fr/joueur/jude-guignard-millet/
Régionale 1,Champagnole,Baptiste HAMBACHER,Troisième ligne,https://rugbyamateur.fr/joueur/baptiste-hambacher/
Régionale 1,Champagnole,Camille HERGOT,Talonneur,https://rugbyamateur.fr/joueur/camille-hergot/
Régionale 1,Champagnole,Arthur HORST,Pilier,https://rugbyamateur.fr/joueur/arthur-horst/
Régionale 1,Champagnole,Guillaume KELLER,Troisième ligne,https://rugbyamateur.fr/joueur/guillaume-keller/
Régionale 1,Champagnole,Antony Daniel Henri LABONDE,Deuxième ligne,https://rugbyamateur.fr/joueur/antony-daniel-henri-labonde/
Régionale 1,Champagnole,Matteo LAMONTRE,Ailier,https://rugbyamateur.fr/joueur/matteo-lamontre/
Régionale 1,Champagnole,Camille LARRIEU,Deuxième ligne,https://rugbyamateur.fr/joueur/camille-larrieu/
Régionale 1,Champagnole,Antonin MARZOCCHINI,Troisième ligne,https://rugbyamateur.fr/joueur/antonin-marzocchini/
Régionale 1,Champagnole,Leo MOLINA,Talonneur,https://rugbyamateur.fr/joueur/leo-molina/
Régionale 1,Champagnole,Maxence MOURLOT,Pilier,https://rugbyamateur.fr/joueur/maxence-mourlot/
Régionale 1,Champagnole,Romeo NABOYEV,Deuxième ligne,https://rugbyamateur.fr/joueur/romeo-naboyev/
Régionale 1,Champagnole,Axel NETH,Arrière,https://rugbyamateur.fr/joueur/axel-neth/
Régionale 1,Champagnole,Simon NONNENMACHER,Centre,https://rugbyamateur.fr/joueur/simon-nonnenmacher/
Régionale 1,Champagnole,Max NORET,Deuxième ligne,https://rugbyamateur.fr/joueur/max-noret/
Régionale 1,Champagnole,Auguste PAIN,Demi de mêlée,https://rugbyamateur.fr/joueur/auguste-pain/
Régionale 1,Champagnole,Hugo PIEJAK,Demi d&#039;ouverture,https://rugbyamateur.fr/joueur/hugo-piejak/
Régionale 1,Champagnole,Malo POTHERAT,Ailier,https://rugbyamateur.fr/joueur/malo-potherat/
Régionale 1,Champagnole,Antonin PREZELUS,Troisième ligne,https://rugbyamateur.fr/joueur/antonin-prezelus/
Régionale 1,Champagnole,Baptiste REGADE,Demi de mêlée,N/A
Régionale 1,Champagnole,Raphael ALIVAUD,Troisième ligne,https://rugbyamateur.fr/joueur/raphael-alivaud/
Régionale 1,Champagnole,Gabriel Anthony BARLET,Centre,https://rugbyamateur.fr/joueur/gabriel-anthony-barlet/
Régionale 1,Champagnole,Timon BARRE,N/A,https://rugbyamateur.fr/joueur/timon-barre/
Régionale 1,Champagnole,Tom BEAUCAMP,Troisième ligne,https://rugbyamateur.fr/joueur/tom-beaucamp/
Régionale 1,Champagnole,Victor BOST,Demi de mêlée,https://rugbyamateur.fr/joueur/victor-bost/
Régionale 1,Champagnole,Quentin DELPERIE,Centre,https://rugbyamateur.fr/joueur/quentin-delperie/
Régionale 1,Champagnole,Enzo DUFRESNE,Deuxième ligne,https://rugbyamateur.fr/joueur/enzo-dufresne/
Régionale 1,Champagnole,Francesco FABIANI,Centre,https://rugbyamateur.fr/joueur/francesco-fabiani/
Régionale 1,Champagnole,Sean Patrick GOHET,Centre,https://rugbyamateur.fr/joueur/sean-patrick-gohet/
Régionale 1,Champagnole,Julien GUY,N/A,https://rugbyamateur.fr/joueur/julien-guy/
Régionale 1,Champagnole,Idriss KIANI,Deuxième ligne,https://rugbyamateur.fr/joueur/idriss-kiani/
Régionale 1,Champagnole,Yanis KRABCHI,Pilier,https://rugbyamateur.fr/joueur/yanis-krabchi/
Régionale 1,Champagnole,Theo LE MEUR,Pilier,https://rugbyamateur.fr/joueur/theo-le-meur/
Régionale 1,Champagnole,Sacha LECLERCQ,Ailier,https://rugbyamateur.fr/joueur/sacha-leclercq/
Régionale 1,Champagnole,Eloi LECUYER,Troisième ligne,https://rugbyamateur.fr/joueur/eloi-lecuyer/
Régionale 1,Champagnole,Quentin LEGRAND,Talonneur,https://rugbyamateur.fr/joueur/quentin-legrand/
Régionale 1,Champagnole,Clement LIZABAULT,Deuxième ligne,https://rugbyamateur.fr/joueur/clement-lizabault/
Régionale 1,Champagnole,Yannick LUCOTTE,Ailier,https://rugbyamateur.fr/joueur/yannick-lucotte/
Régionale 1,Champagnole,Titouan MANDON,Ailier,https://rugbyamateur.fr/joueur/titouan-mandon/
Régionale 1,Champagnole,Hippolyte MATHON,Demi d&#039;ouverture,https://rugbyamateur.fr/joueur/hippolyte-mathon/
Régionale 1,Champagnole,Arthur Jean Philippe Maire Joseph MELIN,Arrière,https://rugbyamateur.fr/joueur/arthur-jean-philippe-maire-joseph-melin/
Régionale 1,Champagnole,Antoine MORIAUX PELISSIER,Arrière,https://rugbyamateur.fr/joueur/antoine-moriaux-pelissier/
Régionale 1,Champagnole,Virgile Jacky Jean PIERRAT,Troisième ligne,https://rugbyamateur.fr/joueur/virgile-jacky-jean-pierrat/
Régionale 1,Champagnole,Paul ROQUES,Ailier,https://rugbyamateur.fr/joueur/paul-roques/
Régionale 1,Champagnole,Loick SAISSET,Deuxième ligne,https://rugbyamateur.fr/joueur/loick-saisset/
Régionale 1,Champagnole,Edgar TRAVERS,N/A,https://rugbyamateur.fr/joueur/edgar-travers/
Régionale 1,Champagnole,Nolan AUTHIER,Demi de mêlée,https://rugbyamateur.fr/joueur/nolan-authier/
Régionale 1,Champagnole,Nathan CLERGUE,Ailier,https://rugbyamateur.fr/joueur/nathan-clergue/
Régionale 1,Champagnole,Ethan DALLOZ--CAREL,Troisième ligne,https://rugbyamateur.fr/joueur/ethan-dalloz-carel/
Régionale 1,Champagnole,Marlone DERIVIERE,Pilier,https://rugbyamateur.fr/joueur/marlone-deriviere/
Régionale 1,Champagnole,Alix DURAFFOURG,Demi d&#039;ouverture,https://rugbyamateur.fr/joueur/alix-duraffourg/
Régionale 1,Champagnole,Antonin GREMION,Demi d&#039;ouverture,https://rugbyamateur.fr/joueur/antonin-gremion/
Régionale 1,Champagnole,Luard HALITI,Pilier,https://rugbyamateur.fr/joueur/luard-haliti/
Régionale 1,Champagnole,Bleon HOTI FAZLIJA,Talonneur,https://rugbyamateur.fr/joueur/bleon-hoti-fazlija/
Régionale 1,Champagnole,Gabriel LEGRAND GUILLOT,Pilier,https://rugbyamateur.fr/joueur/gabriel-legrand-guillot/
Régionale 1,Champagnole,Noe PAILLARD,Ailier,https://rugbyamateur.fr/joueur/noe-paillard/
Régionale 1,Champagnole,Gabriel PAQUET,Ailier,https://rugbyamateur.fr/joueur/gabriel-paquet/
Régionale 1,Champagnole,Charly PATULA,Centre,https://rugbyamateur.fr/joueur/charly-patula/
Régionale 1,Champagnole,Simon PERRIER FILIPPI,Deuxième ligne,N/A
Régionale 1,Champagnole,Noa ALI KADA,Troisième ligne,https://rugbyamateur.fr/joueur/noa-ali-kada/
Régionale 1,Champagnole,Alexandro BOSSU,Demi d&#039;ouverture,https://rugbyamateur.fr/joueur/alexandro-bossu/
Régionale 1,Champagnole,Robin BRONNER,N/A,https://rugbyamateur.fr/joueur/robin-bronner/
Régionale 1,Champagnole,Simon DOUILLET,Deuxième ligne,https://rugbyamateur.fr/joueur/simon-douillet/
Régionale 1,Champagnole,Timeo DUFFOUR,N/A,https://rugbyamateur.fr/joueur/timeo-duffour/
Régionale 1,Champagnole,Lucien GALICE,Demi de mêlée,https://rugbyamateur.fr/joueur/lucien-galice/
Régionale 1,Champagnole,Clement GUINAND,Arrière,https://rugbyamateur.fr/joueur/clement-guinand/
Régionale 1,Champagnole,Bryan HOSTELART,Centre,https://rugbyamateur.fr/joueur/bryan-hostelart/
Régionale 1,Champagnole,Maxime HUBER,Arrière,https://rugbyamateur.fr/joueur/maxime-huber/
Régionale 1,Champagnole,Bernard KLEIN,Pilier,https://rugbyamateur.fr/joueur/bernard-klein/
Régionale 1,Champagnole,Tom LOBEROT,Pilier,https://rugbyamateur.fr/joueur/tom-loberot/
Régionale 1,Champagnole,Raphael MANZONI,Talonneur,https://rugbyamateur.fr/joueur/raphael-manzoni/
Régionale 1,Champagnole,Shun MINOLETTI,Demi de mêlée,https://rugbyamateur.fr/joueur/shun-minoletti/
Régionale 1,Champagnole,Noha NICOLAS,Ailier,https://rugbyamateur.fr/joueur/noha-nicolas/
Régionale 1,Champagnole,Lorenzo PERILLO,Pilier,https://rugbyamateur.fr/joueur/lorenzo-perillo/
Régionale 1,Champagnole,Gabin PERRIER MICHON,Demi de mêlée,https://rugbyamateur.fr/joueur/gabin-perrier-michon/
Régionale 1,Champagnole,Joshua ROSSELET JORDAN,Deuxième ligne,https://rugbyamateur.fr/joueur/joshua-rosselet-jordan/
Régionale 1,Champagnole,Bastien THOMAS,Ailier,https://rugbyamateur.fr/joueur/bastien-thomas/
Régionale 1,Dole,Maxence ATAYI,Troisième ligne,https://rugbyamateur.fr/joueur/maxence-atayi/
Régionale 1,Dole,Mathias BALARD,Deuxième ligne,https://rugbyamateur.fr/joueur/mathias-balard/
Régionale 1,Dole,Jeremy BENCINA,Pilier,https://rugbyamateur.fr/joueur/jeremy-bencina/
Régionale 1,Dole,Valentin BERARD,Ailier,https://rugbyamateur.fr/joueur/valentin-berard/
Régionale 1,Dole,Anthony BOULANGER,Pilier,https://rugbyamateur.fr/joueur/anthony-boulanger/
Régionale 1,Dole,Charly COURTITARAT THOMAS GUINANT,Centre,https://rugbyamateur.fr/joueur/charly-courtitarat-thomas-guinant/
Régionale 1,Dole,Enzo DEMONET,Demi de mêlée,https://rugbyamateur.fr/joueur/enzo-demonet/
Régionale 1,Dole,Leo DUMONT,Centre,https://rugbyamateur.fr/joueur/leo-dumont/
Régionale 1,Dole,Vivian FAIVRE,Pilier,https://rugbyamateur.fr/joueur/vivian-faivre/
Régionale 1,Dole,Dorian FALUE DELCEY,Talonneur,N/A
Régionale 1,Dole,Jules BERSUAT,Talonneur,https://rugbyamateur.fr/joueur/jules-bersuat/
Régionale 1,Dole,Lois BONJOUR,Ailier,N/A
Régionale 1,Dole,Victor ANGONIN,N/A,https://rugbyamateur.fr/joueur/victor-angonin/
Régionale 1,Dole,Loucian BONJOUR,Pilier,https://rugbyamateur.fr/joueur/loucian-bonjour/
Régionale 1,Dole,Anatole BREGAND,Pilier,https://rugbyamateur.fr/joueur/anatole-bregand/
Régionale 1,Dole,Evan CASANOVA,Ailier,N/A
Régionale 1,Dole,Matteo AIME,Arrière,https://rugbyamateur.fr/joueur/matteo-aime/
Régionale 1,Dole,Benjamin ALVES,Pilier,https://rugbyamateur.fr/joueur/benjamin-alves/
Régionale 1,Dole,Christophe BELLATI,Deuxième ligne,https://rugbyamateur.fr/joueur/christophe-bellati/
Régionale 1,Dole,David BERT,Ailier,https://rugbyamateur.fr/joueur/david-bert/
Régionale 1,Dole,Maxime BESANCENOT,Troisième ligne,https://rugbyamateur.fr/joueur/maxime-besancenot/
Régionale 1,Dole,Alexandre CARRE,Troisième ligne,https://rugbyamateur.fr/joueur/alexandre-carre/
Régionale 1,Dole,Batiste DE LAURO,Demi d&#039;ouverture,https://rugbyamateur.fr/joueur/batiste-de-lauro/
Régionale 1,Dole,Theo DUFRESNE,Centre,https://rugbyamateur.fr/joueur/theo-dufresne/
Régionale 1,Dole,Alexandre FLEURY,Troisième ligne,https://rugbyamateur.fr/joueur/alexandre-fleury/
Régionale 1,Dole,Marvin FOREST,Deuxième ligne,https://rugbyamateur.fr/joueur/marvin-forest/
Régionale 1,Dole,Jonathan FRATER,Centre,https://rugbyamateur.fr/joueur/jonathan-frater/
Régionale 1,Dole,Constant GADAN,Troisième ligne,https://rugbyamateur.fr/joueur/constant-gadan/
Régionale 1,Dole,Maxence GUINOT,Pilier,https://rugbyamateur.fr/joueur/maxence-guinot/
Régionale 1,Dole,Romain HUDRY,Demi de mêlée,https://rugbyamateur.fr/joueur/romain-hudry/
Régionale 1,Dole,Mathieu HUGUEN,Troisième ligne,https://rugbyamateur.fr/joueur/mathieu-huguen/
Régionale 1,Dole,Alexandre JURY,Demi de mêlée,https://rugbyamateur.fr/joueur/alexandre-jury/
Régionale 1,Dole,Baptiste L HOSTE,Pilier,https://rugbyamateur.fr/joueur/baptiste-l-hoste/
Régionale 1,Dole,Benjamin MARLOT,Pilier,https://rugbyamateur.fr/joueur/benjamin-marlot/
Régionale 1,Dole,Nicolas MICHON,Talonneur,https://rugbyamateur.fr/joueur/nicolas-michon/
Régionale 1,Dole,Allan MOINE,Deuxième ligne,https://rugbyamateur.fr/joueur/allan-moine/
Régionale 1,Dole,Jeremy PANIER,Demi d&#039;ouverture,https://rugbyamateur.fr/joueur/jeremy-panier/
Régionale 1,Dole,Melvil RICHARD,Arrière,https://rugbyamateur.fr/joueur/melvil-richard/
Régionale 1,Dole,Eliott TRAVERS,Ailier,https://rugbyamateur.fr/joueur/eliott-travers/
Régionale 1,Dole,Edgar VINTEJOUX,Deuxième ligne,https://rugbyamateur.fr/joueur/edgar-vintejoux/
Régionale 1,Dole,Leandre BUFFLER,Deuxième ligne,https://rugbyamateur.fr/joueur/leandre-buffler/
Régionale 1,Dole,Nino DEL FABBRO,Arrière,https://rugbyamateur.fr/joueur/nino-del-fabbro/
Régionale 1,Dole,Marius DELCOURT,Ailier,https://rugbyamateur.fr/joueur/marius-delcourt/
Régionale 1,Dole,Charlie DEMONET,Demi de mêlée,https://rugbyamateur.fr/joueur/charlie-demonet/
Régionale 1,Dole,Charly DEQUE,Pilier,https://rugbyamateur.fr/joueur/charly-deque/
Régionale 1,Dole,Matis DUPONT,Centre,https://rugbyamateur.fr/joueur/matis-dupont/
Régionale 1,Dole,Nathan GARCIA,Talonneur,https://rugbyamateur.fr/joueur/nathan-garcia/
Régionale 1,Dole,Martin GIRARD,Demi d&#039;ouverture,https://rugbyamateur.fr/joueur/martin-girard/
Régionale 1,Dole,Jude GUIGNARD MILLET,Ailier,https://rugbyamateur.fr/joueur/jude-guignard-millet/
Régionale 1,Dole,Baptiste HAMBACHER,Troisième ligne,https://rugbyamateur.fr/joueur/baptiste-hambacher/
Régionale 1,Dole,Camille HERGOT,Talonneur,https://rugbyamateur.fr/joueur/camille-hergot/
Régionale 1,Dole,Arthur HORST,Pilier,https://rugbyamateur.fr/joueur/arthur-horst/
Régionale 1,Dole,Guillaume KELLER,Troisième ligne,https://rugbyamateur.fr/joueur/guillaume-keller/
Régionale 1,Dole,Antony Daniel Henri LABONDE,Deuxième ligne,https://rugbyamateur.fr/joueur/antony-daniel-henri-labonde/
Régionale 1,Dole,Matteo LAMONTRE,Ailier,https://rugbyamateur.fr/joueur/matteo-lamontre/
Régionale 1,Dole,Camille LARRIEU,Deuxième ligne,https://rugbyamateur.fr/joueur/camille-larrieu/
Régionale 1,Dole,Antonin MARZOCCHINI,Troisième ligne,https://rugbyamateur.fr/joueur/antonin-marzocchini/
Régionale 1,Dole,Leo MOLINA,Talonneur,https://rugbyamateur.fr/joueur/leo-molina/
Régionale 1,Dole,Maxence MOURLOT,Pilier,https://rugbyamateur.fr/joueur/maxence-mourlot/
Régionale 1,Dole,Romeo NABOYEV,Deuxième ligne,https://rugbyamateur.fr/joueur/romeo-naboyev/
Régionale 1,Dole,Axel NETH,Arrière,https://rugbyamateur.fr/joueur/axel-neth/
Régionale 1,Dole,Simon NONNENMACHER,Centre,https://rugbyamateur.fr/joueur/simon-nonnenmacher/
Régionale 1,Dole,Max NORET,Deuxième ligne,https://rugbyamateur.fr/joueur/max-noret/
Régionale 1,Dole,Auguste PAIN,Demi de mêlée,https://rugbyamateur.fr/joueur/auguste-pain/
Régionale 1,Dole,Hugo PIEJAK,Demi d&#039;ouverture,https://rugbyamateur.fr/joueur/hugo-piejak/
Régionale 1,Dole,Malo POTHERAT,Ailier,https://rugbyamateur.fr/joueur/malo-potherat/
Régionale 1,Dole,Antonin PREZELUS,Troisième ligne,https://rugbyamateur.fr/joueur/antonin-prezelus/
Régionale 1,Dole,Baptiste REGADE,Demi de mêlée,N/A
Régionale 1,Dole,Raphael ALIVAUD,Troisième ligne,https://rugbyamateur.fr/joueur/raphael-alivaud/
Régionale 1,Dole,Gabriel Anthony BARLET,Centre,https://rugbyamateur.fr/joueur/gabriel-anthony-barlet/
Régionale 1,Dole,Timon BARRE,N/A,https://rugbyamateur.fr/joueur/timon-barre/
Régionale 1,Dole,Tom BEAUCAMP,Troisième ligne,https://rugbyamateur.fr/joueur/tom-beaucamp/
Régionale 1,Dole,Victor BOST,Demi de mêlée,https://rugbyamateur.fr/joueur/victor-bost/
Régionale 1,Dole,Quentin DELPERIE,Centre,https://rugbyamateur.fr/joueur/quentin-delperie/
Régionale 1,Dole,Enzo DUFRESNE,Deuxième ligne,https://rugbyamateur.fr/joueur/enzo-dufresne/
Régionale 1,Dole,Francesco FABIANI,Centre,https://rugbyamateur.fr/joueur/francesco-fabiani/
Régionale 1,Dole,Sean Patrick GOHET,Centre,https://rugbyamateur.fr/joueur/sean-patrick-gohet/
Régionale 1,Dole,Julien GUY,N/A,https://rugbyamateur.fr/joueur/julien-guy/
Régionale 1,Dole,Idriss KIANI,Deuxième ligne,https://rugbyamateur.fr/joueur/idriss-kiani/
Régionale 1,Dole,Yanis KRABCHI,Pilier,https://rugbyamateur.fr/joueur/yanis-krabchi/
Régionale 1,Dole,Theo LE MEUR,Pilier,https://rugbyamateur.fr/joueur/theo-le-meur/
Régionale 1,Dole,Sacha LECLERCQ,Ailier,https://rugbyamateur.fr/joueur/sacha-leclercq/
Régionale 1,Dole,Eloi LECUYER,Troisième ligne,https://rugbyamateur.fr/joueur/eloi-lecuyer/
Régionale 1,Dole,Quentin LEGRAND,Talonneur,https://rugbyamateur.fr/joueur/quentin-legrand/
Régionale 1,Dole,Clement LIZABAULT,Deuxième ligne,https://rugbyamateur.fr/joueur/clement-lizabault/
Régionale 1,Dole,Yannick LUCOTTE,Ailier,https://rugbyamateur.fr/joueur/yannick-lucotte/
Régionale 1,Dole,Titouan MANDON,Ailier,https://rugbyamateur.fr/joueur/titouan-mandon/
Régionale 1,Dole,Hippolyte MATHON,Demi d&#039;ouverture,https://rugbyamateur.fr/joueur/hippolyte-mathon/
Régionale 1,Dole,Arthur Jean Philippe Maire Joseph MELIN,Arrière,https://rugbyamateur.fr/joueur/arthur-jean-philippe-maire-joseph-melin/
Régionale 1,Dole,Antoine MORIAUX PELISSIER,Arrière,https://rugbyamateur.fr/joueur/antoine-moriaux-pelissier/
Régionale 1,Dole,Virgile Jacky Jean PIERRAT,Troisième ligne,https://rugbyamateur.fr/joueur/virgile-jacky-jean-pierrat/
Régionale 1,Dole,Paul ROQUES,Ailier,https://rugbyamateur.fr/joueur/paul-roques/
Régionale 1,Dole,Loick SAISSET,Deuxième ligne,https://rugbyamateur.fr/joueur/loick-saisset/
Régionale 1,Dole,Edgar TRAVERS,N/A,https://rugbyamateur.fr/joueur/edgar-travers/
Régionale 1,R O CHOLETAI,Alhasan AL KAROOSHI,Pilier,https://rugbyamateur.fr/joueur/alhasan-al-karooshi/
Régionale 1,R O CHOLETAI,Dorian BAHOLET,N/A,N/A
Régionale 1,R O CHOLETAI,Steven AIRAULT,Pilier,https://rugbyamateur.fr/joueur/steven-airault/
Régionale 1,R O CHOLETAI,Felix BECHU,Talonneur,https://rugbyamateur.fr/joueur/felix-bechu/
Régionale 1,R O CHOLETAI,Alix BOSSARD,Deuxième ligne,https://rugbyamateur.fr/joueur/alix-bossard/
Régionale 1,R O CHOLETAI,Kylian BOST,Centre,N/A
Régionale 1,R O CHOLETAI,Arthur AGENEAU,Demi d&#039;ouverture,N/A
Régionale 1,R O CHOLETAI,Clement AIRIAU,Ailier,https://rugbyamateur.fr/joueur/clement-airiau/
Régionale 1,R O CHOLETAI,Tino ARBELOA OSES,Demi d&#039;ouverture,https://rugbyamateur.fr/joueur/tino-arbeloa-oses/
Régionale 1,R O CHOLETAI,Lylian BOURON,Deuxième ligne,https://rugbyamateur.fr/joueur/lylian-bouron/
Régionale 1,R O CHOLETAI,Mae DIXNEUF,Deuxième ligne,https://rugbyamateur.fr/joueur/mae-dixneuf/
Régionale 1,R O CHOLETAI,Abel GILBERT,Arrière,https://rugbyamateur.fr/joueur/abel-gilbert/
Régionale 1,R O CHOLETAI,Ilyes HABIBI,Pilier,https://rugbyamateur.fr/joueur/ilyes-habibi/
Régionale 1,R O CHOLETAI,Kilyann LEBRASSEUR,Demi de mêlée,https://rugbyamateur.fr/joueur/kilyann-lebrasseur/
Régionale 1,R O CHOLETAI,Mathis LEBRASSEUR,Demi de mêlée,https://rugbyamateur.fr/joueur/mathis-lebrasseur/
Régionale 1,R O CHOLETAI,Simon LEROUX,Pilier,https://rugbyamateur.fr/joueur/simon-leroux/
Régionale 1,R O CHOLETAI,Thomas LUCAS,Talonneur,https://rugbyamateur.fr/joueur/thomas-lucas/
Régionale 1,R O CHOLETAI,Mae Gaston Jean PIDOUX,Centre,https://rugbyamateur.fr/joueur/mae-gaston-jean-pidoux/
Régionale 1,R O CHOLETAI,Elouan VALOT,Pilier,https://rugbyamateur.fr/joueur/elouan-valot/
Régionale 1,R O CHOLETAI,Diego ARBELOA OSES,Demi d&#039;ouverture,N/A
Régionale 1,Mont Saint Aignan,Julien BOQUET,N/A,https://rugbyamateur.fr/joueur/julien-boquet/
Régionale 1,Mont Saint Aignan,Gregoric BOULY,N/A,https://rugbyamateur.fr/joueur/gregoric-bouly/
Régionale 1,Mont Saint Aignan,Nicolas CES,Troisième ligne,https://rugbyamateur.fr/joueur/nicolas-ces/
Régionale 1,Mont Saint Aignan,Pierre CHAMBRE,Ailier,https://rugbyamateur.fr/joueur/pierre-chambre/
Régionale 1,Mont Saint Aignan,Arthur COQUILLARD,Ailier,https://rugbyamateur.fr/joueur/arthur-coquillard/
Régionale 1,Mont Saint Aignan,Twevly DESTIN,Ailier,https://rugbyamateur.fr/joueur/twevly-destin/
Régionale 1,Mont Saint Aignan,Bastien FONTANA,Demi d&#039;ouverture,https://rugbyamateur.fr/joueur/bastien-fontana/
Régionale 1,Mont Saint Aignan,Nicolas GRAVEY,Troisième ligne,https://rugbyamateur.fr/joueur/nicolas-gravey/
Régionale 1,Mont Saint Aignan,Antoine GUEGADEN,Ailier,https://rugbyamateur.fr/joueur/antoine-guegaden/
Régionale 1,Mont Saint Aignan,Valentin LEGENDRE,Pilier,https://rugbyamateur.fr/joueur/valentin-legendre/
Régionale 1,Mont Saint Aignan,Leopold LETISSIER,N/A,https://rugbyamateur.fr/joueur/leopold-letissier/
Régionale 1,Mont Saint Aignan,Pierrick MOREL,Demi d&#039;ouverture,https://rugbyamateur.fr/joueur/pierrick-morel/
Régionale 1,Mont Saint Aignan,Maxime OLIVIER,N/A,https://rugbyamateur.fr/joueur/maxime-olivier/
Régionale 1,Mont Saint Aignan,Lucas PERROT,Centre,https://rugbyamateur.fr/joueur/lucas-perrot/
Régionale 1,Mont Saint Aignan,Brieuc QUERE,Deuxième ligne,https://rugbyamateur.fr/joueur/brieuc-quere/
Régionale 1,Mont Saint Aignan,Louis RICHARD,Troisième ligne,https://rugbyamateur.fr/joueur/louis-richard/
Régionale 1,Mont Saint Aignan,Elvis THOMAS,N/A,https://rugbyamateur.fr/joueur/elvis-thomas/
Régionale 1,Mont Saint Aignan,Lucas VIGREUX,Troisième ligne,https://rugbyamateur.fr/joueur/lucas-vigreux/
Régionale 1,Mont Saint Aignan,Clement ABIENSO,N/A,https://rugbyamateur.fr/joueur/clement-abienso/
Régionale 1,Mont Saint Aignan,Enzo ALEXANDRE BATUT,Troisième ligne,https://rugbyamateur.fr/joueur/enzo-alexandre-batut/
Régionale 1,Mont Saint Aignan,Aurel BAILLY,N/A,https://rugbyamateur.fr/joueur/aurel-bailly/
Régionale 1,Mont Saint Aignan,Julien BOURDON,Pilier,https://rugbyamateur.fr/joueur/julien-bourdon/
Régionale 1,Mont Saint Aignan,Thomas CANTELOU,Centre,https://rugbyamateur.fr/joueur/thomas-cantelou/
Régionale 1,Mont Saint Aignan,Maxence CASTIN,N/A,https://rugbyamateur.fr/joueur/maxence-castin/
Régionale 1,Mont Saint Aignan,Maxime COFFRE,Troisième ligne,https://rugbyamateur.fr/joueur/maxime-coffre/
Régionale 1,Mont Saint Aignan,Lazare DARNEY,Talonneur,https://rugbyamateur.fr/joueur/lazare-darney/
Régionale 1,Mont Saint Aignan,Urbain DARNEY,Deuxième ligne,https://rugbyamateur.fr/joueur/urbain-darney/
Régionale 1,Mont Saint Aignan,Bruno DE BEAUNAY,Demi de mêlée,https://rugbyamateur.fr/joueur/bruno-de-beaunay/
Régionale 1,Mont Saint Aignan,Armand IMBERT,Pilier,https://rugbyamateur.fr/joueur/armand-imbert/
Régionale 1,Mont Saint Aignan,Benjamin JORDA,Arrière,https://rugbyamateur.fr/joueur/benjamin-jorda/
Régionale 1,Mont Saint Aignan,Arthur LAMBERT,Demi de mêlée,https://rugbyamateur.fr/joueur/arthur-lambert/
Régionale 1,Mont Saint Aignan,Etienne LE MESRE DE PAS,Centre,https://rugbyamateur.fr/joueur/etienne-le-mesre-de-pas/
Régionale 1,Mont Saint Aignan,Alexandre LECHEVALIER,N/A,https://rugbyamateur.fr/joueur/alexandre-lechevalier/
Régionale 1,Mont Saint Aignan,Francois LEGRAS,Deuxième ligne,https://rugbyamateur.fr/joueur/francois-legras/
Régionale 1,Mont Saint Aignan,Gabriel PASQUET,Demi de mêlée,https://rugbyamateur.fr/joueur/gabriel-pasquet/
Régionale 1,Mont Saint Aignan,Jules PEYRUSSE DIONISI,Centre,https://rugbyamateur.fr/joueur/jules-peyrusse-dionisi/
Régionale 1,Mont Saint Aignan,William RENAULT,Pilier,https://rugbyamateur.fr/joueur/william-renault/
Régionale 1,Mont Saint Aignan,Lucas RIALLIN,Ailier,https://rugbyamateur.fr/joueur/lucas-riallin/
Régionale 1,Mont Saint Aignan,Gautier VASSEUR,N/A,https://rugbyamateur.fr/joueur/gautier-vasseur/
Régionale 1,Mont Saint Aignan,Enzo ALEXANDRE BATUT,Troisième ligne,https://rugbyamateur.fr/joueur/enzo-alexandre-batut/
Régionale 1,Mont Saint Aignan,Gaulthier AUBERT,Centre,https://rugbyamateur.fr/joueur/gaulthier-aubert/
Régionale 1,Mont Saint Aignan,Mathis BANDEIRA,Ailier,N/A
Régionale 2,Fleury Salles Coursan,Steve ACACIO,Demi d&#039;ouverture,https://rugbyamateur.fr/joueur/steve-acacio/
Régionale 2,Fleury Salles Coursan,Benjamin ALARCON,Deuxième ligne,https://rugbyamateur.fr/joueur/benjamin-alarcon/
Régionale 2,Fleury Salles Coursan,Juan ALARCON,Ailier,https://rugbyamateur.fr/joueur/juan-alarcon/
Régionale 2,Fleury Salles Coursan,Axel BARRIAC,Troisième ligne,https://rugbyamateur.fr/joueur/axel-barriac/
Régionale 2,Fleury Salles Coursan,Matteo BARRIAC,Deuxième ligne,https://rugbyamateur.fr/joueur/matteo-barriac/
Régionale 2,Fleury Salles Coursan,Ilian BARTHES,Deuxième ligne,https://rugbyamateur.fr/joueur/ilian-barthes/
Régionale 2,Fleury Salles Coursan,Mathieu BERGE,Deuxième ligne,https://rugbyamateur.fr/joueur/mathieu-berge/
Régionale 2,Fleury Salles Coursan,Nicolas BERGE,Ailier,https://rugbyamateur.fr/joueur/nicolas-berge/
Régionale 2,Fleury Salles Coursan,Berenger BLANC,Centre,https://rugbyamateur.fr/joueur/berenger-blanc/
Régionale 2,Fleury Salles Coursan,Jules BOUTIE,Troisième ligne,https://rugbyamateur.fr/joueur/jules-boutie/
Régionale 2,Fleury Salles Coursan,Charly CANDE,Arrière,https://rugbyamateur.fr/joueur/charly-cande/
Régionale 2,Fleury Salles Coursan,Sebastien COURONNE,Pilier,https://rugbyamateur.fr/joueur/sebastien-couronne/
Régionale 2,Fleury Salles Coursan,Enzo DE LA FUENTE,Demi de mêlée,https://rugbyamateur.fr/joueur/enzo-de-la-fuente/
Régionale 2,Fleury Salles Coursan,Mateo DE LA FUENTE,Demi de mêlée,https://rugbyamateur.fr/joueur/mateo-de-la-fuente/
Régionale 2,Fleury Salles Coursan,Quentin DE PABLO,Deuxième ligne,https://rugbyamateur.fr/joueur/quentin-de-pablo/
Régionale 2,Fleury Salles Coursan,Andy DIGET,Troisième ligne,https://rugbyamateur.fr/joueur/andy-diget/
Régionale 2,Fleury Salles Coursan,Charly DIGET,Deuxième ligne,https://rugbyamateur.fr/joueur/charly-diget/
Régionale 2,Fleury Salles Coursan,Gabin DURAND,Demi de mêlée,https://rugbyamateur.fr/joueur/gabin-durand/
Régionale 2,Fleury Salles Coursan,Esteban ECHELARD,Demi de mêlée,N/A
Régionale 2,Fleury Salles Coursan,Florian JEREZ,Ailier,https://rugbyamateur.fr/joueur/florian-jerez/
Régionale 2,Fleury Salles Coursan,Thomas BATTINI,Ailier,https://rugbyamateur.fr/joueur/thomas-battini/
Régionale 2,Fleury Salles Coursan,Loucas CARLI,Demi de mêlée,https://rugbyamateur.fr/joueur/loucas-carli/
Régionale 2,Fleury Salles Coursan,Tonin CAZALEDES,Demi d&#039;ouverture,https://rugbyamateur.fr/joueur/tonin-cazaledes/
Régionale 2,Fleury Salles Coursan,Martin CITTE DAVID,Deuxième ligne,https://rugbyamateur.fr/joueur/martin-citte-david/
Régionale 2,Fleury Salles Coursan,Paul DELORT,N/A,https://rugbyamateur.fr/joueur/paul-delort/
Régionale 2,Fleury Salles Coursan,Mathys GARANDEL,Ailier,https://rugbyamateur.fr/joueur/mathys-garandel/
Régionale 2,Fleury Salles Coursan,Denis GRASSET,Troisième ligne,https://rugbyamateur.fr/joueur/denis-grasset/
Régionale 2,Fleury Salles Coursan,Nathan HOUDE,Arrière,https://rugbyamateur.fr/joueur/nathan-houde/
Régionale 2,Fleury Salles Coursan,Charlie HOWARD,Ailier,https://rugbyamateur.fr/joueur/charlie-howard/
Régionale 2,Fleury Salles Coursan,Nathan IGNACIO,Pilier,https://rugbyamateur.fr/joueur/nathan-ignacio/
Régionale 2,Fleury Salles Coursan,Jeremy LOUARN CORBI,Pilier,https://rugbyamateur.fr/joueur/jeremy-louarn-corbi/
Régionale 2,Fleury Salles Coursan,Thomas LOUARN CORBI,Deuxième ligne,https://rugbyamateur.fr/joueur/thomas-louarn-corbi/
Régionale 2,Fleury Salles Coursan,Leo LOYRIAC MOMPHA,Talonneur,N/A
Régionale 2,Fleury Salles Coursan,Alexandre BAILLY,Deuxième ligne,https://rugbyamateur.fr/joueur/alexandre-bailly/
Régionale 2,Fleury Salles Coursan,Nino BARRAL,Talonneur,https://rugbyamateur.fr/joueur/nino-barral/
Régionale 2,Fleury Salles Coursan,Guilhem BONHOMME,Talonneur,https://rugbyamateur.fr/joueur/guilhem-bonhomme/
Régionale 2,Fleury Salles Coursan,Gabriel BOULADE,Deuxième ligne,https://rugbyamateur.fr/joueur/gabriel-boulade/
Régionale 2,Fleury Salles Coursan,Mathys CLERQUI,Ailier,https://rugbyamateur.fr/joueur/mathys-clerqui/
Régionale 2,Fleury Salles Coursan,Marius COUZINOU,Ailier,https://rugbyamateur.fr/joueur/marius-couzinou/
Régionale 2,Fleury Salles Coursan,Pablo CRESPO,Demi de mêlée,https://rugbyamateur.fr/joueur/pablo-crespo/
Régionale 2,Fleury Salles Coursan,Dhiman DARNE DENAT,Troisième ligne,https://rugbyamateur.fr/joueur/dhiman-darne-denat/
Régionale 2,Fleury Salles Coursan,Lorys DELLEMME,N/A,https://rugbyamateur.fr/joueur/lorys-dellemme/
Régionale 2,Fleury Salles Coursan,Noa GAZIN,Demi d&#039;ouverture,https://rugbyamateur.fr/joueur/noa-gazin/
Régionale 2,Fleury Salles Coursan,Jules GENSANE,Arrière,https://rugbyamateur.fr/joueur/jules-gensane/
Régionale 2,Fleury Salles Coursan,Nino HUGUENIN PEREZ,N/A,https://rugbyamateur.fr/joueur/nino-huguenin-perez/
Régionale 2,Fleury Salles Coursan,Mathis LAFUENTE,Centre,https://rugbyamateur.fr/joueur/mathis-lafuente/
Régionale 2,Fleury Salles Coursan,Emmanuel LEON,N/A,https://rugbyamateur.fr/joueur/emmanuel-leon/
Régionale 2,Fleury Salles Coursan,Kyllian MARCHAL,Centre,https://rugbyamateur.fr/joueur/kyllian-marchal/
Régionale 2,Fleury Salles Coursan,Nathan MELAMPE,N/A,https://rugbyamateur.fr/joueur/nathan-melampe/
Régionale 2,Fleury Salles Coursan,Gabriel MOLINIER,Demi de mêlée,https://rugbyamateur.fr/joueur/gabriel-molinier/
Régionale 2,Fleury Salles Coursan,Jules PERIS,Pilier,N/A
Régionale 2,St Genes Champanelle,Mathis AFONSO,Troisième ligne,https://rugbyamateur.fr/joueur/mathis-afonso/
Régionale 2,St Genes Champanelle,Quentin ARTIGE,Centre,https://rugbyamateur.fr/joueur/quentin-artige/
Régionale 2,St Genes Champanelle,Quentin AUBERT,Ailier,https://rugbyamateur.fr/joueur/quentin-aubert/
Régionale 2,St Genes Champanelle,Baptiste BERTHELOT,Pilier,https://rugbyamateur.fr/joueur/baptiste-berthelot/
Régionale 2,St Genes Champanelle,Matheo BOUDET,Arrière,https://rugbyamateur.fr/joueur/matheo-boudet/
Régionale 2,St Genes Champanelle,Nathan BRUGIERE,Ailier,https://rugbyamateur.fr/joueur/nathan-brugiere/
Régionale 2,St Genes Champanelle,Matheo CHALARD,Deuxième ligne,https://rugbyamateur.fr/joueur/matheo-chalard/
Régionale 2,St Genes Champanelle,Nicolas CHALARD,Deuxième ligne,https://rugbyamateur.fr/joueur/nicolas-chalard/
Régionale 2,St Genes Champanelle,Mathis COUSTET,Demi d&#039;ouverture,https://rugbyamateur.fr/joueur/mathis-coustet/
Régionale 2,St Genes Champanelle,Nicolas DI PENTA,Pilier,https://rugbyamateur.fr/joueur/nicolas-di-penta/
Régionale 2,St Genes Champanelle,Maxance DOPEUX,Demi de mêlée,https://rugbyamateur.fr/joueur/maxance-dopeux/
Régionale 2,St Genes Champanelle,Jules DOUARRE,Demi d&#039;ouverture,https://rugbyamateur.fr/joueur/jules-douarre/
Régionale 2,St Genes Champanelle,Baptiste FAURE,Troisième ligne,https://rugbyamateur.fr/joueur/baptiste-faure/
Régionale 2,St Genes Champanelle,Axel FIGON,Pilier,https://rugbyamateur.fr/joueur/axel-figon/
Régionale 2,St Genes Champanelle,Enzo FLORENTIN,Centre,https://rugbyamateur.fr/joueur/enzo-florentin/
Régionale 2,St Genes Champanelle,Arthur GENOVA,Centre,N/A
Régionale 2,St Genes Champanelle,Lucas ALBOUY,N/A,https://rugbyamateur.fr/joueur/lucas-albouy/
Régionale 2,St Genes Champanelle,Lucas DACKO,Talonneur,https://rugbyamateur.fr/joueur/lucas-dacko/
Régionale 2,St Genes Champanelle,Ethan DOINEAU,Pilier,N/A
Régionale 2,US Aspoise Bedous,Lilou ANDERE,Demi de mêlée,N/A
Régionale 2,US Aspoise Bedous,Dimitri BARATEIG,N/A,https://rugbyamateur.fr/joueur/dimitri-barateig/
Régionale 2,US Aspoise Bedous,Teo BOZOM,Ailier,https://rugbyamateur.fr/joueur/teo-bozom/
Régionale 2,US Aspoise Bedous,Alix CAYUELA,Troisième ligne,https://rugbyamateur.fr/joueur/alix-cayuela/
Régionale 2,US Aspoise Bedous,Jacques CAZETTE,Ailier,https://rugbyamateur.fr/joueur/jacques-cazette/
Régionale 2,US Aspoise Bedous,Nathan DAVANCENS,N/A,https://rugbyamateur.fr/joueur/nathan-davancens/
Régionale 2,US Aspoise Bedous,Xalbat ETCHEBEHERE,Pilier,https://rugbyamateur.fr/joueur/xalbat-etchebehere/
Régionale 2,US Aspoise Bedous,Florian ETCHEGOYHEN,Ailier,https://rugbyamateur.fr/joueur/florian-etchegoyhen/
Régionale 2,US Aspoise Bedous,Mahe GIRARD,Demi de mêlée,https://rugbyamateur.fr/joueur/mahe-girard/
Régionale 2,US Aspoise Bedous,Alexi GUILLEN,N/A,https://rugbyamateur.fr/joueur/alexi-guillen/
Régionale 2,US Aspoise Bedous,Emilien L ANQUETIL,Troisième ligne,https://rugbyamateur.fr/joueur/emilien-l-anquetil/
Régionale 2,US Aspoise Bedous,Louis LABARERE,Troisième ligne,https://rugbyamateur.fr/joueur/louis-labarere/
Régionale 2,US Aspoise Bedous,Lucas LABAT,Pilier,https://rugbyamateur.fr/joueur/lucas-labat/
Régionale 2,US Aspoise Bedous,Jules MELER,Arrière,https://rugbyamateur.fr/joueur/jules-meler/
Régionale 2,US Aspoise Bedous,Martin MENE SAFFRANE,Arrière,https://rugbyamateur.fr/joueur/martin-mene-saffrane/
Régionale 2,US Aspoise Bedous,Jim MORICE,Pilier,https://rugbyamateur.fr/joueur/jim-morice/
Régionale 2,US Aspoise Bedous,Matheo MOUSQUES,Centre,https://rugbyamateur.fr/joueur/matheo-mousques/
Régionale 2,US Aspoise Bedous,Hugo OSSAU TRESAUGUE,Demi d&#039;ouverture,https://rugbyamateur.fr/joueur/hugo-ossau-tresaugue/
Régionale 2,US Aspoise Bedous,Titouan OYHENARD,Talonneur,https://rugbyamateur.fr/joueur/titouan-oyhenard/
Régionale 2,US Aspoise Bedous,Hugo PERADEJORDI,Ailier,https://rugbyamateur.fr/joueur/hugo-peradejordi/
Régionale 2,US Aspoise Bedous,Thomas PLADAR,N/A,https://rugbyamateur.fr/joueur/thomas-pladar/
Régionale 2,US Aspoise Bedous,Robin PRADO,Demi de mêlée,https://rugbyamateur.fr/joueur/robin-prado/
Régionale 2,US Aspoise Bedous,Lucas PUYOU,Troisième ligne,https://rugbyamateur.fr/joueur/lucas-puyou/
Régionale 2,US Aspoise Bedous,Noah SAINT MARC,N/A,https://rugbyamateur.fr/joueur/noah-saint-marc/
Régionale 2,US Aspoise Bedous,Simon SALANOUVE,N/A,https://rugbyamateur.fr/joueur/simon-salanouve/
Régionale 2,US Aspoise Bedous,Diego SERRANO,Troisième ligne,https://rugbyamateur.fr/joueur/diego-serrano/
Régionale 2,US Aspoise Bedous,Baptiste SOULA,Deuxième ligne,https://rugbyamateur.fr/joueur/baptiste-soula/
Régionale 2,US Aspoise Bedous,Gillen UTHURBURU,Pilier,https://rugbyamateur.fr/joueur/gillen-uthurburu/
Régionale 2,US Aspoise Bedous,Alexandre ARENT,Ailier,https://rugbyamateur.fr/joueur/alexandre-arent/
Régionale 2,US Aspoise Bedous,Nael AUGE,Troisième ligne,https://rugbyamateur.fr/joueur/nael-auge/
Régionale 2,US Aspoise Bedous,Nathanael BOUCHER,Troisième ligne,https://rugbyamateur.fr/joueur/nathanael-boucher/
Régionale 2,US Aspoise Bedous,Titouan BUREL,Ailier,https://rugbyamateur.fr/joueur/titouan-burel/
Régionale 2,US Aspoise Bedous,Elie BURLOT,Troisième ligne,https://rugbyamateur.fr/joueur/elie-burlot/
Régionale 2,US Aspoise Bedous,Johan BURLOT,Ailier,https://rugbyamateur.fr/joueur/johan-burlot/
Régionale 2,US Aspoise Bedous,Theo CAETANO,Deuxième ligne,https://rugbyamateur.fr/joueur/theo-caetano/
Régionale 2,US Aspoise Bedous,Sebastien ETCHEBEHERE,Pilier,https://rugbyamateur.fr/joueur/sebastien-etchebehere/
Régionale 2,US Aspoise Bedous,Jelil EWANN,Pilier,https://rugbyamateur.fr/joueur/jelil-ewann/
Régionale 2,US Aspoise Bedous,Paul FERRAN,Talonneur,https://rugbyamateur.fr/joueur/paul-ferran/
Régionale 2,US Aspoise Bedous,Matis FLANDE PETITO,Troisième ligne,https://rugbyamateur.fr/joueur/matis-flande-petito/
Régionale 2,US Aspoise Bedous,Yanis HUSTA,Troisième ligne,https://rugbyamateur.fr/joueur/yanis-husta/
Régionale 2,US Aspoise Bedous,Laurent LABARERE,Deuxième ligne,https://rugbyamateur.fr/joueur/laurent-labarere/
Régionale 2,US Aspoise Bedous,Matias LABITRIE AYAISSET,Troisième ligne,https://rugbyamateur.fr/joueur/matias-labitrie-ayaisset/
Régionale 2,US Aspoise Bedous,Simon LACASSAGNE,N/A,https://rugbyamateur.fr/joueur/simon-lacassagne/
Régionale 2,US Aspoise Bedous,Jacques LACAZETTE,Deuxième ligne,https://rugbyamateur.fr/joueur/jacques-lacazette/
Régionale 2,US Aspoise Bedous,Mahe LADEUIX,Centre,https://rugbyamateur.fr/joueur/mahe-ladeuix/
Régionale 2,US Aspoise Bedous,Nathan LOUIS,Centre,https://rugbyamateur.fr/joueur/nathan-louis/
Régionale 2,US Aspoise Bedous,Maxime LUQUE,Demi d&#039;ouverture,https://rugbyamateur.fr/joueur/maxime-luque/
Régionale 2,US Aspoise Bedous,Arnaud MARTIN,Ailier,https://rugbyamateur.fr/joueur/arnaud-martin/
Régionale 2,US Aspoise Bedous,Pablo MARTINEZ,Ailier,https://rugbyamateur.fr/joueur/pablo-martinez/
Régionale 2,US Aspoise Bedous,Pierre MOUNICOU LOUSTAU,Demi de mêlée,https://rugbyamateur.fr/joueur/pierre-mounicou-loustau/
Régionale 2,US Aspoise Bedous,Remi OSSINIRI,Pilier,https://rugbyamateur.fr/joueur/remi-ossiniri/
Régionale 2,US Aspoise Bedous,Matis PAGOLA,Centre,https://rugbyamateur.fr/joueur/matis-pagola/
Régionale 2,US Aspoise Bedous,Alexandre PIQUET,Troisième ligne,https://rugbyamateur.fr/joueur/alexandre-piquet/
Régionale 2,US Aspoise Bedous,Eliott PIZON,Talonneur,https://rugbyamateur.fr/joueur/eliott-pizon/
Régionale 2,US Aspoise Bedous,Esteban PONTACQ,Arrière,https://rugbyamateur.fr/joueur/esteban-pontacq/
Régionale 2,US Aspoise Bedous,Tymeo SILVENTE PEDRONO,Deuxième ligne,https://rugbyamateur.fr/joueur/tymeo-silvente-pedrono/
Régionale 2,US Aspoise Bedous,Fabio THIRANT,Demi d&#039;ouverture,https://rugbyamateur.fr/joueur/fabio-thirant/
Régionale 2,US Aspoise Bedous,Ewen ABERNE,Centre,https://rugbyamateur.fr/joueur/ewen-aberne/
Régionale 2,US Aspoise Bedous,Paul AMONDARAIN,Talonneur,https://rugbyamateur.fr/joueur/paul-amondarain/
Régionale 2,US Aspoise Bedous,Martin ANNETTE,Centre,https://rugbyamateur.fr/joueur/martin-annette/
Régionale 2,US Aspoise Bedous,Adrien BARATEIG,Arrière,N/A
Régionale 2,Saint-Symphorien-d&#039;Ozon,Ianis ABDALLAH,Centre,https://rugbyamateur.fr/joueur/ianis-abdallah/
Régionale 2,Saint-Symphorien-d&#039;Ozon,Johan ANGLEREAUX,N/A,N/A
Régionale 2,Saint-Symphorien-d&#039;Ozon,Hatem ABDESSAMAD,Deuxième ligne,https://rugbyamateur.fr/joueur/hatem-abdessamad/
Régionale 2,Saint-Symphorien-d&#039;Ozon,Morgan ALBELDA HAGAN,Deuxième ligne,https://rugbyamateur.fr/joueur/morgan-albelda-hagan/
Régionale 2,Saint-Symphorien-d&#039;Ozon,Jules BACONNIER,Deuxième ligne,https://rugbyamateur.fr/joueur/jules-baconnier/
Régionale 2,Saint-Symphorien-d&#039;Ozon,Noa BAGNIS,Ailier,https://rugbyamateur.fr/joueur/noa-bagnis/
Régionale 2,Saint-Symphorien-d&#039;Ozon,Adam BARBEY,Ailier,https://rugbyamateur.fr/joueur/adam-barbey/
Régionale 2,Saint-Symphorien-d&#039;Ozon,Rafael BARGAS,Troisième ligne,https://rugbyamateur.fr/joueur/rafael-bargas/
Régionale 2,Saint-Symphorien-d&#039;Ozon,Rayan BOUATTIA,Deuxième ligne,N/A
Régionale 2,Vesoul,Matteo AIME,Arrière,https://rugbyamateur.fr/joueur/matteo-aime/
Régionale 2,Vesoul,Benjamin ALVES,Pilier,https://rugbyamateur.fr/joueur/benjamin-alves/
Régionale 2,Vesoul,Christophe BELLATI,Deuxième ligne,https://rugbyamateur.fr/joueur/christophe-bellati/
Régionale 2,Vesoul,David BERT,Ailier,https://rugbyamateur.fr/joueur/david-bert/
Régionale 2,Vesoul,Maxime BESANCENOT,Troisième ligne,https://rugbyamateur.fr/joueur/maxime-besancenot/
Régionale 2,Vesoul,Alexandre CARRE,Troisième ligne,https://rugbyamateur.fr/joueur/alexandre-carre/
Régionale 2,Vesoul,Batiste DE LAURO,Demi d&#039;ouverture,https://rugbyamateur.fr/joueur/batiste-de-lauro/
Régionale 2,Vesoul,Theo DUFRESNE,Centre,https://rugbyamateur.fr/joueur/theo-dufresne/
Régionale 2,Vesoul,Alexandre FLEURY,Troisième ligne,https://rugbyamateur.fr/joueur/alexandre-fleury/
Régionale 2,Vesoul,Marvin FOREST,Deuxième ligne,https://rugbyamateur.fr/joueur/marvin-forest/
Régionale 2,Vesoul,Jonathan FRATER,Centre,https://rugbyamateur.fr/joueur/jonathan-frater/
Régionale 2,Vesoul,Constant GADAN,Troisième ligne,https://rugbyamateur.fr/joueur/constant-gadan/
Régionale 2,Vesoul,Maxence GUINOT,Pilier,https://rugbyamateur.fr/joueur/maxence-guinot/
Régionale 2,Vesoul,Romain HUDRY,Demi de mêlée,https://rugbyamateur.fr/joueur/romain-hudry/
Régionale 2,Vesoul,Mathieu HUGUEN,Troisième ligne,https://rugbyamateur.fr/joueur/mathieu-huguen/
Régionale 2,Vesoul,Alexandre JURY,Demi de mêlée,https://rugbyamateur.fr/joueur/alexandre-jury/
Régionale 2,Vesoul,Baptiste L HOSTE,Pilier,https://rugbyamateur.fr/joueur/baptiste-l-hoste/
Régionale 2,Vesoul,Benjamin MARLOT,Pilier,https://rugbyamateur.fr/joueur/benjamin-marlot/
Régionale 2,Vesoul,Nicolas MICHON,Talonneur,https://rugbyamateur.fr/joueur/nicolas-michon/
Régionale 2,Vesoul,Allan MOINE,Deuxième ligne,https://rugbyamateur.fr/joueur/allan-moine/
Régionale 2,Vesoul,Jeremy PANIER,Demi d&#039;ouverture,https://rugbyamateur.fr/joueur/jeremy-panier/
Régionale 2,Vesoul,Melvil RICHARD,Arrière,https://rugbyamateur.fr/joueur/melvil-richard/
Régionale 2,Vesoul,Eliott TRAVERS,Ailier,https://rugbyamateur.fr/joueur/eliott-travers/
Régionale 2,Vesoul,Edgar VINTEJOUX,Deuxième ligne,https://rugbyamateur.fr/joueur/edgar-vintejoux/
Régionale 2,Vesoul,Leandre BUFFLER,Deuxième ligne,https://rugbyamateur.fr/joueur/leandre-buffler/
Régionale 2,Vesoul,Nino DEL FABBRO,Arrière,https://rugbyamateur.fr/joueur/nino-del-fabbro/
Régionale 2,Vesoul,Marius DELCOURT,Ailier,https://rugbyamateur.fr/joueur/marius-delcourt/
Régionale 2,Vesoul,Charlie DEMONET,Demi de mêlée,https://rugbyamateur.fr/joueur/charlie-demonet/
Régionale 2,Vesoul,Charly DEQUE,Pilier,https://rugbyamateur.fr/joueur/charly-deque/
Régionale 2,Vesoul,Matis DUPONT,Centre,https://rugbyamateur.fr/joueur/matis-dupont/
Régionale 2,Vesoul,Nathan GARCIA,Talonneur,https://rugbyamateur.fr/joueur/nathan-garcia/
Régionale 2,Vesoul,Martin GIRARD,Demi d&#039;ouverture,https://rugbyamateur.fr/joueur/martin-girard/
Régionale 2,Vesoul,Jude GUIGNARD MILLET,Ailier,https://rugbyamateur.fr/joueur/jude-guignard-millet/
Régionale 2,Vesoul,Baptiste HAMBACHER,Troisième ligne,https://rugbyamateur.fr/joueur/baptiste-hambacher/
Régionale 2,Vesoul,Camille HERGOT,Talonneur,https://rugbyamateur.fr/joueur/camille-hergot/
Régionale 2,Vesoul,Arthur HORST,Pilier,https://rugbyamateur.fr/joueur/arthur-horst/
Régionale 2,Vesoul,Guillaume KELLER,Troisième ligne,https://rugbyamateur.fr/joueur/guillaume-keller/
Régionale 2,Vesoul,Antony Daniel Henri LABONDE,Deuxième ligne,https://rugbyamateur.fr/joueur/antony-daniel-henri-labonde/
Régionale 2,Vesoul,Matteo LAMONTRE,Ailier,https://rugbyamateur.fr/joueur/matteo-lamontre/
Régionale 2,Vesoul,Camille LARRIEU,Deuxième ligne,https://rugbyamateur.fr/joueur/camille-larrieu/
Régionale 2,Vesoul,Antonin MARZOCCHINI,Troisième ligne,https://rugbyamateur.fr/joueur/antonin-marzocchini/
Régionale 2,Vesoul,Leo MOLINA,Talonneur,https://rugbyamateur.fr/joueur/leo-molina/
Régionale 2,Vesoul,Maxence MOURLOT,Pilier,https://rugbyamateur.fr/joueur/maxence-mourlot/
Régionale 2,Vesoul,Romeo NABOYEV,Deuxième ligne,https://rugbyamateur.fr/joueur/romeo-naboyev/
Régionale 2,Vesoul,Axel NETH,Arrière,https://rugbyamateur.fr/joueur/axel-neth/
Régionale 2,Vesoul,Simon NONNENMACHER,Centre,https://rugbyamateur.fr/joueur/simon-nonnenmacher/
Régionale 2,Vesoul,Max NORET,Deuxième ligne,https://rugbyamateur.fr/joueur/max-noret/
Régionale 2,Vesoul,Auguste PAIN,Demi de mêlée,https://rugbyamateur.fr/joueur/auguste-pain/
Régionale 2,Vesoul,Hugo PIEJAK,Demi d&#039;ouverture,https://rugbyamateur.fr/joueur/hugo-piejak/
Régionale 2,Vesoul,Malo POTHERAT,Ailier,https://rugbyamateur.fr/joueur/malo-potherat/
Régionale 2,Vesoul,Antonin PREZELUS,Troisième ligne,https://rugbyamateur.fr/joueur/antonin-prezelus/
Régionale 2,Vesoul,Baptiste REGADE,Demi de mêlée,N/A
Régionale 2,Vesoul,Raphael ALIVAUD,Troisième ligne,https://rugbyamateur.fr/joueur/raphael-alivaud/
Régionale 2,Vesoul,Gabriel Anthony BARLET,Centre,https://rugbyamateur.fr/joueur/gabriel-anthony-barlet/
Régionale 2,Vesoul,Timon BARRE,N/A,https://rugbyamateur.fr/joueur/timon-barre/
Régionale 2,Vesoul,Tom BEAUCAMP,Troisième ligne,https://rugbyamateur.fr/joueur/tom-beaucamp/
Régionale 2,Vesoul,Victor BOST,Demi de mêlée,https://rugbyamateur.fr/joueur/victor-bost/
Régionale 2,Vesoul,Quentin DELPERIE,Centre,https://rugbyamateur.fr/joueur/quentin-delperie/
Régionale 2,Vesoul,Enzo DUFRESNE,Deuxième ligne,https://rugbyamateur.fr/joueur/enzo-dufresne/
Régionale 2,Vesoul,Francesco FABIANI,Centre,https://rugbyamateur.fr/joueur/francesco-fabiani/
Régionale 2,Vesoul,Sean Patrick GOHET,Centre,https://rugbyamateur.fr/joueur/sean-patrick-gohet/
Régionale 2,Vesoul,Julien GUY,N/A,https://rugbyamateur.fr/joueur/julien-guy/
Régionale 2,Vesoul,Idriss KIANI,Deuxième ligne,https://rugbyamateur.fr/joueur/idriss-kiani/
Régionale 2,Vesoul,Yanis KRABCHI,Pilier,https://rugbyamateur.fr/joueur/yanis-krabchi/
Régionale 2,Vesoul,Theo LE MEUR,Pilier,https://rugbyamateur.fr/joueur/theo-le-meur/
Régionale 2,Vesoul,Sacha LECLERCQ,Ailier,https://rugbyamateur.fr/joueur/sacha-leclercq/
Régionale 2,Vesoul,Eloi LECUYER,Troisième ligne,https://rugbyamateur.fr/joueur/eloi-lecuyer/
Régionale 2,Vesoul,Quentin LEGRAND,Talonneur,https://rugbyamateur.fr/joueur/quentin-legrand/
Régionale 2,Vesoul,Clement LIZABAULT,Deuxième ligne,https://rugbyamateur.fr/joueur/clement-lizabault/
Régionale 2,Vesoul,Yannick LUCOTTE,Ailier,https://rugbyamateur.fr/joueur/yannick-lucotte/
Régionale 2,Vesoul,Titouan MANDON,Ailier,https://rugbyamateur.fr/joueur/titouan-mandon/
Régionale 2,Vesoul,Hippolyte MATHON,Demi d&#039;ouverture,https://rugbyamateur.fr/joueur/hippolyte-mathon/
Régionale 2,Vesoul,Arthur Jean Philippe Maire Joseph MELIN,Arrière,https://rugbyamateur.fr/joueur/arthur-jean-philippe-maire-joseph-melin/
Régionale 2,Vesoul,Antoine MORIAUX PELISSIER,Arrière,https://rugbyamateur.fr/joueur/antoine-moriaux-pelissier/
Régionale 2,Vesoul,Virgile Jacky Jean PIERRAT,Troisième ligne,https://rugbyamateur.fr/joueur/virgile-jacky-jean-pierrat/
Régionale 2,Vesoul,Paul ROQUES,Ailier,https://rugbyamateur.fr/joueur/paul-roques/
Régionale 2,Vesoul,Loick SAISSET,Deuxième ligne,https://rugbyamateur.fr/joueur/loick-saisset/
Régionale 2,Vesoul,Edgar TRAVERS,N/A,https://rugbyamateur.fr/joueur/edgar-travers/
Régionale 2,Vesoul,Guillaume BOUTON,Demi d&#039;ouverture,N/A
Régionale 2,Vesoul,Quentin ALPHONSE,Ailier,N/A
Régionale 2,Saint-Martin-de-Seignanx,Mila ANTONY,Ailier,https://rugbyamateur.fr/joueur/mila-antony/
Régionale 2,Saint-Martin-de-Seignanx,Nora ARRIUBERGE MARTIAL,Troisième ligne,https://rugbyamateur.fr/joueur/nora-arriuberge-martial/
Régionale 2,Saint-Martin-de-Seignanx,Mathilde BORIE,Demi de mêlée,N/A
Régionale 2,Saint-Martin-de-Seignanx,Hicham BEKKAOUI,Ailier,https://rugbyamateur.fr/joueur/hicham-bekkaoui/
Régionale 2,Saint-Martin-de-Seignanx,Antony BORAU,Demi de mêlée,https://rugbyamateur.fr/joueur/antony-borau/
Régionale 2,Saint-Martin-de-Seignanx,Leho CAULONQUE,Centre,https://rugbyamateur.fr/joueur/leho-caulonque/
Régionale 2,Saint-Martin-de-Seignanx,Arnaud CAZAUX,Deuxième ligne,https://rugbyamateur.fr/joueur/arnaud-cazaux/
Régionale 2,Saint-Martin-de-Seignanx,Maxime CAZAUX,Troisième ligne,https://rugbyamateur.fr/joueur/maxime-cazaux/
Régionale 2,Saint-Martin-de-Seignanx,Noa CHAU,Pilier,https://rugbyamateur.fr/joueur/noa-chau/
Régionale 2,Saint-Martin-de-Seignanx,Baptiste CLERCQ,Pilier,https://rugbyamateur.fr/joueur/baptiste-clercq/
Régionale 2,Saint-Martin-de-Seignanx,Matthieu COMBRET,Arrière,https://rugbyamateur.fr/joueur/matthieu-combret/
Régionale 2,Saint-Martin-de-Seignanx,Baptiste COMETS,Talonneur,https://rugbyamateur.fr/joueur/baptiste-comets/
Régionale 2,Saint-Martin-de-Seignanx,Gauthier DAGUERRE,Talonneur,https://rugbyamateur.fr/joueur/gauthier-daguerre/
Régionale 2,Saint-Martin-de-Seignanx,Clement DARRIEUMERLOU,Demi d&#039;ouverture,https://rugbyamateur.fr/joueur/clement-darrieumerlou/
Régionale 2,Saint-Martin-de-Seignanx,Thibaud DARRORT,Deuxième ligne,https://rugbyamateur.fr/joueur/thibaud-darrort/
Régionale 2,Saint-Martin-de-Seignanx,David DE YZAGUIRRE,Troisième ligne,N/A
Régionale 2,Saint-Martin-de-Seignanx,Charline ANETAS,Demi de mêlée,https://rugbyamateur.fr/joueur/charline-anetas/
Régionale 2,Saint-Martin-de-Seignanx,Sarah AUGERAY,Arrière,N/A
Régionale 2,Saint-Martin-de-Seignanx,Lilian ALZA,N/A,https://rugbyamateur.fr/joueur/lilian-alza/
Régionale 2,Saint-Martin-de-Seignanx,Timeo ANETAS,N/A,https://rugbyamateur.fr/joueur/timeo-anetas/
Régionale 2,Saint-Martin-de-Seignanx,Esteban ARRIUBERGE MARTIAL,Troisième ligne,https://rugbyamateur.fr/joueur/esteban-arriuberge-martial/
Régionale 2,Saint-Martin-de-Seignanx,Antoine BAECHLER,Pilier,https://rugbyamateur.fr/joueur/antoine-baechler/
Régionale 2,Saint-Martin-de-Seignanx,Arthur BEAUBAY,Ailier,https://rugbyamateur.fr/joueur/arthur-beaubay/
Régionale 2,Saint-Martin-de-Seignanx,Noe BENOIST,N/A,https://rugbyamateur.fr/joueur/noe-benoist/
Régionale 2,Saint-Martin-de-Seignanx,Jean COY,Demi de mêlée,https://rugbyamateur.fr/joueur/jean-coy/
Régionale 2,Saint-Martin-de-Seignanx,Illan CROHARE BERLY,Ailier,N/A
Régionale 2,Saint-Martin-de-Seignanx,Julen ARRAYET,Centre,https://rugbyamateur.fr/joueur/julen-arrayet/
Régionale 2,Saint-Martin-de-Seignanx,Axel BELESTIN,Demi d&#039;ouverture,https://rugbyamateur.fr/joueur/axel-belestin/
Régionale 2,Saint-Martin-de-Seignanx,Baptiste BREDE,N/A,https://rugbyamateur.fr/joueur/baptiste-brede/
Régionale 2,Saint-Martin-de-Seignanx,Paul CHARDON CHASLONS,Pilier,https://rugbyamateur.fr/joueur/paul-chardon-chaslons/
Régionale 2,Saint-Martin-de-Seignanx,Thibaut COUZINET,N/A,https://rugbyamateur.fr/joueur/thibaut-couzinet/
Régionale 2,Saint-Martin-de-Seignanx,Gabriel DALES,N/A,https://rugbyamateur.fr/joueur/gabriel-dales/
Régionale 2,Saint-Martin-de-Seignanx,Patxi DOMENGE,Troisième ligne,https://rugbyamateur.fr/joueur/patxi-domenge/
Régionale 2,Saint-Martin-de-Seignanx,Solal DONGIEUX,Pilier,https://rugbyamateur.fr/joueur/solal-dongieux/
Régionale 2,Saint-Martin-de-Seignanx,Timeo DUCASSE,Troisième ligne,https://rugbyamateur.fr/joueur/timeo-ducasse/
Régionale 2,Saint-Martin-de-Seignanx,Emilien DUMARTIN,Pilier,https://rugbyamateur.fr/joueur/emilien-dumartin/
Régionale 2,Saint-Martin-de-Seignanx,Ethan FERRANDO,Talonneur,https://rugbyamateur.fr/joueur/ethan-ferrando/
Régionale 2,Saint-Martin-de-Seignanx,Julen GANDARA,Troisième ligne,https://rugbyamateur.fr/joueur/julen-gandara/
Régionale 2,Saint-Martin-de-Seignanx,Thomas GARANX,Demi de mêlée,https://rugbyamateur.fr/joueur/thomas-garanx/
Régionale 2,Saint-Martin-de-Seignanx,Yanis GUILLET,N/A,N/A
Régionale 2,Saint-Martin-de-Seignanx,Leo ANTONY,N/A,https://rugbyamateur.fr/joueur/leo-antony/
Régionale 2,Saint-Martin-de-Seignanx,Antoine BOUDE,Arrière,https://rugbyamateur.fr/joueur/antoine-boude/
Régionale 2,Saint-Martin-de-Seignanx,Xavier BREDE,Deuxième ligne,https://rugbyamateur.fr/joueur/xavier-brede/
Régionale 2,Saint-Martin-de-Seignanx,Gabriel CALZADILLA,Ailier,https://rugbyamateur.fr/joueur/gabriel-calzadilla/
Régionale 2,Saint-Martin-de-Seignanx,Lucas CHAPLAIN,Pilier,https://rugbyamateur.fr/joueur/lucas-chaplain/
Régionale 2,Saint-Martin-de-Seignanx,Louis CHARDON CHASLONS,Troisième ligne,https://rugbyamateur.fr/joueur/louis-chardon-chaslons/
Régionale 2,Saint-Martin-de-Seignanx,Matthis CONJAT,Centre,https://rugbyamateur.fr/joueur/matthis-conjat/
Régionale 2,Saint-Martin-de-Seignanx,Ian DIRIS,Pilier,https://rugbyamateur.fr/joueur/ian-diris/
Régionale 2,Saint-Martin-de-Seignanx,Lucas EMONET,Demi d&#039;ouverture,https://rugbyamateur.fr/joueur/lucas-emonet/
Régionale 2,Saint-Martin-de-Seignanx,Gabin FONOLLOSA,Demi de mêlée,https://rugbyamateur.fr/joueur/gabin-fonollosa/
Régionale 2,Saint-Martin-de-Seignanx,Luis GOMEZ,Talonneur,https://rugbyamateur.fr/joueur/luis-gomez/
Régionale 2,Saint-Martin-de-Seignanx,Noe GOMMARD,Deuxième ligne,https://rugbyamateur.fr/joueur/noe-gommard/
Régionale 2,Saint-Martin-de-Seignanx,Theo GROCQ,N/A,https://rugbyamateur.fr/joueur/theo-grocq/
Régionale 2,Saint-Martin-de-Seignanx,Bixente LASCUBE,N/A,https://rugbyamateur.fr/joueur/bixente-lascube/
Régionale 2,Saint-Martin-de-Seignanx,Noa LEVERT FREBAULT,Centre,https://rugbyamateur.fr/joueur/noa-levert-frebault/
Régionale 2,Saint-Martin-de-Seignanx,Martin MORLET BOIREAU,N/A,https://rugbyamateur.fr/joueur/martin-morlet-boireau/
Régionale 2,Saint-Martin-de-Seignanx,Alexandre NELLI,N/A,https://rugbyamateur.fr/joueur/alexandre-nelli/
Régionale 2,Saint-Martin-de-Seignanx,Axel NIN,N/A,https://rugbyamateur.fr/joueur/axel-nin/
Régionale 2,Saint-Martin-de-Seignanx,Iban POTHIER ARRUTI,Troisième ligne,https://rugbyamateur.fr/joueur/iban-pothier-arruti/
Régionale 2,Saint-Martin-de-Seignanx,Oihan RECARTE,Troisième ligne,https://rugbyamateur.fr/joueur/oihan-recarte/
Régionale 2,Saint-Martin-de-Seignanx,Amadou SISSOKO,Ailier,https://rugbyamateur.fr/joueur/amadou-sissoko/
Régionale 2,Saint-Martin-de-Seignanx,Nathan TOTARO GOUAZE,N/A,https://rugbyamateur.fr/joueur/nathan-totaro-gouaze/
Régionale 2,Grace Guenrouet,Alan ALBERT,Demi de mêlée,https://rugbyamateur.fr/joueur/alan-albert/
Régionale 2,Grace Guenrouet,Louka ALBERT,Centre,https://rugbyamateur.fr/joueur/louka-albert/
Régionale 2,Grace Guenrouet,Josselin BALLOT,Troisième ligne,https://rugbyamateur.fr/joueur/josselin-ballot/
Régionale 2,Grace Guenrouet,Yoan BOUE,Troisième ligne,https://rugbyamateur.fr/joueur/yoan-boue/
Régionale 2,Grace Guenrouet,Elouann BURBAN,Pilier,https://rugbyamateur.fr/joueur/elouann-burban/
Régionale 2,Grace Guenrouet,Gaspard CARON,Deuxième ligne,N/A
Régionale 2,Sidobre Montagne,Lucas BALLARIN,Troisième ligne,https://rugbyamateur.fr/joueur/lucas-ballarin/
Régionale 2,Sidobre Montagne,Alexandre BASSO,Talonneur,https://rugbyamateur.fr/joueur/alexandre-basso/
Régionale 2,Sidobre Montagne,Guillaume BATUT,Deuxième ligne,https://rugbyamateur.fr/joueur/guillaume-batut/
Régionale 2,Sidobre Montagne,Arthur BAUCHARD,Ailier,https://rugbyamateur.fr/joueur/arthur-bauchard/
Régionale 2,Sidobre Montagne,Francis BELLIER,Troisième ligne,https://rugbyamateur.fr/joueur/francis-bellier/
Régionale 2,Sidobre Montagne,Julien BEZIAT,Pilier,https://rugbyamateur.fr/joueur/julien-beziat/
Régionale 2,Sidobre Montagne,Cyril BIAU,Centre,https://rugbyamateur.fr/joueur/cyril-biau/
Régionale 2,Sidobre Montagne,Diego BINAY,Demi d&#039;ouverture,https://rugbyamateur.fr/joueur/diego-binay/
Régionale 2,Sidobre Montagne,Thomas BOYER,Talonneur,https://rugbyamateur.fr/joueur/thomas-boyer/
Régionale 2,Sidobre Montagne,Paul CABROL,Deuxième ligne,N/A
Régionale 2,BUGEY OL CLU,Samuel ANDRE CHARLIN,Troisième ligne,https://rugbyamateur.fr/joueur/samuel-andre-charlin/
Régionale 2,BUGEY OL CLU,Lucian BARANI,Ailier,https://rugbyamateur.fr/joueur/lucian-barani/
Régionale 2,BUGEY OL CLU,Matheo BUCHER,Ailier,N/A
Régionale 2,Iroise Saint Renan,Theo ALFONSO,Troisième ligne,N/A
Régionale 2,Ramonville,Kemiss AMIED,N/A,N/A
Régionale 2,Seine &amp; Oise Triel sur Seine,Djeffrey BAYARRI,N/A,https://rugbyamateur.fr/joueur/djeffrey-bayarri/
Régionale 2,Seine &amp; Oise Triel sur Seine,Roman Stanislas Charles BERTHOMIEU,Pilier,https://rugbyamateur.fr/joueur/roman-stanislas-charles-berthomieu/
Régionale 2,Seine &amp; Oise Triel sur Seine,Tom BEULZ,Troisième ligne,https://rugbyamateur.fr/joueur/tom-beulz/
Régionale 2,Seine &amp; Oise Triel sur Seine,Romain BILLOUIN,Troisième ligne,https://rugbyamateur.fr/joueur/romain-billouin/
Régionale 2,Seine &amp; Oise Triel sur Seine,Leo BOCQUEZ,Arrière,https://rugbyamateur.fr/joueur/leo-bocquez/
Régionale 2,Seine &amp; Oise Triel sur Seine,Bastien BOSSU,Ailier,https://rugbyamateur.fr/joueur/bastien-bossu/
Régionale 2,Seine &amp; Oise Triel sur Seine,Maxime BOURNAC,Troisième ligne,https://rugbyamateur.fr/joueur/maxime-bournac/
Régionale 2,Seine &amp; Oise Triel sur Seine,Alban COUROYER,Centre,https://rugbyamateur.fr/joueur/alban-couroyer/
Régionale 2,Seine &amp; Oise Triel sur Seine,Renan DA SILVA,N/A,https://rugbyamateur.fr/joueur/renan-da-silva/
Régionale 2,Seine &amp; Oise Triel sur Seine,Melvyn FRENE,Ailier,https://rugbyamateur.fr/joueur/melvyn-frene/
Régionale 2,Seine &amp; Oise Triel sur Seine,Kevin GRIGOR,Pilier,https://rugbyamateur.fr/joueur/kevin-grigor/
Régionale 2,Seine &amp; Oise Triel sur Seine,Lukas GUEBHARD,Ailier,https://rugbyamateur.fr/joueur/lukas-guebhard/
Régionale 2,Seine &amp; Oise Triel sur Seine,Kerrian GUILLON,Deuxième ligne,https://rugbyamateur.fr/joueur/kerrian-guillon/
Régionale 2,Seine &amp; Oise Triel sur Seine,Alexandre HAUSSY,Centre,https://rugbyamateur.fr/joueur/alexandre-haussy/
Régionale 2,Seine &amp; Oise Triel sur Seine,Arthur HELAINE,Demi d&#039;ouverture,https://rugbyamateur.fr/joueur/arthur-helaine/
Régionale 2,Seine &amp; Oise Triel sur Seine,Jeremy LE DENMAT,Deuxième ligne,https://rugbyamateur.fr/joueur/jeremy-le-denmat/
Régionale 2,Seine &amp; Oise Triel sur Seine,Mathieu LEROY,Troisième ligne,https://rugbyamateur.fr/joueur/mathieu-leroy/
Régionale 2,Seine &amp; Oise Triel sur Seine,Pierre LEROY,Talonneur,https://rugbyamateur.fr/joueur/pierre-leroy/
Régionale 2,Seine &amp; Oise Triel sur Seine,Maximilien LEU,Centre,https://rugbyamateur.fr/joueur/maximilien-leu/
Régionale 2,Seine &amp; Oise Triel sur Seine,Francois LOUBERSAC,Troisième ligne,https://rugbyamateur.fr/joueur/francois-loubersac/
Régionale 2,Seine &amp; Oise Triel sur Seine,Thomas MARQUES DO ROSARIO,Demi de mêlée,https://rugbyamateur.fr/joueur/thomas-marques-do-rosario/
Régionale 2,Seine &amp; Oise Triel sur Seine,Maxime MARY,Talonneur,https://rugbyamateur.fr/joueur/maxime-mary/
Régionale 2,Seine &amp; Oise Triel sur Seine,Hugo PAPON,Centre,https://rugbyamateur.fr/joueur/hugo-papon/
Régionale 2,Seine &amp; Oise Triel sur Seine,Theo PAPON,Troisième ligne,https://rugbyamateur.fr/joueur/theo-papon/
Régionale 2,Seine &amp; Oise Triel sur Seine,Tanguy PEREZ,Talonneur,https://rugbyamateur.fr/joueur/tanguy-perez/
Régionale 2,Seine &amp; Oise Triel sur Seine,Hector PHELIP,Deuxième ligne,https://rugbyamateur.fr/joueur/hector-phelip/
Régionale 2,Seine &amp; Oise Triel sur Seine,Loic POTHIN,Deuxième ligne,https://rugbyamateur.fr/joueur/loic-pothin/
Régionale 2,Seine &amp; Oise Triel sur Seine,David ROISIN,Pilier,https://rugbyamateur.fr/joueur/david-roisin/
Régionale 2,Seine &amp; Oise Triel sur Seine,Hugo SALEMBIER,Deuxième ligne,https://rugbyamateur.fr/joueur/hugo-salembier/
Régionale 2,Seine &amp; Oise Triel sur Seine,Carl STEINHAUSER SIEGWALD,Pilier,https://rugbyamateur.fr/joueur/carl-steinhauser-siegwald/
Régionale 2,Seine &amp; Oise Triel sur Seine,Alexandre Francois Guy SURGIS,Arrière,https://rugbyamateur.fr/joueur/alexandre-francois-guy-surgis/
Régionale 2,Seine &amp; Oise Triel sur Seine,Dorian TIROUARD,Demi de mêlée,https://rugbyamateur.fr/joueur/dorian-tirouard/
Régionale 2,Maureilhan,Simon AMARGER,Pilier,https://rugbyamateur.fr/joueur/simon-amarger/
Régionale 2,Maureilhan,Julien BERRADOUAN,Pilier,https://rugbyamateur.fr/joueur/julien-berradouan/
Régionale 2,Maureilhan,Florent CANTAU,Centre,https://rugbyamateur.fr/joueur/florent-cantau/
Régionale 2,Maureilhan,Axel COGUL,Deuxième ligne,https://rugbyamateur.fr/joueur/axel-cogul/
Régionale 2,Maureilhan,Hugo CROUZAT,Troisième ligne,https://rugbyamateur.fr/joueur/hugo-crouzat/
Régionale 2,Maureilhan,Albin DECUQ,Arrière,https://rugbyamateur.fr/joueur/albin-decuq/
Régionale 2,Maureilhan,Angel DECUQ,Demi de mêlée,https://rugbyamateur.fr/joueur/angel-decuq/
Régionale 2,Maureilhan,Maxence DELYS,Troisième ligne,N/A
Régionale 2,Tartas,Iban BARNEIX,Centre,https://rugbyamateur.fr/joueur/iban-barneix/
Régionale 2,Tartas,Peio BEAUMONT,Demi de mêlée,https://rugbyamateur.fr/joueur/peio-beaumont/
Régionale 2,Tartas,Esteban BERRET,Pilier,https://rugbyamateur.fr/joueur/esteban-berret/
Régionale 2,Tartas,Arthur BESTEL,Troisième ligne,https://rugbyamateur.fr/joueur/arthur-bestel/
Régionale 2,Tartas,Thibault CALIOT,Troisième ligne,N/A
Régionale 2,Tartas,Max BAREITS,Pilier,https://rugbyamateur.fr/joueur/max-bareits/
Régionale 2,Tartas,Ugo BELLEGARDE,Arrière,https://rugbyamateur.fr/joueur/ugo-bellegarde/
Régionale 2,Tartas,Ethan BLANCO,Troisième ligne,https://rugbyamateur.fr/joueur/ethan-blanco/
Régionale 2,Tartas,Mathys BOS,Troisième ligne,https://rugbyamateur.fr/joueur/mathys-bos/
Régionale 2,Tartas,Yoan CLAUX,Deuxième ligne,https://rugbyamateur.fr/joueur/yoan-claux/
Régionale 2,Tartas,Theo COURBIN,Talonneur,https://rugbyamateur.fr/joueur/theo-courbin/
Régionale 2,Tartas,Noa DAVILA,Centre,https://rugbyamateur.fr/joueur/noa-davila/
Régionale 2,Tartas,Nathan DEGOUL MARCHERAT,Deuxième ligne,https://rugbyamateur.fr/joueur/nathan-degoul-marcherat/
Régionale 2,Tartas,Kylian DEMONCHY,Ailier,https://rugbyamateur.fr/joueur/kylian-demonchy/
Régionale 2,Tartas,Ethan DUCAMP,Ailier,https://rugbyamateur.fr/joueur/ethan-ducamp/
Régionale 2,Tartas,Mael HERVE,Pilier,https://rugbyamateur.fr/joueur/mael-herve/
Régionale 2,Tartas,Cyan JUZAN,Deuxième ligne,https://rugbyamateur.fr/joueur/cyan-juzan/
Régionale 2,Tartas,Theo LABORDE,N/A,https://rugbyamateur.fr/joueur/theo-laborde/
Régionale 2,Tartas,Tomy LEBRETON,Talonneur,https://rugbyamateur.fr/joueur/tomy-lebreton/
Régionale 2,Tartas,Quentin LIMOUZI,Demi de mêlée,https://rugbyamateur.fr/joueur/quentin-limouzi/
Régionale 2,Tartas,Augustin MARDELLE,Demi d&#039;ouverture,https://rugbyamateur.fr/joueur/augustin-mardelle/
Régionale 2,Tartas,Mathis PEREIRA,Troisième ligne,https://rugbyamateur.fr/joueur/mathis-pereira/
Régionale 2,Tartas,Corentin ROSZAK,Centre,https://rugbyamateur.fr/joueur/corentin-roszak/
Régionale 2,Tartas,Bastien SENTUCQ,N/A,https://rugbyamateur.fr/joueur/bastien-sentucq/
Régionale 2,Tartas,Cyril SOUBRIE,Centre,https://rugbyamateur.fr/joueur/cyril-soubrie/
Régionale 2,Tartas,Lucas TASTET,Talonneur,https://rugbyamateur.fr/joueur/lucas-tastet/
Régionale 2,Tartas,Esteban BERRET,Pilier,https://rugbyamateur.fr/joueur/esteban-berret/
Régionale 2,Tartas,Ethan BODDAERT,Pilier,N/A
Régionale 2,Lesperon Onesse,Dominique ANSOLABEHERE,Pilier,https://rugbyamateur.fr/joueur/dominique-ansolabehere/
Régionale 2,Lesperon Onesse,Pierre ARRIEUMERLOU,Arrière,https://rugbyamateur.fr/joueur/pierre-arrieumerlou/
Régionale 2,Lesperon Onesse,Antoine BADET,Arrière,https://rugbyamateur.fr/joueur/antoine-badet/
Régionale 2,Lesperon Onesse,Clement BADET,Centre,https://rugbyamateur.fr/joueur/clement-badet/
Régionale 2,Lesperon Onesse,Pierre BADET,Ailier,https://rugbyamateur.fr/joueur/pierre-badet/
Régionale 2,Lesperon Onesse,Kevin BLANCO,Pilier,N/A
Régionale 2,Lesperon Onesse,Robin AILLERIE,Troisième ligne,N/A
Régionale 2,Lesperon Onesse,Iban BARNEIX,Centre,https://rugbyamateur.fr/joueur/iban-barneix/
Régionale 2,Lesperon Onesse,Peio BEAUMONT,Demi de mêlée,https://rugbyamateur.fr/joueur/peio-beaumont/
Régionale 2,Lesperon Onesse,Esteban BERRET,Pilier,https://rugbyamateur.fr/joueur/esteban-berret/
Régionale 2,Lesperon Onesse,Arthur BESTEL,Troisième ligne,https://rugbyamateur.fr/joueur/arthur-bestel/
Régionale 2,Lesperon Onesse,Thibault CALIOT,Troisième ligne,N/A
Régionale 2,Lesperon Onesse,Max BAREITS,Pilier,https://rugbyamateur.fr/joueur/max-bareits/
Régionale 2,Lesperon Onesse,Ugo BELLEGARDE,Arrière,https://rugbyamateur.fr/joueur/ugo-bellegarde/
Régionale 2,Lesperon Onesse,Ethan BLANCO,Troisième ligne,https://rugbyamateur.fr/joueur/ethan-blanco/
Régionale 2,Lesperon Onesse,Mathys BOS,Troisième ligne,https://rugbyamateur.fr/joueur/mathys-bos/
Régionale 2,Lesperon Onesse,Yoan CLAUX,Deuxième ligne,https://rugbyamateur.fr/joueur/yoan-claux/
Régionale 2,Lesperon Onesse,Theo COURBIN,Talonneur,https://rugbyamateur.fr/joueur/theo-courbin/
Régionale 2,Lesperon Onesse,Noa DAVILA,Centre,https://rugbyamateur.fr/joueur/noa-davila/
Régionale 2,Lesperon Onesse,Nathan DEGOUL MARCHERAT,Deuxième ligne,https://rugbyamateur.fr/joueur/nathan-degoul-marcherat/
Régionale 2,Lesperon Onesse,Kylian DEMONCHY,Ailier,https://rugbyamateur.fr/joueur/kylian-demonchy/
Régionale 2,Lesperon Onesse,Ethan DUCAMP,Ailier,https://rugbyamateur.fr/joueur/ethan-ducamp/
Régionale 2,Lesperon Onesse,Mael HERVE,Pilier,https://rugbyamateur.fr/joueur/mael-herve/
Régionale 2,Lesperon Onesse,Cyan JUZAN,Deuxième ligne,https://rugbyamateur.fr/joueur/cyan-juzan/
Régionale 2,Lesperon Onesse,Theo LABORDE,N/A,https://rugbyamateur.fr/joueur/theo-laborde/
Régionale 2,Lesperon Onesse,Tomy LEBRETON,Talonneur,https://rugbyamateur.fr/joueur/tomy-lebreton/
Régionale 2,Lesperon Onesse,Quentin LIMOUZI,Demi de mêlée,https://rugbyamateur.fr/joueur/quentin-limouzi/
Régionale 2,Lesperon Onesse,Augustin MARDELLE,Demi d&#039;ouverture,https://rugbyamateur.fr/joueur/augustin-mardelle/
Régionale 2,Lesperon Onesse,Mathis PEREIRA,Troisième ligne,https://rugbyamateur.fr/joueur/mathis-pereira/
Régionale 2,Lesperon Onesse,Corentin ROSZAK,Centre,https://rugbyamateur.fr/joueur/corentin-roszak/
Régionale 2,Lesperon Onesse,Bastien SENTUCQ,N/A,https://rugbyamateur.fr/joueur/bastien-sentucq/
Régionale 2,Lesperon Onesse,Cyril SOUBRIE,Centre,https://rugbyamateur.fr/joueur/cyril-soubrie/
Régionale 2,Lesperon Onesse,Lucas TASTET,Talonneur,https://rugbyamateur.fr/joueur/lucas-tastet/
Régionale 2,Lesperon Onesse,Esteban BERRET,Pilier,https://rugbyamateur.fr/joueur/esteban-berret/
Régionale 2,Lesperon Onesse,Ethan BODDAERT,Pilier,N/A
Régionale 2,Le Beausset,Aurelien ANDREOTTI,Arrière,https://rugbyamateur.fr/joueur/aurelien-andreotti/
Régionale 2,Le Beausset,Florent BAEGERT,Troisième ligne,https://rugbyamateur.fr/joueur/florent-baegert/
Régionale 2,Le Beausset,Matthieu BARBERIS,Pilier,https://rugbyamateur.fr/joueur/matthieu-barberis/
Régionale 2,Le Beausset,Sebastien BARBERIS,Centre,https://rugbyamateur.fr/joueur/sebastien-barberis/
Régionale 2,Le Beausset,Maxence BECH,N/A,https://rugbyamateur.fr/joueur/maxence-bech/
Régionale 2,Le Beausset,Jean BOY,Troisième ligne,https://rugbyamateur.fr/joueur/jean-boy/
Régionale 2,Le Beausset,Tom COQUET,Talonneur,https://rugbyamateur.fr/joueur/tom-coquet/
Régionale 2,Le Beausset,Remi DELBES,Troisième ligne,https://rugbyamateur.fr/joueur/remi-delbes/
Régionale 2,Le Beausset,Ianis DELORME,Deuxième ligne,https://rugbyamateur.fr/joueur/ianis-delorme/
Régionale 2,Le Beausset,Kilian GIRAUD,Demi d&#039;ouverture,https://rugbyamateur.fr/joueur/kilian-giraud/
Régionale 2,Le Beausset,Axel GUERMEUR,Deuxième ligne,https://rugbyamateur.fr/joueur/axel-guermeur/
Régionale 2,Le Beausset,Mathis GUERRA,Ailier,https://rugbyamateur.fr/joueur/mathis-guerra/
Régionale 2,Le Beausset,Francois LAURIE,Pilier,https://rugbyamateur.fr/joueur/francois-laurie/
Régionale 2,Le Beausset,Jordan LEGUA,Talonneur,https://rugbyamateur.fr/joueur/jordan-legua/
Régionale 2,Le Beausset,Nathan LUQUE,Demi de mêlée,https://rugbyamateur.fr/joueur/nathan-luque/
Régionale 2,Le Beausset,Benjamin MAILLET,Centre,https://rugbyamateur.fr/joueur/benjamin-maillet/
Régionale 2,Le Beausset,Joe MANSOUN,N/A,https://rugbyamateur.fr/joueur/joe-mansoun/
Régionale 2,Le Beausset,David MORANDEAU,Ailier,https://rugbyamateur.fr/joueur/david-morandeau/
Régionale 2,Le Beausset,Raphael NAVARRETE,Talonneur,https://rugbyamateur.fr/joueur/raphael-navarrete/
Régionale 2,Le Beausset,Florent PAUQUET,Ailier,https://rugbyamateur.fr/joueur/florent-pauquet/
Régionale 2,Le Beausset,Baptiste PENALVA,N/A,https://rugbyamateur.fr/joueur/baptiste-penalva/
Régionale 2,Le Beausset,Tamatea SUHAS,Pilier,https://rugbyamateur.fr/joueur/tamatea-suhas/
Régionale 2,Le Beausset,Gauthier TURIN,Deuxième ligne,https://rugbyamateur.fr/joueur/gauthier-turin/
Régionale 2,Le Beausset,Mathis VALETTE,Centre,https://rugbyamateur.fr/joueur/mathis-valette/
Régionale 2,Le Beausset,Yassine ARIFA,Deuxième ligne,N/A
Régionale 2,Foix,Nikolozi AKHMETELI,Ailier,https://rugbyamateur.fr/joueur/nikolozi-akhmeteli/
Régionale 2,Foix,Yannis AMMARI,Demi de mêlée,https://rugbyamateur.fr/joueur/yannis-ammari/
Régionale 2,Foix,Tom COSTARRAMONE,Troisième ligne,https://rugbyamateur.fr/joueur/tom-costarramone/
Régionale 2,Foix,Timeo DELALANDE,Troisième ligne,https://rugbyamateur.fr/joueur/timeo-delalande/
Régionale 2,Foix,Adam DUBALEN,Troisième ligne,https://rugbyamateur.fr/joueur/adam-dubalen/
Régionale 2,Foix,Elie ESTEBE,Centre,https://rugbyamateur.fr/joueur/elie-estebe/
Régionale 2,Foix,Paul FORT,Deuxième ligne,https://rugbyamateur.fr/joueur/paul-fort/
Régionale 2,Foix,Emilien FOUSSARIGUES,Centre,https://rugbyamateur.fr/joueur/emilien-foussarigues/
Régionale 2,Foix,Axel GAUDARE LARRIEU,Ailier,https://rugbyamateur.fr/joueur/axel-gaudare-larrieu/
Régionale 2,Foix,Eliott IDDIR MONTUY,N/A,https://rugbyamateur.fr/joueur/eliott-iddir-montuy/
Régionale 2,Foix,Alexis KIOURTZIDIS,Deuxième ligne,https://rugbyamateur.fr/joueur/alexis-kiourtzidis/
Régionale 2,Foix,Gauthier LAFON,Troisième ligne,https://rugbyamateur.fr/joueur/gauthier-lafon/
Régionale 2,Foix,Paul Henri LAGUERRE,Ailier,https://rugbyamateur.fr/joueur/paul-henri-laguerre/
Régionale 2,Foix,Hugo LOZANO,Demi d&#039;ouverture,https://rugbyamateur.fr/joueur/hugo-lozano/
Régionale 2,Foix,Dorian MARTINS,Pilier,https://rugbyamateur.fr/joueur/dorian-martins/
Régionale 2,Foix,Alexandre OSSIPIAN,N/A,https://rugbyamateur.fr/joueur/alexandre-ossipian/
Régionale 2,Foix,Eliyondry POLONIE,N/A,https://rugbyamateur.fr/joueur/eliyondry-polonie/
Régionale 2,Foix,Stepan RUSAKOV,Deuxième ligne,https://rugbyamateur.fr/joueur/stepan-rusakov/
Régionale 2,Foix,Jules SANZ,N/A,https://rugbyamateur.fr/joueur/jules-sanz/
Régionale 2,Foix,Romain TEULIERE,Arrière,https://rugbyamateur.fr/joueur/romain-teuliere/
Régionale 2,Foix,Benjamin VALS,Talonneur,https://rugbyamateur.fr/joueur/benjamin-vals/
Régionale 2,Foix,Maxime VILLALBA,Ailier,https://rugbyamateur.fr/joueur/maxime-villalba/
Régionale 2,Foix,Nathan VIOVY,Pilier,https://rugbyamateur.fr/joueur/nathan-viovy/
Régionale 2,Foix,Sam ABADIE,Deuxième ligne,https://rugbyamateur.fr/joueur/sam-abadie/
Régionale 2,Foix,Thomas ALRIC,Troisième ligne,N/A
Régionale 2,Foix,Guylhem CANO,Deuxième ligne,N/A
Régionale 2,Lisle-sur-Tarn,Vincent ALVES,Deuxième ligne,N/A
Régionale 2,Lisle-sur-Tarn,Noham BALENGHIEN,N/A,https://rugbyamateur.fr/joueur/noham-balenghien/
Régionale 2,Canton de Marsanne,Baptiste ARNAUD,Demi d&#039;ouverture,https://rugbyamateur.fr/joueur/baptiste-arnaud/
Régionale 2,Canton de Marsanne,Theo ARRIEUX,Troisième ligne,https://rugbyamateur.fr/joueur/theo-arrieux/
Régionale 2,Canton de Marsanne,Jessy BONIN,Ailier,https://rugbyamateur.fr/joueur/jessy-bonin/
Régionale 2,Canton de Marsanne,Clement CHABANNE,Demi de mêlée,https://rugbyamateur.fr/joueur/clement-chabanne/
Régionale 2,Canton de Marsanne,Alexandre CONSTANT,Arrière,https://rugbyamateur.fr/joueur/alexandre-constant/
Régionale 2,Canton de Marsanne,Thomas DECOUDUN,N/A,N/A
Régionale 2,UNION RUGBY,Thibault Guillaume ABHERVE GUEGUEN,Ailier,https://rugbyamateur.fr/joueur/thibault-guillaume-abherve-gueguen/
Régionale 2,UNION RUGBY,Yann BIART,N/A,https://rugbyamateur.fr/joueur/yann-biart/
Régionale 2,UNION RUGBY,Maxime Adrien CAPLIN,Troisième ligne,N/A
Régionale 2,UNION RUGBY,Ryan Maxime ALLAMELOU,Troisième ligne,https://rugbyamateur.fr/joueur/ryan-maxime-allamelou/
Régionale 2,UNION RUGBY,Marius Nicolas ARRIAT,Pilier,https://rugbyamateur.fr/joueur/marius-nicolas-arriat/
Régionale 2,UNION RUGBY,Swann BENMEKIDECHE,Deuxième ligne,https://rugbyamateur.fr/joueur/swann-benmekideche/
Régionale 2,UNION RUGBY,Arthur Tom BERGERON,Troisième ligne,N/A
Régionale 2,UNION RUGBY,Zie Issa BAMBA,N/A,N/A
Régionale 2,Le Passage,Louise AUZERAL,Pilier,N/A
Régionale 2,Le Passage,Alban ALIX,Troisième ligne,https://rugbyamateur.fr/joueur/alban-alix/
Régionale 2,Le Passage,Luca ARBIA,Demi d&#039;ouverture,https://rugbyamateur.fr/joueur/luca-arbia/
Régionale 2,Le Passage,Arthur ARTASONA,N/A,https://rugbyamateur.fr/joueur/arthur-artasona/
Régionale 2,Le Passage,Thomas BAREILLE,Ailier,N/A
Régionale 2,Le Passage,Titouan AZAIS,Deuxième ligne,https://rugbyamateur.fr/joueur/titouan-azais/
Régionale 2,Le Passage,Hugo BOISSON,Pilier,https://rugbyamateur.fr/joueur/hugo-boisson/
Régionale 2,Le Passage,Clement BOUE,Ailier,https://rugbyamateur.fr/joueur/clement-boue/
Régionale 2,Le Passage,Theo CHABRIER,Talonneur,https://rugbyamateur.fr/joueur/theo-chabrier/
Régionale 2,Le Passage,Hugo CIEMNIEWSKI,Troisième ligne,https://rugbyamateur.fr/joueur/hugo-ciemniewski/
Régionale 2,Le Passage,Killyan COLAS,Ailier,https://rugbyamateur.fr/joueur/killyan-colas/
Régionale 2,Le Passage,Nolan EYCHENNE,Deuxième ligne,https://rugbyamateur.fr/joueur/nolan-eychenne/
Régionale 2,Le Passage,Ilan FARRE,N/A,https://rugbyamateur.fr/joueur/ilan-farre/
Régionale 2,Le Passage,Milo GARREAU,N/A,https://rugbyamateur.fr/joueur/milo-garreau/
Régionale 2,Le Passage,Victor JANSINGH,Troisième ligne,https://rugbyamateur.fr/joueur/victor-jansingh/
Régionale 2,Le Passage,Sohan JAUZENQUE PRADIN,Centre,https://rugbyamateur.fr/joueur/sohan-jauzenque-pradin/
Régionale 2,Le Passage,Eliot LARCHER,Demi d&#039;ouverture,N/A
Régionale 2,Le Passage,Louis BACHELLERIE,Arrière,https://rugbyamateur.fr/joueur/louis-bachellerie/
Régionale 2,Le Passage,Axel BERROCAL BENDICHE,Demi d&#039;ouverture,https://rugbyamateur.fr/joueur/axel-berrocal-bendiche/
Régionale 2,Le Passage,Lilian CENUT,Demi de mêlée,https://rugbyamateur.fr/joueur/lilian-cenut/
Régionale 2,Le Passage,Jules CHAUMET,Deuxième ligne,https://rugbyamateur.fr/joueur/jules-chaumet/
Régionale 2,Le Passage,Galaad CHOULY,Ailier,https://rugbyamateur.fr/joueur/galaad-chouly/
Régionale 2,Le Passage,Hugo CIEMNIEWSKI,Troisième ligne,https://rugbyamateur.fr/joueur/hugo-ciemniewski/
Régionale 2,Le Passage,Julien GROS,Deuxième ligne,https://rugbyamateur.fr/joueur/julien-gros/
Régionale 2,Le Passage,Enzo GROSSIA,Troisième ligne,https://rugbyamateur.fr/joueur/enzo-grossia/
Régionale 2,Le Passage,Morgan INESTA,N/A,https://rugbyamateur.fr/joueur/morgan-inesta/
Régionale 2,Le Passage,Louka JENNI,N/A,https://rugbyamateur.fr/joueur/louka-jenni/
Régionale 2,Le Passage,Gabriel LAVEAU GRANDA,Arrière,N/A
Régionale 2,Le Passage,Gabin AUBRY,Pilier,https://rugbyamateur.fr/joueur/gabin-aubry/
Régionale 2,Le Passage,Bilguun BAASANDORJ,Talonneur,https://rugbyamateur.fr/joueur/bilguun-baasandorj/
Régionale 2,Le Passage,Nathan CROS,Ailier,https://rugbyamateur.fr/joueur/nathan-cros/
Régionale 2,Le Passage,Alexis DUFFAU,Deuxième ligne,N/A
Régionale 2,Ascain,Jonathan AGUIRRE,Talonneur,https://rugbyamateur.fr/joueur/jonathan-aguirre/
Régionale 2,Ascain,Stephane ARGAGNON,Pilier,https://rugbyamateur.fr/joueur/stephane-argagnon/
Régionale 2,Ascain,Enaut BARRENDEGUY,Demi d&#039;ouverture,N/A
Régionale 2,Ascain,Txomin CAMOU,Pilier,N/A
Régionale 2,Ascain,Julen GURRUCHAGA,Pilier,https://rugbyamateur.fr/joueur/julen-gurruchaga/
Régionale 2,Ascain,Alaitz AGUIRRE,Talonneur,https://rugbyamateur.fr/joueur/alaitz-aguirre/
Régionale 2,Ascain,Jade ALLANIC,Troisième ligne,https://rugbyamateur.fr/joueur/jade-allanic/
Régionale 2,Ascain,Jone AMANTEGI,N/A,N/A
Régionale 2,Ascain,Louis AMIGORENA,N/A,https://rugbyamateur.fr/joueur/louis-amigorena/
Régionale 2,Ascain,Yohan BRANA LECONTE,Troisième ligne,https://rugbyamateur.fr/joueur/yohan-brana-leconte/
Régionale 2,Ascain,Ioritz DUPEROU,Troisième ligne,https://rugbyamateur.fr/joueur/ioritz-duperou/
Régionale 2,Ascain,Martin ESPONDE,Centre,https://rugbyamateur.fr/joueur/martin-esponde/
Régionale 2,Ascain,Mikel ETCHENIC,N/A,https://rugbyamateur.fr/joueur/mikel-etchenic/
Régionale 2,Ascain,Julen GURRUCHAGA,Pilier,https://rugbyamateur.fr/joueur/julen-gurruchaga/
Régionale 2,Ascain,Kepa HARAMBOURE,Demi d&#039;ouverture,https://rugbyamateur.fr/joueur/kepa-haramboure/
Régionale 2,Ascain,Maxence HAWROT,Deuxième ligne,https://rugbyamateur.fr/joueur/maxence-hawrot/
Régionale 2,Ascain,Kepa HIRIBARREN AZARETE,Pilier,https://rugbyamateur.fr/joueur/kepa-hiribarren-azarete/
Régionale 2,Ascain,Quentin HIRIBERRY,Talonneur,https://rugbyamateur.fr/joueur/quentin-hiriberry/
Régionale 2,Ascain,Luca IGUINIZ,Demi d&#039;ouverture,https://rugbyamateur.fr/joueur/luca-iguiniz/
Régionale 2,Ascain,Pierre JOUILLAT,Pilier,https://rugbyamateur.fr/joueur/pierre-jouillat/
Régionale 2,Ascain,Yann LATRON,Ailier,https://rugbyamateur.fr/joueur/yann-latron/
Régionale 2,Ascain,Clement LESBORDES,Arrière,https://rugbyamateur.fr/joueur/clement-lesbordes/
Régionale 2,Ascain,Ximun LISSARDY,Deuxième ligne,https://rugbyamateur.fr/joueur/ximun-lissardy/
Régionale 2,Ascain,Julen LUBERRIAGA,Troisième ligne,https://rugbyamateur.fr/joueur/julen-luberriaga/
Régionale 2,Ascain,Julen MARTICORENA,Pilier,https://rugbyamateur.fr/joueur/julen-marticorena/
Régionale 2,Ascain,Fabien PLOUVIER,Ailier,N/A
Régionale 2,Ascain,Enaut ALBERDI LANA,N/A,https://rugbyamateur.fr/joueur/enaut-alberdi-lana/
Régionale 2,Ascain,Julen ARIZTIZABAL,Talonneur,https://rugbyamateur.fr/joueur/julen-ariztizabal/
Régionale 2,Ascain,Paul BAROS,Centre,https://rugbyamateur.fr/joueur/paul-baros/
Régionale 2,Ascain,Amine BELHATTAL,N/A,https://rugbyamateur.fr/joueur/amine-belhattal/
Régionale 2,Ascain,Amets CHAUDRON,Troisième ligne,https://rugbyamateur.fr/joueur/amets-chaudron/
Régionale 2,Ascain,Luca CUEVAS SILVA,Ailier,https://rugbyamateur.fr/joueur/luca-cuevas-silva/
Régionale 2,Ascain,Inaki DARRIEUSSECQ ARANZABAL,Deuxième ligne,https://rugbyamateur.fr/joueur/inaki-darrieussecq-aranzabal/
Régionale 2,Ascain,Ekaitz DURANONA,Troisième ligne,https://rugbyamateur.fr/joueur/ekaitz-duranona/
Régionale 2,Ascain,Theo ECHEVESTE,N/A,https://rugbyamateur.fr/joueur/theo-echeveste/
Régionale 2,Ascain,Aimar ECHEVESTE ARISTIZABAL,Ailier,https://rugbyamateur.fr/joueur/aimar-echeveste-aristizabal/
Régionale 2,Ascain,Aimar ESTEBAN,Pilier,https://rugbyamateur.fr/joueur/aimar-esteban/
Régionale 2,Ascain,Julen GOIBURU,Deuxième ligne,https://rugbyamateur.fr/joueur/julen-goiburu/
Régionale 2,Ascain,Paolo IRIGOYEN,Pilier,https://rugbyamateur.fr/joueur/paolo-irigoyen/
Régionale 2,Ascain,Allande LABORDE MILAGE,Talonneur,https://rugbyamateur.fr/joueur/allande-laborde-milage/
Régionale 2,Ascain,Ewan LITTLE ALDABE,Centre,https://rugbyamateur.fr/joueur/ewan-little-aldabe/
Régionale 2,Ascain,Hector Javier MARQUEZ PONTILLO,N/A,N/A
Régionale 2,Ascain,Oihan ALBISTUR,Demi de mêlée,https://rugbyamateur.fr/joueur/oihan-albistur/
Régionale 2,Ascain,Ibon ALONSO JANDULA,N/A,https://rugbyamateur.fr/joueur/ibon-alonso-jandula/
Régionale 2,Ascain,Rafael ALZUAGA,Demi de mêlée,https://rugbyamateur.fr/joueur/rafael-alzuaga/
Régionale 2,Ascain,Oier ARRETXE GUTIERREZ,N/A,N/A
Régionale 2,Ascain,Andoni AGUIRRE,N/A,https://rugbyamateur.fr/joueur/andoni-aguirre/
Régionale 2,Ascain,Julien ARANAZ,Ailier,https://rugbyamateur.fr/joueur/julien-aranaz/
Régionale 2,Ascain,Joan DARBOURE,Troisième ligne,https://rugbyamateur.fr/joueur/joan-darboure/
Régionale 2,Ascain,Ernest DURAND,Deuxième ligne,https://rugbyamateur.fr/joueur/ernest-durand/
Régionale 2,Ascain,Lutxo ETCHART CACOUTEGUY,Troisième ligne,https://rugbyamateur.fr/joueur/lutxo-etchart-cacouteguy/
Régionale 2,Ascain,Luken GONCALVES DA ROCHA,Troisième ligne,https://rugbyamateur.fr/joueur/luken-goncalves-da-rocha/
Régionale 2,Ascain,Iban HIRIBERRY,Talonneur,https://rugbyamateur.fr/joueur/iban-hiriberry/
Régionale 2,Ascain,Diego ILHARREBORDE,Centre,https://rugbyamateur.fr/joueur/diego-ilharreborde/
Régionale 2,Ascain,Gexan IRATZOQUI,Centre,https://rugbyamateur.fr/joueur/gexan-iratzoqui/
Régionale 2,Ascain,Quentin LABRUQUERE,Pilier,N/A
Régionale 2,Monteux,Vincent ANDREANI,Ailier,https://rugbyamateur.fr/joueur/vincent-andreani/
Régionale 2,Monteux,Eliot BONNIN,Pilier,https://rugbyamateur.fr/joueur/eliot-bonnin/
Régionale 2,Monteux,Theo BROCHENIN,Talonneur,https://rugbyamateur.fr/joueur/theo-brochenin/
Régionale 2,Monteux,Yoann BROCHENIN,Demi d&#039;ouverture,https://rugbyamateur.fr/joueur/yoann-brochenin/
Régionale 2,Monteux,Mickael CAVATZ,N/A,https://rugbyamateur.fr/joueur/mickael-cavatz/
Régionale 2,Monteux,Mohamed DIABY,Pilier,https://rugbyamateur.fr/joueur/mohamed-diaby/
Régionale 2,Monteux,Malek EL MAAZOUZI,Pilier,https://rugbyamateur.fr/joueur/malek-el-maazouzi/
Régionale 2,Monteux,Mathias GERENT,Demi de mêlée,https://rugbyamateur.fr/joueur/mathias-gerent/
Régionale 2,Monteux,Timeo GONDRAN,Deuxième ligne,https://rugbyamateur.fr/joueur/timeo-gondran/
Régionale 2,Monteux,Maxime GROSSON,Arrière,https://rugbyamateur.fr/joueur/maxime-grosson/
Régionale 2,Monteux,Lucky MALARD,Talonneur,https://rugbyamateur.fr/joueur/lucky-malard/
Régionale 2,Monteux,Marc MARTINEZ,Pilier,https://rugbyamateur.fr/joueur/marc-martinez/
Régionale 2,Monteux,Anas MESAOUDI,N/A,https://rugbyamateur.fr/joueur/anas-mesaoudi/
Régionale 2,Monteux,Brahim MOH,Ailier,https://rugbyamateur.fr/joueur/brahim-moh/
Régionale 2,Monteux,Hugo MOURGEON,Ailier,https://rugbyamateur.fr/joueur/hugo-mourgeon/
Régionale 2,Monteux,Gabriel ORIGNY,Deuxième ligne,https://rugbyamateur.fr/joueur/gabriel-origny/
Régionale 2,Monteux,Romain ORTINAU,Demi d&#039;ouverture,https://rugbyamateur.fr/joueur/romain-ortinau/
Régionale 2,Monteux,Remi RAOUX TELLENE,Troisième ligne,https://rugbyamateur.fr/joueur/remi-raoux-tellene/
Régionale 2,Monteux,Eliot RODRIGO,Demi d&#039;ouverture,https://rugbyamateur.fr/joueur/eliot-rodrigo/
Régionale 2,Monteux,Jona Turavu SAULEKALEKA,N/A,https://rugbyamateur.fr/joueur/jona-turavu-saulekaleka/
Régionale 2,Monteux,Louis VANDORPE,Pilier,https://rugbyamateur.fr/joueur/louis-vandorpe/
Régionale 2,Monteux,Raiyan VAZ,N/A,https://rugbyamateur.fr/joueur/raiyan-vaz/
Régionale 2,Monteux,Rayan BOUAITA,Troisième ligne,N/A
Régionale 2,Saint-Jory,Mathyas ALART,Troisième ligne,https://rugbyamateur.fr/joueur/mathyas-alart/
Régionale 2,Saint-Jory,Benoit AROTCARENA,Ailier,https://rugbyamateur.fr/joueur/benoit-arotcarena/
Régionale 2,Saint-Jory,Paul ASTEGNO,Centre,https://rugbyamateur.fr/joueur/paul-astegno/
Régionale 2,Saint-Jory,Gauthier BARDY,Troisième ligne,https://rugbyamateur.fr/joueur/gauthier-bardy/
Régionale 2,Saint-Jory,Dorian BELFOND,Troisième ligne,https://rugbyamateur.fr/joueur/dorian-belfond/
Régionale 2,Saint-Jory,Dorian BENTAIBA,Demi d&#039;ouverture,https://rugbyamateur.fr/joueur/dorian-bentaiba/
Régionale 2,Saint-Jory,Lucas BORASO,Pilier,N/A
Régionale 2,Saint-Jory,Johan BAURET,Centre,N/A
Régionale 2,Arcol,Hatem ABDESSAMAD,Deuxième ligne,https://rugbyamateur.fr/joueur/hatem-abdessamad/
Régionale 2,Arcol,Morgan ALBELDA HAGAN,Deuxième ligne,https://rugbyamateur.fr/joueur/morgan-albelda-hagan/
Régionale 2,Arcol,Jules BACONNIER,Deuxième ligne,https://rugbyamateur.fr/joueur/jules-baconnier/
Régionale 2,Arcol,Noa BAGNIS,Ailier,https://rugbyamateur.fr/joueur/noa-bagnis/
Régionale 2,Arcol,Adam BARBEY,Ailier,https://rugbyamateur.fr/joueur/adam-barbey/
Régionale 2,Arcol,Rafael BARGAS,Troisième ligne,https://rugbyamateur.fr/joueur/rafael-bargas/
Régionale 2,Arcol,Rayan BOUATTIA,Deuxième ligne,N/A
Régionale 2,Arcol,Kaycee ALBELDA HAGAN,Deuxième ligne,https://rugbyamateur.fr/joueur/kaycee-albelda-hagan/
Régionale 2,Arcol,Kaina BABAH,Pilier,https://rugbyamateur.fr/joueur/kaina-babah/
Régionale 2,Arcol,Oceane BENOIT,Centre,https://rugbyamateur.fr/joueur/oceane-benoit/
Régionale 2,Arcol,Daphne BERENGER,Troisième ligne,N/A
Régionale 2,Trélissac,Louis CAMBLANNE,Demi d&#039;ouverture,https://rugbyamateur.fr/joueur/louis-camblanne/
Régionale 2,Trélissac,Louis CHABROL,Pilier,N/A
Régionale 2,Trélissac,Amet ASENOV BESSE,N/A,https://rugbyamateur.fr/joueur/amet-asenov-besse/
Régionale 2,Trélissac,Aurelien BELLY,Demi d&#039;ouverture,https://rugbyamateur.fr/joueur/aurelien-belly/
Régionale 2,Trélissac,Ugo BUGEAT,Talonneur,https://rugbyamateur.fr/joueur/ugo-bugeat/
Régionale 2,Trélissac,Theo BUNGER MOREAU,Pilier,https://rugbyamateur.fr/joueur/theo-bunger-moreau/
Régionale 2,Trélissac,Yanis DALMAZZO,Demi de mêlée,https://rugbyamateur.fr/joueur/yanis-dalmazzo/
Régionale 2,Trélissac,Jean DURAND,Ailier,https://rugbyamateur.fr/joueur/jean-durand/
Régionale 2,Trélissac,Alexandre DURAND GUYOT,Centre,N/A
Régionale 2,Trélissac,Gabin AUDIVERT,Troisième ligne,N/A
Régionale 2,Trélissac,Tom ARDOUIN FLAVIGNY,Demi de mêlée,N/A
Régionale 2,Val XV,Simon BARIOLET ROUCH,Demi de mêlée,https://rugbyamateur.fr/joueur/simon-bariolet-rouch/
Régionale 2,Val XV,Olivier BAUZA,Ailier,https://rugbyamateur.fr/joueur/olivier-bauza/
Régionale 2,Val XV,Remi CANAL,Troisième ligne,https://rugbyamateur.fr/joueur/remi-canal/
Régionale 2,Val XV,Dimitri CAZAURANG,Centre,https://rugbyamateur.fr/joueur/dimitri-cazaurang/
Régionale 2,Val XV,Jawad CHARAF,Pilier,https://rugbyamateur.fr/joueur/jawad-charaf/
Régionale 2,Val XV,Antoine CHAUVET,Troisième ligne,https://rugbyamateur.fr/joueur/antoine-chauvet/
Régionale 2,Val XV,Anthony CLANET,Pilier,https://rugbyamateur.fr/joueur/anthony-clanet/
Régionale 2,Val XV,Valentin CLANET,Centre,https://rugbyamateur.fr/joueur/valentin-clanet/
Régionale 2,Val XV,Adrien DE SAURET D AULIAC,Pilier,https://rugbyamateur.fr/joueur/adrien-de-sauret-d-auliac/
Régionale 2,Val XV,Yoann GOUAZE,Ailier,https://rugbyamateur.fr/joueur/yoann-gouaze/
Régionale 2,Val XV,Mathieu GOUZY,Demi d&#039;ouverture,https://rugbyamateur.fr/joueur/mathieu-gouzy/
Régionale 2,Val XV,Matteo GUITARD,Centre,https://rugbyamateur.fr/joueur/matteo-guitard/
Régionale 2,Val XV,Thomas HEBAL,Pilier,https://rugbyamateur.fr/joueur/thomas-hebal/
Régionale 2,Val XV,Maxime JOOS,Deuxième ligne,https://rugbyamateur.fr/joueur/maxime-joos/
Régionale 2,Val XV,Quentin MARTINEZ,Pilier,https://rugbyamateur.fr/joueur/quentin-martinez/
Régionale 2,Val XV,Mathis MILHORAT,Troisième ligne,https://rugbyamateur.fr/joueur/mathis-milhorat/
Régionale 2,Val XV,Pierre MILHORAT,Deuxième ligne,https://rugbyamateur.fr/joueur/pierre-milhorat/
Régionale 2,Val XV,Tom MONGE,Troisième ligne,https://rugbyamateur.fr/joueur/tom-monge/
Régionale 2,Val XV,Thomas NERAT,Demi d&#039;ouverture,https://rugbyamateur.fr/joueur/thomas-nerat/
Régionale 2,Val XV,Toine ORRIERE,Arrière,https://rugbyamateur.fr/joueur/toine-orriere/
Régionale 2,Val XV,Robin PITARRESI,Talonneur,https://rugbyamateur.fr/joueur/robin-pitarresi/
Régionale 2,Val XV,Adrien PLANES,Ailier,https://rugbyamateur.fr/joueur/adrien-planes/
Régionale 2,Val XV,Matteo RANDI,Deuxième ligne,https://rugbyamateur.fr/joueur/matteo-randi/
Régionale 2,Val XV,Sebastien ROGET,Ailier,https://rugbyamateur.fr/joueur/sebastien-roget/
Régionale 2,Val XV,Mehdi RUSSMANN,Troisième ligne,https://rugbyamateur.fr/joueur/mehdi-russmann/
Régionale 2,Val XV,Louckian SANS,Centre,https://rugbyamateur.fr/joueur/louckian-sans/
Régionale 2,Val XV,Mathias SANS,Talonneur,https://rugbyamateur.fr/joueur/mathias-sans/
Régionale 2,Val XV,Julien SERFS,Arrière,https://rugbyamateur.fr/joueur/julien-serfs/
Régionale 2,Val XV,Axel SOULANET,Centre,https://rugbyamateur.fr/joueur/axel-soulanet/
Régionale 2,Val XV,Nicolas SUBRA,Troisième ligne,https://rugbyamateur.fr/joueur/nicolas-subra/
Régionale 2,Val XV,Benjamin THEUNISSEN,Deuxième ligne,https://rugbyamateur.fr/joueur/benjamin-theunissen/
Régionale 2,Val XV,Thomas TROUILLET,Deuxième ligne,https://rugbyamateur.fr/joueur/thomas-trouillet/
Régionale 2,Val XV,Clement VERGE,Pilier,https://rugbyamateur.fr/joueur/clement-verge/
Régionale 2,Val XV,Simon VIGNES,Centre,https://rugbyamateur.fr/joueur/simon-vignes/
Régionale 2,Val XV,Mathis ALONZO DURAND,Troisième ligne,https://rugbyamateur.fr/joueur/mathis-alonzo-durand/
Régionale 2,Val XV,Paul BUCAS,Ailier,N/A
Régionale 2,Val XV,Kyllian ALCAINE,Arrière,N/A
Régionale 2,Val XV,Guillaume GROC,N/A,https://rugbyamateur.fr/joueur/guillaume-groc/
Régionale 2,Stade de Reims,Nersik AKOPIANTSI,Deuxième ligne,https://rugbyamateur.fr/joueur/nersik-akopiantsi/
Régionale 2,Stade de Reims,Hugo BAUDOU,Deuxième ligne,N/A
Régionale 2,Stade de Reims,Adrien BONARDOT,Deuxième ligne,https://rugbyamateur.fr/joueur/adrien-bonardot/
Régionale 2,Stade de Reims,Arthur BOUTIN,Arrière,https://rugbyamateur.fr/joueur/arthur-boutin/
Régionale 2,Stade de Reims,Caspar BOUTIN,N/A,https://rugbyamateur.fr/joueur/caspar-boutin/
Régionale 2,Stade de Reims,Matheo Johnny BURLION,N/A,https://rugbyamateur.fr/joueur/matheo-johnny-burlion/
Régionale 2,Stade de Reims,Robert CIORNEI,N/A,https://rugbyamateur.fr/joueur/robert-ciornei/
Régionale 2,Stade de Reims,Tristan Louis Joao DARGAISSE,N/A,https://rugbyamateur.fr/joueur/tristan-louis-joao-dargaisse/
Régionale 2,Stade de Reims,Maxime DUFOUR SAYEN,Pilier,https://rugbyamateur.fr/joueur/maxime-dufour-sayen/
Régionale 2,Stade de Reims,Ulysse DUPREY SCHAAIJ,Centre,https://rugbyamateur.fr/joueur/ulysse-duprey-schaaij/
Régionale 2,Stade de Reims,Rayan EMILCAR,Troisième ligne,https://rugbyamateur.fr/joueur/rayan-emilcar/
Régionale 2,Stade de Reims,Clement Aurelien GIRARD,Demi de mêlée,https://rugbyamateur.fr/joueur/clement-aurelien-girard/
Régionale 2,Stade de Reims,Eden GOURNAY TRUJILLO,N/A,https://rugbyamateur.fr/joueur/eden-gournay-trujillo/
Régionale 2,Stade de Reims,Gatien Michel Francis HARDY,Pilier,https://rugbyamateur.fr/joueur/gatien-michel-francis-hardy/
Régionale 2,Stade de Reims,Robin HENRIQUET,N/A,https://rugbyamateur.fr/joueur/robin-henriquet/
Régionale 2,Stade de Reims,Jules JOFFIN,N/A,https://rugbyamateur.fr/joueur/jules-joffin/
Régionale 2,Stade de Reims,Nathan Corentin MATUREL,Demi d&#039;ouverture,https://rugbyamateur.fr/joueur/nathan-corentin-maturel/
Régionale 2,Stade de Reims,Paul MENU,Centre,https://rugbyamateur.fr/joueur/paul-menu/
Régionale 2,Stade de Reims,Assim NEDJAOUM,N/A,https://rugbyamateur.fr/joueur/assim-nedjaoum/
Régionale 2,Stade de Reims,Baptiste ROLLIN,Deuxième ligne,https://rugbyamateur.fr/joueur/baptiste-rollin/
Régionale 2,Stade de Reims,Mattys Didier VERNIER,Talonneur,https://rugbyamateur.fr/joueur/mattys-didier-vernier/
Régionale 2,Stade de Reims,Nael ABIDI,Troisième ligne,https://rugbyamateur.fr/joueur/nael-abidi/
Régionale 2,Stade de Reims,Noah Abdel Foudil ARIBI,Troisième ligne,https://rugbyamateur.fr/joueur/noah-abdel-foudil-aribi/
Régionale 2,Stade de Reims,Basile Axel Quentin BOIVIN,Ailier,https://rugbyamateur.fr/joueur/basile-axel-quentin-boivin/
Régionale 2,Stade de Reims,Gautier BRUNEAUX,Ailier,https://rugbyamateur.fr/joueur/gautier-bruneaux/
Régionale 2,Stade de Reims,Paul DAGUISY,Troisième ligne,https://rugbyamateur.fr/joueur/paul-daguisy/
Régionale 2,Stade de Reims,Arthur Erwan Marie DE KERMABON,Demi d&#039;ouverture,https://rugbyamateur.fr/joueur/arthur-erwan-marie-de-kermabon/
Régionale 2,Stade de Reims,Pierre DELOZANNE,Pilier,https://rugbyamateur.fr/joueur/pierre-delozanne/
Régionale 2,Stade de Reims,Marceau DESVOYES,Arrière,https://rugbyamateur.fr/joueur/marceau-desvoyes/
Régionale 2,Stade de Reims,Marley Sessi DONNAY,Ailier,https://rugbyamateur.fr/joueur/marley-sessi-donnay/
Régionale 2,Stade de Reims,Lino Michel Philippe FAUCONNET,Demi de mêlée,https://rugbyamateur.fr/joueur/lino-michel-philippe-fauconnet/
Régionale 2,Stade de Reims,Marius Alexandre Gabriel GALES,Centre,https://rugbyamateur.fr/joueur/marius-alexandre-gabriel-gales/
Régionale 2,Stade de Reims,Timeo Thierry Andre GARCIA,Deuxième ligne,https://rugbyamateur.fr/joueur/timeo-thierry-andre-garcia/
Régionale 2,Stade de Reims,Mathis GEORGES,Deuxième ligne,https://rugbyamateur.fr/joueur/mathis-georges/
Régionale 2,Stade de Reims,Jules Antoine Lucien GOLOVKINE,Pilier,https://rugbyamateur.fr/joueur/jules-antoine-lucien-golovkine/
Régionale 2,Stade de Reims,Gatien Michel Francis HARDY,Pilier,https://rugbyamateur.fr/joueur/gatien-michel-francis-hardy/
Régionale 2,Stade de Reims,Mathieu HARTMANN,Talonneur,https://rugbyamateur.fr/joueur/mathieu-hartmann/
Régionale 2,Stade de Reims,Manoe KAVAHEEAGA,Talonneur,https://rugbyamateur.fr/joueur/manoe-kavaheeaga/
Régionale 2,Stade de Reims,Eugene LEDROLE,Ailier,https://rugbyamateur.fr/joueur/eugene-ledrole/
Régionale 2,Stade de Reims,Anselme LEGER BLANQUET,Pilier,https://rugbyamateur.fr/joueur/anselme-leger-blanquet/
Régionale 2,Stade de Reims,Amaury MAGES,N/A,https://rugbyamateur.fr/joueur/amaury-mages/
Régionale 2,Stade de Reims,Mattis MATICHARD,Centre,https://rugbyamateur.fr/joueur/mattis-matichard/
Régionale 2,Stade de Reims,Nathan Corentin MATUREL,Demi d&#039;ouverture,https://rugbyamateur.fr/joueur/nathan-corentin-maturel/
Régionale 2,Stade de Reims,Paul MENU,Centre,https://rugbyamateur.fr/joueur/paul-menu/
Régionale 2,Stade de Reims,Paul Marc Andre NICAISE,N/A,https://rugbyamateur.fr/joueur/paul-marc-andre-nicaise/
Régionale 2,Stade de Reims,Jules Daniel PAILLARD,Troisième ligne,https://rugbyamateur.fr/joueur/jules-daniel-paillard/
Régionale 2,Stade de Reims,Julian Stanislas Guy PIELACH,N/A,N/A
Régionale 2,Stade de Reims,Wael BAAMRANI,N/A,https://rugbyamateur.fr/joueur/wael-baamrani/
Régionale 2,Stade de Reims,Victor BACHELEY,Troisième ligne,https://rugbyamateur.fr/joueur/victor-bacheley/
Régionale 2,Stade de Reims,Maxance Adrien CASTANON,N/A,https://rugbyamateur.fr/joueur/maxance-adrien-castanon/
Régionale 2,Stade de Reims,Cesar Joseph Alexandre CASTELAIN,Demi de mêlée,https://rugbyamateur.fr/joueur/cesar-joseph-alexandre-castelain/
Régionale 2,Stade de Reims,Yael COCHE,Centre,https://rugbyamateur.fr/joueur/yael-coche/
Régionale 2,Stade de Reims,Victor DANAIS,Ailier,https://rugbyamateur.fr/joueur/victor-danais/
Régionale 2,Stade de Reims,Octave Arsene DESPREZ,N/A,https://rugbyamateur.fr/joueur/octave-arsene-desprez/
Régionale 2,Stade de Reims,Ugo DITRICE,Pilier,https://rugbyamateur.fr/joueur/ugo-ditrice/
Régionale 2,Stade de Reims,Noham Francis Mohammed EL HAMRITY MAUBACQ,Arrière,https://rugbyamateur.fr/joueur/noham-francis-mohammed-el-hamrity-maubacq/
Régionale 2,Stade de Reims,Nathan Patrick Francis FRIMIN,Talonneur,https://rugbyamateur.fr/joueur/nathan-patrick-francis-frimin/
Régionale 2,Stade de Reims,Emilian GENTILS,Ailier,https://rugbyamateur.fr/joueur/emilian-gentils/
Régionale 2,Stade de Reims,Othmane GOUJIL,N/A,N/A
Régionale 2,Bastia,Ghjuliu AGOSTINI,Deuxième ligne,https://rugbyamateur.fr/joueur/ghjuliu-agostini/
Régionale 2,Bastia,Carlu Ghjuvanni BALDOVINI,Troisième ligne,https://rugbyamateur.fr/joueur/carlu-ghjuvanni-baldovini/
Régionale 2,Bastia,Dylan BARRY,Arrière,https://rugbyamateur.fr/joueur/dylan-barry/
Régionale 2,Bastia,Antoine BATTAGLIA,N/A,https://rugbyamateur.fr/joueur/antoine-battaglia/
Régionale 2,Bastia,Mae BOUSCHBACHER,Troisième ligne,https://rugbyamateur.fr/joueur/mae-bouschbacher/
Régionale 2,Bastia,Marcu Maria CAMPOCASSO,Pilier,https://rugbyamateur.fr/joueur/marcu-maria-campocasso/
Régionale 2,Bastia,Don Joseph FABIANI,Demi de mêlée,https://rugbyamateur.fr/joueur/don-joseph-fabiani/
Régionale 2,Bastia,Paul Marie FERRANDI,Deuxième ligne,https://rugbyamateur.fr/joueur/paul-marie-ferrandi/
Régionale 2,Bastia,Thomas GALLESI,Talonneur,https://rugbyamateur.fr/joueur/thomas-gallesi/
Régionale 2,Bastia,Alexandre JAULT,Centre,https://rugbyamateur.fr/joueur/alexandre-jault/
Régionale 2,Bastia,Enzo LUIS,Pilier,https://rugbyamateur.fr/joueur/enzo-luis/
Régionale 2,Bastia,Baptiste MARCHINI,Ailier,https://rugbyamateur.fr/joueur/baptiste-marchini/
Régionale 2,Bastia,Esteban MARCHIONI,N/A,https://rugbyamateur.fr/joueur/esteban-marchioni/
Régionale 2,Bastia,Livio MARTINEZ PEREZ,Demi d&#039;ouverture,https://rugbyamateur.fr/joueur/livio-martinez-perez/
Régionale 2,Bastia,Pablo MONTI ALBERTINI,Pilier,https://rugbyamateur.fr/joueur/pablo-monti-albertini/
Régionale 2,Bastia,Pierre Ange PASQUALINI,Ailier,https://rugbyamateur.fr/joueur/pierre-ange-pasqualini/
Régionale 2,Bastia,Theo PION,Talonneur,https://rugbyamateur.fr/joueur/theo-pion/
Régionale 2,Bastia,Tissem QUINIOU,Ailier,https://rugbyamateur.fr/joueur/tissem-quiniou/
Régionale 2,Bastia,Enrike RIVAUD,Deuxième ligne,https://rugbyamateur.fr/joueur/enrike-rivaud/
Régionale 2,Bastia,Gheorghe Narcis SEGA,Troisième ligne,https://rugbyamateur.fr/joueur/gheorghe-narcis-sega/
Régionale 2,Bastia,Aurel SUCHEL,Centre,https://rugbyamateur.fr/joueur/aurel-suchel/
Régionale 2,Bastia,Pierre Louis TIBERI,Deuxième ligne,https://rugbyamateur.fr/joueur/pierre-louis-tiberi/
Régionale 2,Bastia,Lucas VENTURA,Demi d&#039;ouverture,https://rugbyamateur.fr/joueur/lucas-ventura/
Régionale 2,Bastia,Petru Maria BIANCHI,Centre,https://rugbyamateur.fr/joueur/petru-maria-bianchi/
Régionale 2,Bastia,Baptiste BOISSIER,Deuxième ligne,https://rugbyamateur.fr/joueur/baptiste-boissier/
Régionale 2,Bastia,Arthur BRANCARD POLETTI,Demi de mêlée,https://rugbyamateur.fr/joueur/arthur-brancard-poletti/
Régionale 2,Bastia,Jean Baptiste CLEMENTI,Deuxième ligne,https://rugbyamateur.fr/joueur/jean-baptiste-clementi/
Régionale 2,Bastia,Victor COLLA,Pilier,https://rugbyamateur.fr/joueur/victor-colla/
Régionale 2,Bastia,Theo DEGUISNE,N/A,https://rugbyamateur.fr/joueur/theo-deguisne/
Régionale 2,Bastia,Paul Jo DELPORTO,Arrière,https://rugbyamateur.fr/joueur/paul-jo-delporto/
Régionale 2,Bastia,Lucas DODDI,N/A,https://rugbyamateur.fr/joueur/lucas-doddi/
Régionale 2,Bastia,Maxime GRAZIANI,Demi d&#039;ouverture,https://rugbyamateur.fr/joueur/maxime-graziani/
Régionale 2,Bastia,Pierre Marie MANNONI,Talonneur,https://rugbyamateur.fr/joueur/pierre-marie-mannoni/
Régionale 2,Bastia,Bastien MARCHI,Pilier,https://rugbyamateur.fr/joueur/bastien-marchi/
Régionale 2,Bastia,Lucas MORALES,Centre,https://rugbyamateur.fr/joueur/lucas-morales/
Régionale 2,Bastia,Anthony MORNELLI,N/A,https://rugbyamateur.fr/joueur/anthony-mornelli/
Régionale 2,Bastia,Romain NUNZI,N/A,https://rugbyamateur.fr/joueur/romain-nunzi/
Régionale 2,Bastia,Nathanael RAIMOND,Centre,https://rugbyamateur.fr/joueur/nathanael-raimond/
Régionale 2,Bastia,Matteo SAINT LEZIN,Troisième ligne,https://rugbyamateur.fr/joueur/matteo-saint-lezin/
Régionale 2,Bastia,Ugo TANDONNET,Arrière,https://rugbyamateur.fr/joueur/ugo-tandonnet/
Régionale 2,Bastia,Mathias TEJERO LECCIA,Troisième ligne,https://rugbyamateur.fr/joueur/mathias-tejero-leccia/
Régionale 2,Bastia,Antoine VINET TESTUD,N/A,https://rugbyamateur.fr/joueur/antoine-vinet-testud/
Régionale 2,Bastia,Lony ALLEGRE,Troisième ligne,https://rugbyamateur.fr/joueur/lony-allegre/
Régionale 2,Bastia,Theo BERTAL,Demi de mêlée,https://rugbyamateur.fr/joueur/theo-bertal/
Régionale 2,Bastia,Quentin BOSELLI STEFFAN,Centre,https://rugbyamateur.fr/joueur/quentin-boselli-steffan/
Régionale 2,Bastia,Lisandru CALIZI,Arrière,https://rugbyamateur.fr/joueur/lisandru-calizi/
Régionale 2,Bastia,Lucas CHATEL,Demi d&#039;ouverture,https://rugbyamateur.fr/joueur/lucas-chatel/
Régionale 2,Bastia,Sandro DE OLIVEIRA,Centre,https://rugbyamateur.fr/joueur/sandro-de-oliveira/
Régionale 2,Bastia,Maxime ENGELHARDT,Troisième ligne,https://rugbyamateur.fr/joueur/maxime-engelhardt/
Régionale 2,Bastia,Pierre Baptiste FAURE,N/A,https://rugbyamateur.fr/joueur/pierre-baptiste-faure/
Régionale 2,Bastia,Jerome FRANCESCHINI,N/A,https://rugbyamateur.fr/joueur/jerome-franceschini/
Régionale 2,Bastia,Alexy GIUDICELLI,Pilier,https://rugbyamateur.fr/joueur/alexy-giudicelli/
Régionale 2,Bastia,Eneko GUILLAUME FRANCOS,Talonneur,https://rugbyamateur.fr/joueur/eneko-guillaume-francos/
Régionale 2,Bastia,Nathan MARCELLI,Deuxième ligne,https://rugbyamateur.fr/joueur/nathan-marcelli/
Régionale 2,Bastia,Raphael MARCELLI,Troisième ligne,https://rugbyamateur.fr/joueur/raphael-marcelli/
Régionale 2,Bastia,Rayan NAHIL,N/A,https://rugbyamateur.fr/joueur/rayan-nahil/
Régionale 2,Bastia,Jaufre PINAULT PERIN,Ailier,https://rugbyamateur.fr/joueur/jaufre-pinault-perin/
Régionale 2,Bastia,Ange PRESTA CAMPOCASSO,Deuxième ligne,https://rugbyamateur.fr/joueur/ange-presta-campocasso/
Régionale 2,Chartreuse,Mathis ARRIEU STOICA,Troisième ligne,https://rugbyamateur.fr/joueur/mathis-arrieu-stoica/
Régionale 2,Chartreuse,Auguste BALLAND,Pilier,https://rugbyamateur.fr/joueur/auguste-balland/
Régionale 2,Chartreuse,Theo BERTHET,Troisième ligne,https://rugbyamateur.fr/joueur/theo-berthet/
Régionale 2,Chartreuse,Remy BERTOLAMI,Troisième ligne,https://rugbyamateur.fr/joueur/remy-bertolami/
Régionale 2,Chartreuse,Renaud BOURG,Ailier,https://rugbyamateur.fr/joueur/renaud-bourg/
Régionale 2,Chartreuse,Theo BROCHIER,Ailier,https://rugbyamateur.fr/joueur/theo-brochier/
Régionale 2,Chartreuse,Romain BRUNET,Troisième ligne,https://rugbyamateur.fr/joueur/romain-brunet/
Régionale 2,Chartreuse,Mathys BUREAU,Demi d&#039;ouverture,https://rugbyamateur.fr/joueur/mathys-bureau/
Régionale 2,Chartreuse,Guillaume CAUFRIEZ,Deuxième ligne,https://rugbyamateur.fr/joueur/guillaume-caufriez/
Régionale 2,Chartreuse,Gaetan CERRONE,Pilier,https://rugbyamateur.fr/joueur/gaetan-cerrone/
Régionale 2,Chartreuse,Bastien CHARVET,Deuxième ligne,https://rugbyamateur.fr/joueur/bastien-charvet/
Régionale 2,Chartreuse,Antoine CUBIZOLLES SCHUMMER,Centre,https://rugbyamateur.fr/joueur/antoine-cubizolles-schummer/
Régionale 2,Chartreuse,Cyril DE DAVIDE,Troisième ligne,https://rugbyamateur.fr/joueur/cyril-de-davide/
Régionale 2,Chartreuse,Laurent DODOS,Deuxième ligne,https://rugbyamateur.fr/joueur/laurent-dodos/
Régionale 2,Chartreuse,Gabriel DURAND,Deuxième ligne,https://rugbyamateur.fr/joueur/gabriel-durand/
Régionale 2,Chartreuse,Enzo EFFANTIN,Demi de mêlée,N/A
Régionale 2,Chartreuse,Louis ALEDO,Pilier,N/A
Régionale 2,Chartreuse,Nael ATIFI,Centre,https://rugbyamateur.fr/joueur/nael-atifi/
Régionale 2,Chartreuse,Clement BARNIER AZZARO,Deuxième ligne,N/A
Régionale 2,Chartreuse,Maxance BIGINI,Ailier,https://rugbyamateur.fr/joueur/maxance-bigini/
Régionale 2,Chartreuse,Leny BONNEFOI,Ailier,https://rugbyamateur.fr/joueur/leny-bonnefoi/
Régionale 2,Chartreuse,Loic CAILLAT,Deuxième ligne,https://rugbyamateur.fr/joueur/loic-caillat/
Régionale 2,Chartreuse,Alban CHEVALLIER,Centre,https://rugbyamateur.fr/joueur/alban-chevallier/
Régionale 2,Chartreuse,Louis FAGUER,Demi d&#039;ouverture,https://rugbyamateur.fr/joueur/louis-faguer/
Régionale 2,Chartreuse,Flavien FERRAZ,Deuxième ligne,https://rugbyamateur.fr/joueur/flavien-ferraz/
Régionale 2,Chartreuse,Ezio GASPAROTTO,Deuxième ligne,https://rugbyamateur.fr/joueur/ezio-gasparotto/
Régionale 2,Chartreuse,Basile GENIEUX,Arrière,https://rugbyamateur.fr/joueur/basile-genieux/
Régionale 2,Chartreuse,Timeo GONIN,Troisième ligne,https://rugbyamateur.fr/joueur/timeo-gonin/
Régionale 2,Chartreuse,Bilel GORINE,Pilier,https://rugbyamateur.fr/joueur/bilel-gorine/
Régionale 2,Chartreuse,Maxence LEBRUN,Deuxième ligne,https://rugbyamateur.fr/joueur/maxence-lebrun/
Régionale 2,Chartreuse,Alexis LIRIA,Demi de mêlée,https://rugbyamateur.fr/joueur/alexis-liria/
Régionale 2,Chartreuse,Jonathan MARCHAND,Troisième ligne,https://rugbyamateur.fr/joueur/jonathan-marchand/
Régionale 2,Chartreuse,Basile NADAU,Demi d&#039;ouverture,https://rugbyamateur.fr/joueur/basile-nadau/
Régionale 2,Chartreuse,Augustin PEYRIN BIROULET,Pilier,https://rugbyamateur.fr/joueur/augustin-peyrin-biroulet/
Régionale 2,Chartreuse,Julian ROMIEU,Pilier,https://rugbyamateur.fr/joueur/julian-romieu/
Régionale 2,Chartreuse,Clement SAKAEL PERRET,Talonneur,https://rugbyamateur.fr/joueur/clement-sakael-perret/
Régionale 2,Chartreuse,Valentin SOPP SOPP,Troisième ligne,https://rugbyamateur.fr/joueur/valentin-sopp-sopp/
Régionale 2,Chartreuse,Byron SOULA,Demi d&#039;ouverture,https://rugbyamateur.fr/joueur/byron-soula/
Régionale 2,Chartreuse,Ezio THORAND,Demi de mêlée,https://rugbyamateur.fr/joueur/ezio-thorand/
Régionale 2,Chartreuse,Noah TRAMOY,Centre,https://rugbyamateur.fr/joueur/noah-tramoy/
Régionale 2,Chartreuse,Jules VACHERAND-GRANGER,Pilier,https://rugbyamateur.fr/joueur/jules-vacherand-granger/
Régionale 2,Chartreuse,Timothee VANDEVENNE,Troisième ligne,https://rugbyamateur.fr/joueur/timothee-vandevenne/
Régionale 2,Cercle Jules Ferry Rugby Fleury les Aubrais,Romain ALLIX,Demi d&#039;ouverture,https://rugbyamateur.fr/joueur/romain-allix/
Régionale 2,Cercle Jules Ferry Rugby Fleury les Aubrais,Jules AUBERY,Centre,https://rugbyamateur.fr/joueur/jules-aubery/
Régionale 2,Cercle Jules Ferry Rugby Fleury les Aubrais,Liam BILLARD,N/A,https://rugbyamateur.fr/joueur/liam-billard/
Régionale 2,Cercle Jules Ferry Rugby Fleury les Aubrais,Lois BRETON,Ailier,https://rugbyamateur.fr/joueur/lois-breton/
Régionale 2,Cercle Jules Ferry Rugby Fleury les Aubrais,Hugo CAIJO,Ailier,https://rugbyamateur.fr/joueur/hugo-caijo/
Régionale 2,Cercle Jules Ferry Rugby Fleury les Aubrais,Aymeric CAZELLES,N/A,https://rugbyamateur.fr/joueur/aymeric-cazelles/
Régionale 2,Cercle Jules Ferry Rugby Fleury les Aubrais,Lilian CAZELLES,N/A,https://rugbyamateur.fr/joueur/lilian-cazelles/
Régionale 2,Cercle Jules Ferry Rugby Fleury les Aubrais,Louis CHATELIN,Centre,https://rugbyamateur.fr/joueur/louis-chatelin/
Régionale 2,Cercle Jules Ferry Rugby Fleury les Aubrais,Jules DE LUCA,Pilier,https://rugbyamateur.fr/joueur/jules-de-luca/
Régionale 2,Cercle Jules Ferry Rugby Fleury les Aubrais,Otman EL YAAKOUBI,N/A,https://rugbyamateur.fr/joueur/otman-el-yaakoubi/
Régionale 2,Cercle Jules Ferry Rugby Fleury les Aubrais,Thomas FISSEAU DUISABAU,Demi de mêlée,https://rugbyamateur.fr/joueur/thomas-fisseau-duisabau/
Régionale 2,Cercle Jules Ferry Rugby Fleury les Aubrais,Steven JACQUAT WEIGEL,Deuxième ligne,https://rugbyamateur.fr/joueur/steven-jacquat-weigel/
Régionale 2,Cercle Jules Ferry Rugby Fleury les Aubrais,Liliano JOUSSELIN,N/A,https://rugbyamateur.fr/joueur/liliano-jousselin/
Régionale 2,Cercle Jules Ferry Rugby Fleury les Aubrais,Dennys KOCBAS,Pilier,https://rugbyamateur.fr/joueur/dennys-kocbas/
Régionale 2,Cercle Jules Ferry Rugby Fleury les Aubrais,Moussa KOITA,Troisième ligne,N/A
Régionale 2,Cercle Jules Ferry Rugby Fleury les Aubrais,Elio ANDREIS,Demi de mêlée,https://rugbyamateur.fr/joueur/elio-andreis/
Régionale 2,Cercle Jules Ferry Rugby Fleury les Aubrais,Erwan BELL BELL,Talonneur,https://rugbyamateur.fr/joueur/erwan-bell-bell/
Régionale 2,Cercle Jules Ferry Rugby Fleury les Aubrais,Gatien BERTHOMIEUX,N/A,https://rugbyamateur.fr/joueur/gatien-berthomieux/
Régionale 2,Cercle Jules Ferry Rugby Fleury les Aubrais,Lancelot CALMET,N/A,https://rugbyamateur.fr/joueur/lancelot-calmet/
Régionale 2,Cercle Jules Ferry Rugby Fleury les Aubrais,Yann COTTET,N/A,https://rugbyamateur.fr/joueur/yann-cottet/
Régionale 2,Cercle Jules Ferry Rugby Fleury les Aubrais,Sevan COUFLEAU,N/A,N/A
Régionale 2,RUGBY UNION,Tom ABID,Pilier,https://rugbyamateur.fr/joueur/tom-abid/
Régionale 2,RUGBY UNION,Maxence BEGIN,Troisième ligne,https://rugbyamateur.fr/joueur/maxence-begin/
Régionale 2,RUGBY UNION,Anthony BOLE,Arrière,https://rugbyamateur.fr/joueur/anthony-bole/
Régionale 2,RUGBY UNION,Alexandre BOUCHARD,Demi d&#039;ouverture,N/A
Régionale 2,Landivisien,Servan ARZEL,Demi de mêlée,https://rugbyamateur.fr/joueur/servan-arzel/
Régionale 2,Landivisien,Dorian BODILIS,Troisième ligne,https://rugbyamateur.fr/joueur/dorian-bodilis/
Régionale 2,Landivisien,Corentin BOURGET,Centre,https://rugbyamateur.fr/joueur/corentin-bourget/
Régionale 2,Landivisien,Erwan CADIOU,Pilier,https://rugbyamateur.fr/joueur/erwan-cadiou/
Régionale 2,Landivisien,Jordan CLOCHE,Deuxième ligne,N/A
Régionale 2,Landivisien,Soen BAUDOIN,Demi d&#039;ouverture,N/A
Régionale 2,Landivisien,Gwenn GOURMELEN,Deuxième ligne,https://rugbyamateur.fr/joueur/gwenn-gourmelen/
Régionale 2,Landivisien,Evan GUILLOU LE BERRE,Ailier,https://rugbyamateur.fr/joueur/evan-guillou-le-berre/
Régionale 2,Landivisien,Hugo JAUNAY,Centre,https://rugbyamateur.fr/joueur/hugo-jaunay/
Régionale 2,Landivisien,Tywenn JEZEQUEL,Pilier,https://rugbyamateur.fr/joueur/tywenn-jezequel/
Régionale 2,Landivisien,Nicolas LE BORGNE,Pilier,https://rugbyamateur.fr/joueur/nicolas-le-borgne/
Régionale 2,Landivisien,Clement NEVEU,Deuxième ligne,https://rugbyamateur.fr/joueur/clement-neveu/
Régionale 2,Landivisien,Nino PERON,Demi de mêlée,https://rugbyamateur.fr/joueur/nino-peron/
Régionale 2,Landivisien,Evan PUILL,Talonneur,https://rugbyamateur.fr/joueur/evan-puill/
Régionale 2,Landivisien,Sacha STEPHAN PRIGENT,Centre,https://rugbyamateur.fr/joueur/sacha-stephan-prigent/
Régionale 2,Landivisien,Tiago TAUPIN ROUSSEAU,Ailier,https://rugbyamateur.fr/joueur/tiago-taupin-rousseau/
Régionale 2,R C Riom Es Montagnes,Alex ARFEUIL,Talonneur,https://rugbyamateur.fr/joueur/alex-arfeuil/
Régionale 2,R C Riom Es Montagnes,Aymeric AUBERTY,Pilier,https://rugbyamateur.fr/joueur/aymeric-auberty/
Régionale 2,R C Riom Es Montagnes,Alexandre BESSE,Demi d&#039;ouverture,https://rugbyamateur.fr/joueur/alexandre-besse/
Régionale 2,R C Riom Es Montagnes,Gaetan BESSON,Centre,https://rugbyamateur.fr/joueur/gaetan-besson/
Régionale 2,R C Riom Es Montagnes,Florian BIGNON,Demi d&#039;ouverture,https://rugbyamateur.fr/joueur/florian-bignon/
Régionale 2,R C Riom Es Montagnes,Francois BOYER,Arrière,https://rugbyamateur.fr/joueur/francois-boyer/
Régionale 2,R C Riom Es Montagnes,Maxence BREGENT,Troisième ligne,https://rugbyamateur.fr/joueur/maxence-bregent/
Régionale 2,R C Riom Es Montagnes,Theo BUFFON,Demi d&#039;ouverture,https://rugbyamateur.fr/joueur/theo-buffon/
Régionale 2,R C Riom Es Montagnes,Geoffrey CHAUMEIL,Centre,https://rugbyamateur.fr/joueur/geoffrey-chaumeil/
Régionale 2,R C Riom Es Montagnes,Mickael DEFLISQUE,Deuxième ligne,https://rugbyamateur.fr/joueur/mickael-deflisque/
Régionale 2,R C Riom Es Montagnes,Enzo DELCASSE,Deuxième ligne,https://rugbyamateur.fr/joueur/enzo-delcasse/
Régionale 2,R C Riom Es Montagnes,Florent DELEMARRE,Pilier,https://rugbyamateur.fr/joueur/florent-delemarre/
Régionale 2,R C Riom Es Montagnes,Nicolas DESPALLES,Troisième ligne,https://rugbyamateur.fr/joueur/nicolas-despalles/
Régionale 2,R C Riom Es Montagnes,Valentin DESPALLES,Talonneur,https://rugbyamateur.fr/joueur/valentin-despalles/
Régionale 2,R C Riom Es Montagnes,Dimitri DOS SANTOS,Ailier,https://rugbyamateur.fr/joueur/dimitri-dos-santos/
Régionale 2,R C Riom Es Montagnes,Pierre EMBERGER,Troisième ligne,https://rugbyamateur.fr/joueur/pierre-emberger/
Régionale 2,R C Riom Es Montagnes,Maxime FERRIE,Demi d&#039;ouverture,https://rugbyamateur.fr/joueur/maxime-ferrie/
Régionale 2,R C Riom Es Montagnes,Romain GAILLARD,Arrière,https://rugbyamateur.fr/joueur/romain-gaillard/
Régionale 2,R C Riom Es Montagnes,Mathis GRILLET,Pilier,https://rugbyamateur.fr/joueur/mathis-grillet/
Régionale 2,R C Riom Es Montagnes,Romain GRINER,N/A,N/A
Régionale 2,Lège Cap-Ferret,David BALESTIC,Pilier,N/A
Régionale 2,Lège Cap-Ferret,Sebastien ALLARD,N/A,N/A
Régionale 2,Lège Cap-Ferret,Mae CHAPLET,Ailier,https://rugbyamateur.fr/joueur/mae-chaplet/
Régionale 2,Lège Cap-Ferret,Adam DEGARDIN,Centre,https://rugbyamateur.fr/joueur/adam-degardin/
Régionale 2,Lège Cap-Ferret,Nolhan DELAGE,Troisième ligne,https://rugbyamateur.fr/joueur/nolhan-delage/
Régionale 2,Lège Cap-Ferret,Tom DUFOURG,Demi d&#039;ouverture,https://rugbyamateur.fr/joueur/tom-dufourg/
Régionale 2,Lège Cap-Ferret,Clement DURQUETY,Centre,https://rugbyamateur.fr/joueur/clement-durquety/
Régionale 2,Lège Cap-Ferret,Quentin FERON,Demi de mêlée,https://rugbyamateur.fr/joueur/quentin-feron/
Régionale 2,Lège Cap-Ferret,Lenny GOURVAT,N/A,https://rugbyamateur.fr/joueur/lenny-gourvat/
Régionale 2,Lège Cap-Ferret,Zadig HEITZ LAURENT,Ailier,https://rugbyamateur.fr/joueur/zadig-heitz-laurent/
Régionale 2,Lège Cap-Ferret,Lucas JAUNEAU,N/A,https://rugbyamateur.fr/joueur/lucas-jauneau/
Régionale 2,Lège Cap-Ferret,Ewen JOSEPH,Talonneur,https://rugbyamateur.fr/joueur/ewen-joseph/
Régionale 2,Lège Cap-Ferret,Baptiste LESNE POUYTEAU,N/A,https://rugbyamateur.fr/joueur/baptiste-lesne-pouyteau/
Régionale 2,Lège Cap-Ferret,Antoine LOQUIER,Deuxième ligne,https://rugbyamateur.fr/joueur/antoine-loquier/
Régionale 2,Lège Cap-Ferret,Eliott MARTIN,Deuxième ligne,https://rugbyamateur.fr/joueur/eliott-martin/
Régionale 2,Lège Cap-Ferret,Antoine MATHE,Troisième ligne,https://rugbyamateur.fr/joueur/antoine-mathe/
Régionale 2,Lège Cap-Ferret,Livio MEYNARD,Demi de mêlée,https://rugbyamateur.fr/joueur/livio-meynard/
Régionale 2,Lège Cap-Ferret,Liam MONTEILH,Troisième ligne,https://rugbyamateur.fr/joueur/liam-monteilh/
Régionale 2,Lège Cap-Ferret,Quentin OYARZUN,N/A,https://rugbyamateur.fr/joueur/quentin-oyarzun/
Régionale 2,Lège Cap-Ferret,Mady PARAGE,Deuxième ligne,N/A
Régionale 2,Lège Cap-Ferret,Joan ANDRON,N/A,N/A
Régionale 2,Maurs,Baptiste AMBLARD,Pilier,N/A
Régionale 2,Maurs,Fabien PONTON,Centre,https://rugbyamateur.fr/joueur/fabien-ponton/
Régionale 2,Maurs,Luca PONTON,Deuxième ligne,https://rugbyamateur.fr/joueur/luca-ponton/
Régionale 2,Maurs,Julien REY,Deuxième ligne,https://rugbyamateur.fr/joueur/julien-rey/
Régionale 2,Noves-Eyragues,Philippe ANDREU,N/A,https://rugbyamateur.fr/joueur/philippe-andreu/
Régionale 2,Noves-Eyragues,Jeremy BAPTISTE,Centre,https://rugbyamateur.fr/joueur/jeremy-baptiste/
Régionale 2,Noves-Eyragues,Vivien BARATIER,Demi d&#039;ouverture,https://rugbyamateur.fr/joueur/vivien-baratier/
Régionale 2,Noves-Eyragues,Quentin BERTELLO,Ailier,https://rugbyamateur.fr/joueur/quentin-bertello/
Régionale 2,Noves-Eyragues,Daniel BLANCHER,Pilier,https://rugbyamateur.fr/joueur/daniel-blancher/
Régionale 2,Noves-Eyragues,Lucas BOUCQ,Demi d&#039;ouverture,https://rugbyamateur.fr/joueur/lucas-boucq/
Régionale 2,Noves-Eyragues,Baptiste CHAUVET,Pilier,https://rugbyamateur.fr/joueur/baptiste-chauvet/
Régionale 2,Noves-Eyragues,Aimane EL HADYA,Pilier,https://rugbyamateur.fr/joueur/aimane-el-hadya/
Régionale 2,Noves-Eyragues,Bastien GON,Arrière,https://rugbyamateur.fr/joueur/bastien-gon/
Régionale 2,Noves-Eyragues,Clement GON,Troisième ligne,https://rugbyamateur.fr/joueur/clement-gon/
Régionale 2,Noves-Eyragues,Andre GORIN,Deuxième ligne,https://rugbyamateur.fr/joueur/andre-gorin/
Régionale 2,Noves-Eyragues,Lucas GROS,Talonneur,https://rugbyamateur.fr/joueur/lucas-gros/
Régionale 2,Noves-Eyragues,Nicolas LAFON,Deuxième ligne,https://rugbyamateur.fr/joueur/nicolas-lafon/
Régionale 2,Noves-Eyragues,Benjamin LAPEYRE,Arrière,https://rugbyamateur.fr/joueur/benjamin-lapeyre/
Régionale 2,Noves-Eyragues,Sami MENAR,Talonneur,https://rugbyamateur.fr/joueur/sami-menar/
Régionale 2,Noves-Eyragues,Thibault MOULIN,Troisième ligne,https://rugbyamateur.fr/joueur/thibault-moulin/
Régionale 2,Noves-Eyragues,Matteo PAULEAU,Demi de mêlée,https://rugbyamateur.fr/joueur/matteo-pauleau/
Régionale 2,Noves-Eyragues,Thomas RETAMOSA,Pilier,https://rugbyamateur.fr/joueur/thomas-retamosa/
Régionale 2,Noves-Eyragues,Florian SABDES,Ailier,https://rugbyamateur.fr/joueur/florian-sabdes/
Régionale 2,Noves-Eyragues,Aurelien SADOU,Arrière,https://rugbyamateur.fr/joueur/aurelien-sadou/
Régionale 2,Noves-Eyragues,Guillaume SICARD,Troisième ligne,https://rugbyamateur.fr/joueur/guillaume-sicard/
Régionale 2,Noves-Eyragues,Anicet VASSALIE,Deuxième ligne,https://rugbyamateur.fr/joueur/anicet-vassalie/
Régionale 2,Noves-Eyragues,Dorian VEYRIER,Troisième ligne,https://rugbyamateur.fr/joueur/dorian-veyrier/
Régionale 2,Noves-Eyragues,Mathis VICENTE,Demi de mêlée,https://rugbyamateur.fr/joueur/mathis-vicente/
Régionale 2,Noves-Eyragues,Teodora Maria ARSENE,N/A,https://rugbyamateur.fr/joueur/teodora-maria-arsene/
Régionale 2,Noves-Eyragues,Aurore BACCONNIER,N/A,https://rugbyamateur.fr/joueur/aurore-bacconnier/
Régionale 2,Noves-Eyragues,Flora BON,Arrière,https://rugbyamateur.fr/joueur/flora-bon/
Régionale 2,Noves-Eyragues,Manon BOUQUET,Troisième ligne,https://rugbyamateur.fr/joueur/manon-bouquet/
Régionale 2,Noves-Eyragues,Victoire COMPARINI,Deuxième ligne,https://rugbyamateur.fr/joueur/victoire-comparini/
Régionale 2,Noves-Eyragues,Celine DENANTE,N/A,https://rugbyamateur.fr/joueur/celine-denante/
Régionale 2,Noves-Eyragues,Jenny DURAND,Demi d&#039;ouverture,https://rugbyamateur.fr/joueur/jenny-durand/
Régionale 2,Noves-Eyragues,Laura GELY,Demi de mêlée,https://rugbyamateur.fr/joueur/laura-gely/
Régionale 2,Noves-Eyragues,Stephanie GERVAIS,Pilier,https://rugbyamateur.fr/joueur/stephanie-gervais/
Régionale 2,Noves-Eyragues,Alexandra HOLLIER,Ailier,https://rugbyamateur.fr/joueur/alexandra-hollier/
Régionale 2,Noves-Eyragues,Laurine LUNA,N/A,https://rugbyamateur.fr/joueur/laurine-luna/
Régionale 2,Noves-Eyragues,Mathilde MARC,Troisième ligne,https://rugbyamateur.fr/joueur/mathilde-marc/
Régionale 2,Noves-Eyragues,Louane PARROT,Troisième ligne,https://rugbyamateur.fr/joueur/louane-parrot/
Régionale 2,Noves-Eyragues,Frederique PAUNET,Talonneur,https://rugbyamateur.fr/joueur/frederique-paunet/
Régionale 2,Noves-Eyragues,Malory VERMEULEN,Centre,https://rugbyamateur.fr/joueur/malory-vermeulen/
Régionale 2,Noves-Eyragues,Lenny ARAMAND DESHAYES,Deuxième ligne,https://rugbyamateur.fr/joueur/lenny-aramand-deshayes/
Régionale 2,Noves-Eyragues,Theo BANGIL,Centre,https://rugbyamateur.fr/joueur/theo-bangil/
Régionale 2,Noves-Eyragues,Paul BARNOUIN,Ailier,N/A
Régionale 2,Noves-Eyragues,Apolline BLANC,Pilier,https://rugbyamateur.fr/joueur/apolline-blanc/
Régionale 2,Noves-Eyragues,Louna BLANQUET,Demi d&#039;ouverture,https://rugbyamateur.fr/joueur/louna-blanquet/
Régionale 2,Noves-Eyragues,Elona BOENLE,Ailier,https://rugbyamateur.fr/joueur/elona-boenle/
Régionale 2,Noves-Eyragues,Zoe BOUTREAU,Deuxième ligne,https://rugbyamateur.fr/joueur/zoe-boutreau/
Régionale 2,Noves-Eyragues,Charlotte BOYER MUS,Centre,https://rugbyamateur.fr/joueur/charlotte-boyer-mus/
Régionale 2,Noves-Eyragues,Zoe CHAUSSON,Demi de mêlée,https://rugbyamateur.fr/joueur/zoe-chausson/
Régionale 2,Noves-Eyragues,Emy COLOMBI,Deuxième ligne,https://rugbyamateur.fr/joueur/emy-colombi/
Régionale 2,Noves-Eyragues,Klara DI PASQUALE,Centre,https://rugbyamateur.fr/joueur/klara-di-pasquale/
Régionale 2,Noves-Eyragues,Nessa DILIBERTO,Talonneur,https://rugbyamateur.fr/joueur/nessa-diliberto/
Régionale 2,Noves-Eyragues,Louna ESCODA,N/A,https://rugbyamateur.fr/joueur/louna-escoda/
Régionale 2,Noves-Eyragues,Luna ESTEVAN,Pilier,https://rugbyamateur.fr/joueur/luna-estevan/
Régionale 2,Noves-Eyragues,Emma FABRE,Ailier,https://rugbyamateur.fr/joueur/emma-fabre/
Régionale 2,Noves-Eyragues,Lilly GARDIOL,N/A,https://rugbyamateur.fr/joueur/lilly-gardiol/
Régionale 2,Noves-Eyragues,Lylou GARREC,Deuxième ligne,https://rugbyamateur.fr/joueur/lylou-garrec/
Régionale 2,Noves-Eyragues,Margot GILBERT,Centre,https://rugbyamateur.fr/joueur/margot-gilbert/
Régionale 2,Noves-Eyragues,Eloise GIRE,Pilier,https://rugbyamateur.fr/joueur/eloise-gire/
Régionale 2,Noves-Eyragues,Lily GUIGOU,Ailier,https://rugbyamateur.fr/joueur/lily-guigou/
Régionale 2,Noves-Eyragues,Delynda JAMBOIS,Arrière,https://rugbyamateur.fr/joueur/delynda-jambois/
Régionale 2,Noves-Eyragues,Fanny JOUVE CHOPINET,Ailier,https://rugbyamateur.fr/joueur/fanny-jouve-chopinet/
Régionale 2,Noves-Eyragues,Ines JOUVE GARET,Deuxième ligne,https://rugbyamateur.fr/joueur/ines-jouve-garet/
Régionale 2,Noves-Eyragues,Chloe LAFAYE,Ailier,https://rugbyamateur.fr/joueur/chloe-lafaye/
Régionale 2,Noves-Eyragues,Chloe LENOIR,Pilier,N/A
Régionale 2,Noves-Eyragues,Fahd BOUHAZOUA,N/A,https://rugbyamateur.fr/joueur/fahd-bouhazoua/
Régionale 2,Noves-Eyragues,Paul BOURDET,Deuxième ligne,https://rugbyamateur.fr/joueur/paul-bourdet/
Régionale 2,Noves-Eyragues,Yann Pascal BOURGET,Deuxième ligne,https://rugbyamateur.fr/joueur/yann-pascal-bourget/
Régionale 2,Noves-Eyragues,Arnaud BOYRIE,Troisième ligne,https://rugbyamateur.fr/joueur/arnaud-boyrie/
Régionale 2,Noves-Eyragues,Leo CARAYON,Ailier,https://rugbyamateur.fr/joueur/leo-carayon/
Régionale 2,Noves-Eyragues,Nahel CHTIR,Demi d&#039;ouverture,https://rugbyamateur.fr/joueur/nahel-chtir/
Régionale 2,Noves-Eyragues,Liam DI CIANNI,Troisième ligne,https://rugbyamateur.fr/joueur/liam-di-cianni/
Régionale 2,Noves-Eyragues,Manoa DUFFES,Ailier,https://rugbyamateur.fr/joueur/manoa-duffes/
Régionale 2,Noves-Eyragues,Amir ERRAHMOUNI,N/A,https://rugbyamateur.fr/joueur/amir-errahmouni/
Régionale 2,Noves-Eyragues,Maxens GINOUX,N/A,https://rugbyamateur.fr/joueur/maxens-ginoux/
Régionale 2,Noves-Eyragues,Romeo GONFOND,Ailier,https://rugbyamateur.fr/joueur/romeo-gonfond/
Régionale 2,Noves-Eyragues,Maxime JORDE GRANGER,Talonneur,https://rugbyamateur.fr/joueur/maxime-jorde-granger/
Régionale 2,Noves-Eyragues,Luca LAPEYRE,Arrière,https://rugbyamateur.fr/joueur/luca-lapeyre/
Régionale 2,Noves-Eyragues,Esteban LOPEZ,Pilier,https://rugbyamateur.fr/joueur/esteban-lopez/
Régionale 2,Noves-Eyragues,Matheo MURZILLI,Demi de mêlée,https://rugbyamateur.fr/joueur/matheo-murzilli/
Régionale 2,Noves-Eyragues,Martin ROUGON,Troisième ligne,https://rugbyamateur.fr/joueur/martin-rougon/
Régionale 2,Noves-Eyragues,Gabin ROUX,N/A,https://rugbyamateur.fr/joueur/gabin-roux/
Régionale 2,Noves-Eyragues,Oxence SALAZAR,Arrière,https://rugbyamateur.fr/joueur/oxence-salazar/
Régionale 2,Noves-Eyragues,Enzo SARDOU MORESCO,N/A,https://rugbyamateur.fr/joueur/enzo-sardou-moresco/
Régionale 2,Noves-Eyragues,Gabriel SARRAZIN,Pilier,https://rugbyamateur.fr/joueur/gabriel-sarrazin/
Régionale 2,Noves-Eyragues,Enzo SUPPO,N/A,https://rugbyamateur.fr/joueur/enzo-suppo/
Régionale 2,Noves-Eyragues,Elyes AYACHI,Deuxième ligne,N/A
Régionale 2,Saint-Apollinaire,Adam AIT ZIDANE,Deuxième ligne,https://rugbyamateur.fr/joueur/adam-ait-zidane/
Régionale 2,Saint-Apollinaire,Pierre Jean AUBRY,Pilier,https://rugbyamateur.fr/joueur/pierre-jean-aubry/
Régionale 2,Saint-Apollinaire,Corentin BAROT,Deuxième ligne,https://rugbyamateur.fr/joueur/corentin-barot/
Régionale 2,Saint-Apollinaire,Guillaume BAVEREY,Centre,https://rugbyamateur.fr/joueur/guillaume-baverey/
Régionale 2,Saint-Apollinaire,Mael BENETEAU,Troisième ligne,https://rugbyamateur.fr/joueur/mael-beneteau/
Régionale 2,Saint-Apollinaire,Pierre BOEHRER,Troisième ligne,https://rugbyamateur.fr/joueur/pierre-boehrer/
Régionale 2,Saint-Apollinaire,Jonathan BOUVOT,N/A,N/A
Régionale 2,Saint-Apollinaire,Julien BAUER,Pilier,https://rugbyamateur.fr/joueur/julien-bauer/
Régionale 2,Saint-Apollinaire,Valentin BAVEREY,Troisième ligne,https://rugbyamateur.fr/joueur/valentin-baverey/
Régionale 2,Saint-Apollinaire,Florian BELLIER,Pilier,https://rugbyamateur.fr/joueur/florian-bellier/
Régionale 2,Saint-Apollinaire,Luc BLANC,Deuxième ligne,https://rugbyamateur.fr/joueur/luc-blanc/
Régionale 2,Saint-Apollinaire,Yves BOUCHEROT,Troisième ligne,N/A
Régionale 2,Saint-Apollinaire,Matteo AIME,Arrière,https://rugbyamateur.fr/joueur/matteo-aime/
Régionale 2,Saint-Apollinaire,Alexy ALVES,Deuxième ligne,https://rugbyamateur.fr/joueur/alexy-alves/
Régionale 2,Saint-Apollinaire,Benjamin ALVES,Pilier,https://rugbyamateur.fr/joueur/benjamin-alves/
Régionale 2,Saint-Apollinaire,Antoine ARCHAMBEAU,Deuxième ligne,https://rugbyamateur.fr/joueur/antoine-archambeau/
Régionale 2,Saint-Apollinaire,Christophe BELLATI,Deuxième ligne,https://rugbyamateur.fr/joueur/christophe-bellati/
Régionale 2,Saint-Apollinaire,David BERT,Ailier,https://rugbyamateur.fr/joueur/david-bert/
Régionale 2,Saint-Apollinaire,Maxime BESANCENOT,Troisième ligne,https://rugbyamateur.fr/joueur/maxime-besancenot/
Régionale 2,Saint-Apollinaire,Guillaume BOUVIER,Pilier,https://rugbyamateur.fr/joueur/guillaume-bouvier/
Régionale 2,Saint-Apollinaire,Alexandre CARRE,Troisième ligne,https://rugbyamateur.fr/joueur/alexandre-carre/
Régionale 2,Saint-Apollinaire,Yann CHANTEMILLE,Centre,https://rugbyamateur.fr/joueur/yann-chantemille/
Régionale 2,Saint-Apollinaire,Elie CHENU,Ailier,https://rugbyamateur.fr/joueur/elie-chenu/
Régionale 2,Saint-Apollinaire,Batiste DE LAURO,Demi d&#039;ouverture,https://rugbyamateur.fr/joueur/batiste-de-lauro/
Régionale 2,Saint-Apollinaire,Remi DESCAILLOT,Troisième ligne,https://rugbyamateur.fr/joueur/remi-descaillot/
Régionale 2,Saint-Apollinaire,Theo DUFRESNE,Centre,https://rugbyamateur.fr/joueur/theo-dufresne/
Régionale 2,Saint-Apollinaire,Alexandre FLEURY,Troisième ligne,https://rugbyamateur.fr/joueur/alexandre-fleury/
Régionale 2,Saint-Apollinaire,Marvin FOREST,Deuxième ligne,https://rugbyamateur.fr/joueur/marvin-forest/
Régionale 2,Saint-Apollinaire,Jonathan FRATER,Centre,https://rugbyamateur.fr/joueur/jonathan-frater/
Régionale 2,Saint-Apollinaire,Constant GADAN,Troisième ligne,https://rugbyamateur.fr/joueur/constant-gadan/
Régionale 2,Saint-Apollinaire,Emerick GALLE,Pilier,https://rugbyamateur.fr/joueur/emerick-galle/
Régionale 2,Saint-Apollinaire,Gregory GALOPIN,Ailier,https://rugbyamateur.fr/joueur/gregory-galopin/
Régionale 2,Saint-Apollinaire,Jules GENELOT,Troisième ligne,https://rugbyamateur.fr/joueur/jules-genelot/
Régionale 2,Saint-Apollinaire,Quentin GREGORI,Centre,https://rugbyamateur.fr/joueur/quentin-gregori/
Régionale 2,Saint-Apollinaire,Raphael GUILLOT,Talonneur,https://rugbyamateur.fr/joueur/raphael-guillot/
Régionale 2,Saint-Apollinaire,Maxence GUINOT,Pilier,https://rugbyamateur.fr/joueur/maxence-guinot/
Régionale 2,Saint-Apollinaire,Romain HUDRY,Demi de mêlée,https://rugbyamateur.fr/joueur/romain-hudry/
Régionale 2,Saint-Apollinaire,Mathieu HUGUEN,Troisième ligne,https://rugbyamateur.fr/joueur/mathieu-huguen/
Régionale 2,Saint-Apollinaire,Paul JEANNERET,Arrière,https://rugbyamateur.fr/joueur/paul-jeanneret/
Régionale 2,Saint-Apollinaire,Alexandre JURY,Demi de mêlée,https://rugbyamateur.fr/joueur/alexandre-jury/
Régionale 2,Saint-Apollinaire,Baptiste L HOSTE,Pilier,https://rugbyamateur.fr/joueur/baptiste-l-hoste/
Régionale 2,Saint-Apollinaire,Clement MARIEY,Troisième ligne,https://rugbyamateur.fr/joueur/clement-mariey/
Régionale 2,Saint-Apollinaire,Benjamin MARLOT,Pilier,https://rugbyamateur.fr/joueur/benjamin-marlot/
Régionale 2,Saint-Apollinaire,Nicolas MICHON,Talonneur,https://rugbyamateur.fr/joueur/nicolas-michon/
Régionale 2,Saint-Apollinaire,Allan MOINE,Deuxième ligne,https://rugbyamateur.fr/joueur/allan-moine/
Régionale 2,Saint-Apollinaire,Vincent ODASSO,Demi d&#039;ouverture,https://rugbyamateur.fr/joueur/vincent-odasso/
Régionale 2,Saint-Apollinaire,Jeremy PANIER,Demi d&#039;ouverture,https://rugbyamateur.fr/joueur/jeremy-panier/
Régionale 2,Saint-Apollinaire,Romain PERNY,Pilier,https://rugbyamateur.fr/joueur/romain-perny/
Régionale 2,Saint-Apollinaire,Pierre Louis PERROT,Deuxième ligne,https://rugbyamateur.fr/joueur/pierre-louis-perrot/
Régionale 2,Saint-Apollinaire,Mahe PIGNERET,Ailier,https://rugbyamateur.fr/joueur/mahe-pigneret/
Régionale 2,Saint-Apollinaire,Louis POUQUET,Troisième ligne,https://rugbyamateur.fr/joueur/louis-pouquet/
Régionale 2,Saint-Apollinaire,Melvil RICHARD,Arrière,https://rugbyamateur.fr/joueur/melvil-richard/
Régionale 2,Saint-Apollinaire,Jean Basil ROBERT,Pilier,https://rugbyamateur.fr/joueur/jean-basil-robert/
Régionale 2,Saint-Apollinaire,Killian SALIDI,Demi de mêlée,https://rugbyamateur.fr/joueur/killian-salidi/
Régionale 2,Saint-Apollinaire,Paul SIMON,Talonneur,https://rugbyamateur.fr/joueur/paul-simon/
Régionale 2,Saint-Apollinaire,Thomas SIMONET,Arrière,https://rugbyamateur.fr/joueur/thomas-simonet/
Régionale 2,Saint-Apollinaire,Erwan SOMMA,Ailier,https://rugbyamateur.fr/joueur/erwan-somma/
Régionale 2,Saint-Apollinaire,Eliott TRAVERS,Ailier,https://rugbyamateur.fr/joueur/eliott-travers/
Régionale 2,Saint-Apollinaire,Corentin VAUSSARD,Troisième ligne,https://rugbyamateur.fr/joueur/corentin-vaussard/
Régionale 2,Saint-Apollinaire,Alexandre VENDOLA,Deuxième ligne,https://rugbyamateur.fr/joueur/alexandre-vendola/
Régionale 2,Saint-Apollinaire,Franck VIGNEAU,Troisième ligne,https://rugbyamateur.fr/joueur/franck-vigneau/
Régionale 2,Saint-Apollinaire,Edgar VINTEJOUX,Deuxième ligne,https://rugbyamateur.fr/joueur/edgar-vintejoux/
Régionale 2,Saint-Apollinaire,Aidan WILSON,Pilier,https://rugbyamateur.fr/joueur/aidan-wilson/
Régionale 2,Saint-Apollinaire,Leandre BUFFLER,Deuxième ligne,https://rugbyamateur.fr/joueur/leandre-buffler/
Régionale 2,Saint-Apollinaire,Nino DEL FABBRO,Arrière,https://rugbyamateur.fr/joueur/nino-del-fabbro/
Régionale 2,Saint-Apollinaire,Marius DELCOURT,Ailier,https://rugbyamateur.fr/joueur/marius-delcourt/
Régionale 2,Saint-Apollinaire,Charlie DEMONET,Demi de mêlée,https://rugbyamateur.fr/joueur/charlie-demonet/
Régionale 2,Saint-Apollinaire,Charly DEQUE,Pilier,https://rugbyamateur.fr/joueur/charly-deque/
Régionale 2,Saint-Apollinaire,Matis DUPONT,Centre,https://rugbyamateur.fr/joueur/matis-dupont/
Régionale 2,Saint-Apollinaire,Nathan GARCIA,Talonneur,https://rugbyamateur.fr/joueur/nathan-garcia/
Régionale 2,Saint-Apollinaire,Martin GIRARD,Demi d&#039;ouverture,https://rugbyamateur.fr/joueur/martin-girard/
Régionale 2,Saint-Apollinaire,Jude GUIGNARD MILLET,Ailier,https://rugbyamateur.fr/joueur/jude-guignard-millet/
Régionale 2,Saint-Apollinaire,Baptiste HAMBACHER,Troisième ligne,https://rugbyamateur.fr/joueur/baptiste-hambacher/
Régionale 2,Saint-Apollinaire,Camille HERGOT,Talonneur,https://rugbyamateur.fr/joueur/camille-hergot/
Régionale 2,Saint-Apollinaire,Arthur HORST,Pilier,https://rugbyamateur.fr/joueur/arthur-horst/
Régionale 2,Saint-Apollinaire,Guillaume KELLER,Troisième ligne,https://rugbyamateur.fr/joueur/guillaume-keller/
Régionale 2,Saint-Apollinaire,Antony Daniel Henri LABONDE,Deuxième ligne,https://rugbyamateur.fr/joueur/antony-daniel-henri-labonde/
Régionale 2,Saint-Apollinaire,Matteo LAMONTRE,Ailier,https://rugbyamateur.fr/joueur/matteo-lamontre/
Régionale 2,Saint-Apollinaire,Camille LARRIEU,Deuxième ligne,https://rugbyamateur.fr/joueur/camille-larrieu/
Régionale 2,Saint-Apollinaire,Antonin MARZOCCHINI,Troisième ligne,https://rugbyamateur.fr/joueur/antonin-marzocchini/
Régionale 2,Saint-Apollinaire,Leo MOLINA,Talonneur,https://rugbyamateur.fr/joueur/leo-molina/
Régionale 2,Saint-Apollinaire,Maxence MOURLOT,Pilier,https://rugbyamateur.fr/joueur/maxence-mourlot/
Régionale 2,Saint-Apollinaire,Romeo NABOYEV,Deuxième ligne,https://rugbyamateur.fr/joueur/romeo-naboyev/
Régionale 2,Saint-Apollinaire,Axel NETH,Arrière,https://rugbyamateur.fr/joueur/axel-neth/
Régionale 2,Saint-Apollinaire,Simon NONNENMACHER,Centre,https://rugbyamateur.fr/joueur/simon-nonnenmacher/
Régionale 2,Saint-Apollinaire,Max NORET,Deuxième ligne,https://rugbyamateur.fr/joueur/max-noret/
Régionale 2,Saint-Apollinaire,Auguste PAIN,Demi de mêlée,https://rugbyamateur.fr/joueur/auguste-pain/
Régionale 2,Saint-Apollinaire,Hugo PIEJAK,Demi d&#039;ouverture,https://rugbyamateur.fr/joueur/hugo-piejak/
Régionale 2,Saint-Apollinaire,Malo POTHERAT,Ailier,https://rugbyamateur.fr/joueur/malo-potherat/
Régionale 2,Saint-Apollinaire,Antonin PREZELUS,Troisième ligne,https://rugbyamateur.fr/joueur/antonin-prezelus/
Régionale 2,Saint-Apollinaire,Baptiste REGADE,Demi de mêlée,N/A
Régionale 2,Saint-Apollinaire,Raphael ALIVAUD,Troisième ligne,https://rugbyamateur.fr/joueur/raphael-alivaud/
Régionale 2,Saint-Apollinaire,Gabriel Anthony BARLET,Centre,https://rugbyamateur.fr/joueur/gabriel-anthony-barlet/
Régionale 2,Saint-Apollinaire,Timon BARRE,N/A,https://rugbyamateur.fr/joueur/timon-barre/
Régionale 2,Saint-Apollinaire,Tom BEAUCAMP,Troisième ligne,https://rugbyamateur.fr/joueur/tom-beaucamp/
Régionale 2,Saint-Apollinaire,Victor BOST,Demi de mêlée,https://rugbyamateur.fr/joueur/victor-bost/
Régionale 2,Saint-Apollinaire,Quentin DELPERIE,Centre,https://rugbyamateur.fr/joueur/quentin-delperie/
Régionale 2,Saint-Apollinaire,Enzo DUFRESNE,Deuxième ligne,https://rugbyamateur.fr/joueur/enzo-dufresne/
Régionale 2,Saint-Apollinaire,Francesco FABIANI,Centre,https://rugbyamateur.fr/joueur/francesco-fabiani/
Régionale 2,Saint-Apollinaire,Sean Patrick GOHET,Centre,https://rugbyamateur.fr/joueur/sean-patrick-gohet/
Régionale 2,Saint-Apollinaire,Julien GUY,N/A,https://rugbyamateur.fr/joueur/julien-guy/
Régionale 2,Saint-Apollinaire,Idriss KIANI,Deuxième ligne,https://rugbyamateur.fr/joueur/idriss-kiani/
Régionale 2,Saint-Apollinaire,Yanis KRABCHI,Pilier,https://rugbyamateur.fr/joueur/yanis-krabchi/
Régionale 2,Saint-Apollinaire,Theo LE MEUR,Pilier,https://rugbyamateur.fr/joueur/theo-le-meur/
Régionale 2,Saint-Apollinaire,Sacha LECLERCQ,Ailier,https://rugbyamateur.fr/joueur/sacha-leclercq/
Régionale 2,Saint-Apollinaire,Eloi LECUYER,Troisième ligne,https://rugbyamateur.fr/joueur/eloi-lecuyer/
Régionale 2,Saint-Apollinaire,Quentin LEGRAND,Talonneur,https://rugbyamateur.fr/joueur/quentin-legrand/
Régionale 2,Saint-Apollinaire,Clement LIZABAULT,Deuxième ligne,https://rugbyamateur.fr/joueur/clement-lizabault/
Régionale 2,Saint-Apollinaire,Yannick LUCOTTE,Ailier,https://rugbyamateur.fr/joueur/yannick-lucotte/
Régionale 2,Saint-Apollinaire,Titouan MANDON,Ailier,https://rugbyamateur.fr/joueur/titouan-mandon/
Régionale 2,Saint-Apollinaire,Hippolyte MATHON,Demi d&#039;ouverture,https://rugbyamateur.fr/joueur/hippolyte-mathon/
Régionale 2,Saint-Apollinaire,Arthur Jean Philippe Maire Joseph MELIN,Arrière,https://rugbyamateur.fr/joueur/arthur-jean-philippe-maire-joseph-melin/
Régionale 2,Saint-Apollinaire,Antoine MORIAUX PELISSIER,Arrière,https://rugbyamateur.fr/joueur/antoine-moriaux-pelissier/
Régionale 2,Saint-Apollinaire,Virgile Jacky Jean PIERRAT,Troisième ligne,https://rugbyamateur.fr/joueur/virgile-jacky-jean-pierrat/
Régionale 2,Saint-Apollinaire,Paul ROQUES,Ailier,https://rugbyamateur.fr/joueur/paul-roques/
Régionale 2,Saint-Apollinaire,Loick SAISSET,Deuxième ligne,https://rugbyamateur.fr/joueur/loick-saisset/
Régionale 2,Saint-Apollinaire,Edgar TRAVERS,N/A,https://rugbyamateur.fr/joueur/edgar-travers/
Régionale 2,Saint-Apollinaire,Matheo BEAUCAIRE,Talonneur,https://rugbyamateur.fr/joueur/matheo-beaucaire/
Régionale 2,Saint-Apollinaire,Hector BERTREUX CHAPUIS,Ailier,https://rugbyamateur.fr/joueur/hector-bertreux-chapuis/
Régionale 2,Saint-Apollinaire,Gaspard BLAISE,Troisième ligne,https://rugbyamateur.fr/joueur/gaspard-blaise/
Régionale 2,Saint-Apollinaire,Renaud BOCQUET,Demi d&#039;ouverture,https://rugbyamateur.fr/joueur/renaud-bocquet/
Régionale 2,Saint-Apollinaire,Soan BORCHARDT,Deuxième ligne,https://rugbyamateur.fr/joueur/soan-borchardt/
Régionale 2,Saint-Apollinaire,Gabriel BRIGAND,N/A,https://rugbyamateur.fr/joueur/gabriel-brigand/
Régionale 2,Saint-Apollinaire,Antonin BZINKIEWICZ,Deuxième ligne,https://rugbyamateur.fr/joueur/antonin-bzinkiewicz/
Régionale 2,Saint-Apollinaire,Jules COURCET,Deuxième ligne,https://rugbyamateur.fr/joueur/jules-courcet/
Régionale 2,Saint-Apollinaire,Edouard CURT,N/A,https://rugbyamateur.fr/joueur/edouard-curt/
Régionale 2,Saint-Apollinaire,Mael DECHANET,Pilier,https://rugbyamateur.fr/joueur/mael-dechanet/
Régionale 2,Saint-Apollinaire,Alistair DELORME,Centre,https://rugbyamateur.fr/joueur/alistair-delorme/
Régionale 2,Saint-Apollinaire,Quentin FLANQUART,Troisième ligne,https://rugbyamateur.fr/joueur/quentin-flanquart/
Régionale 2,Saint-Apollinaire,Elias FOUAD,N/A,https://rugbyamateur.fr/joueur/elias-fouad/
Régionale 2,Saint-Apollinaire,Elouan GALLON,Talonneur,https://rugbyamateur.fr/joueur/elouan-gallon/
Régionale 2,Saint-Apollinaire,Jules GARREAU,Ailier,https://rugbyamateur.fr/joueur/jules-garreau/
Régionale 2,Saint-Apollinaire,Louis GENOT,N/A,https://rugbyamateur.fr/joueur/louis-genot/
Régionale 2,Saint-Apollinaire,Enzo GERARD,Centre,https://rugbyamateur.fr/joueur/enzo-gerard/
Régionale 2,Saint-Apollinaire,Marius GIBERT,Pilier,https://rugbyamateur.fr/joueur/marius-gibert/
Régionale 2,Saint-Apollinaire,Eliott JACQUENET,Deuxième ligne,https://rugbyamateur.fr/joueur/eliott-jacquenet/
Régionale 2,Saint-Apollinaire,Jehovani MAVUBA,Pilier,https://rugbyamateur.fr/joueur/jehovani-mavuba/
Régionale 2,Saint-Apollinaire,Emile NOUGAILLON,Arrière,https://rugbyamateur.fr/joueur/emile-nougaillon/
Régionale 2,Saint-Apollinaire,Victor PAPIGNY,Centre,https://rugbyamateur.fr/joueur/victor-papigny/
Régionale 2,Saint-Apollinaire,Alexandre PASCAL,Demi d&#039;ouverture,https://rugbyamateur.fr/joueur/alexandre-pascal/
Régionale 2,Saint-Apollinaire,Camille PERRIER MICHON,Troisième ligne,https://rugbyamateur.fr/joueur/camille-perrier-michon/
Régionale 2,Saint-Apollinaire,Eliott PERTET,N/A,N/A
Régionale 2,Saint-Apollinaire,Jules AMIOT PASTOR,Demi de mêlée,https://rugbyamateur.fr/joueur/jules-amiot-pastor/
Régionale 2,Saint-Apollinaire,Axel BEAULIEU,Demi d&#039;ouverture,https://rugbyamateur.fr/joueur/axel-beaulieu/
Régionale 2,Saint-Apollinaire,Kevin BOCQUET,Arrière,https://rugbyamateur.fr/joueur/kevin-bocquet/
Régionale 2,Saint-Apollinaire,Theotime BUCQUET,Deuxième ligne,https://rugbyamateur.fr/joueur/theotime-bucquet/
Régionale 2,Saint-Apollinaire,Matthias BZINKIEWICZ,Deuxième ligne,https://rugbyamateur.fr/joueur/matthias-bzinkiewicz/
Régionale 2,Saint-Apollinaire,Quentin CLEMENT,N/A,https://rugbyamateur.fr/joueur/quentin-clement/
Régionale 2,Saint-Apollinaire,Charlie DEMONET,Demi de mêlée,https://rugbyamateur.fr/joueur/charlie-demonet/
Régionale 2,Saint-Apollinaire,Arthur DUTOIT,Centre,https://rugbyamateur.fr/joueur/arthur-dutoit/
Régionale 2,Saint-Apollinaire,Rayane GODARD,Pilier,https://rugbyamateur.fr/joueur/rayane-godard/
Régionale 2,Saint-Apollinaire,Anatole Pierre Hector ISSELIN,Centre,https://rugbyamateur.fr/joueur/anatole-pierre-hector-isselin/
Régionale 2,Saint-Apollinaire,Hugo LACROIX,Troisième ligne,https://rugbyamateur.fr/joueur/hugo-lacroix/
Régionale 2,Saint-Apollinaire,Ilyes LAMRANI,Centre,https://rugbyamateur.fr/joueur/ilyes-lamrani/
Régionale 2,Saint-Apollinaire,Naim LAMRANI,Pilier,https://rugbyamateur.fr/joueur/naim-lamrani/
Régionale 2,Saint-Apollinaire,Martin LECLERCQ,Ailier,https://rugbyamateur.fr/joueur/martin-leclercq/
Régionale 2,Saint-Apollinaire,Lyam MEYER,Pilier,https://rugbyamateur.fr/joueur/lyam-meyer/
Régionale 2,Saint-Apollinaire,Leo MOLINA,Talonneur,https://rugbyamateur.fr/joueur/leo-molina/
Régionale 2,Saint-Apollinaire,Julen MORI,Talonneur,https://rugbyamateur.fr/joueur/julen-mori/
Régionale 2,Saint-Apollinaire,Victor NICOLLE,Deuxième ligne,https://rugbyamateur.fr/joueur/victor-nicolle/
Régionale 2,Saint-Apollinaire,Simon NONNENMACHER,Centre,https://rugbyamateur.fr/joueur/simon-nonnenmacher/
Régionale 2,Saint-Apollinaire,Johan QUERU,Troisième ligne,https://rugbyamateur.fr/joueur/johan-queru/
Régionale 2,Saint-Apollinaire,Noham RIBEIRO,Pilier,https://rugbyamateur.fr/joueur/noham-ribeiro/
Régionale 2,Saint-Apollinaire,Marouane SEHARI,Ailier,https://rugbyamateur.fr/joueur/marouane-sehari/
Régionale 2,Saint-Apollinaire,Jason SERRE CHABOT,Pilier,https://rugbyamateur.fr/joueur/jason-serre-chabot/
Régionale 2,Saint-Apollinaire,Timothe SOUVERAIN,Centre,https://rugbyamateur.fr/joueur/timothe-souverain/
Régionale 2,Saint-Apollinaire,Oscar THEODORI,Deuxième ligne,https://rugbyamateur.fr/joueur/oscar-theodori/
Régionale 2,Saint-Apollinaire,Jules VERIN,Troisième ligne,https://rugbyamateur.fr/joueur/jules-verin/
Régionale 2,Saint-Apollinaire,Jean VIALET,Ailier,https://rugbyamateur.fr/joueur/jean-vialet/
Régionale 2,Saint-Apollinaire,Jules ZWIAUER,N/A,https://rugbyamateur.fr/joueur/jules-zwiauer/
Régionale 2,Montréjeau,Baptiste ABADIE,Centre,https://rugbyamateur.fr/joueur/baptiste-abadie/
Régionale 2,Montréjeau,Alex ANTICHAN,Demi de mêlée,https://rugbyamateur.fr/joueur/alex-antichan/
Régionale 2,Montréjeau,Lucas ANTICHAN,Centre,https://rugbyamateur.fr/joueur/lucas-antichan/
Régionale 2,Montréjeau,Paul ANTICHAN,Demi d&#039;ouverture,https://rugbyamateur.fr/joueur/paul-antichan/
Régionale 2,Montréjeau,Pierre ANTICHAN,Arrière,https://rugbyamateur.fr/joueur/pierre-antichan/
Régionale 2,Montréjeau,Bruno BARTHE,Centre,https://rugbyamateur.fr/joueur/bruno-barthe/
Régionale 2,Montréjeau,Remi BENTROB,Deuxième ligne,https://rugbyamateur.fr/joueur/remi-bentrob/
Régionale 2,Montréjeau,Gael BUISSON,Ailier,https://rugbyamateur.fr/joueur/gael-buisson/
Régionale 2,Montréjeau,Franck CAMBOURS,Demi d&#039;ouverture,https://rugbyamateur.fr/joueur/franck-cambours/
Régionale 2,Montréjeau,Pierre CIER,Pilier,https://rugbyamateur.fr/joueur/pierre-cier/
Régionale 2,Montréjeau,Pierrick CONTE DUPLAN,Pilier,N/A
Régionale 2,Montréjeau,Leho ADOUE,Deuxième ligne,https://rugbyamateur.fr/joueur/leho-adoue/
Régionale 2,Montréjeau,Oscar ANCINELL,N/A,https://rugbyamateur.fr/joueur/oscar-ancinell/
Régionale 2,Montréjeau,Timothe CAUQUIL,N/A,https://rugbyamateur.fr/joueur/timothe-cauquil/
Régionale 2,Montréjeau,Tybalt COPPE,Troisième ligne,https://rugbyamateur.fr/joueur/tybalt-coppe/
Régionale 2,Montréjeau,Alexis COUBERES,Centre,https://rugbyamateur.fr/joueur/alexis-couberes/
Régionale 2,Montréjeau,Lucas CUGNO,Demi de mêlée,https://rugbyamateur.fr/joueur/lucas-cugno/
Régionale 2,Montréjeau,Ronan DASSY,Deuxième ligne,https://rugbyamateur.fr/joueur/ronan-dassy/
Régionale 2,Montréjeau,Theo DEVOS,Ailier,https://rugbyamateur.fr/joueur/theo-devos/
Régionale 2,Montréjeau,Raphael DIAZ,Ailier,https://rugbyamateur.fr/joueur/raphael-diaz/
Régionale 2,Montréjeau,Peio DOSSAT,Demi de mêlée,https://rugbyamateur.fr/joueur/peio-dossat/
Régionale 2,Montréjeau,Hugo DUFOUR,Ailier,https://rugbyamateur.fr/joueur/hugo-dufour/
Régionale 2,Montréjeau,Charlie DUPRAT,Pilier,https://rugbyamateur.fr/joueur/charlie-duprat/
Régionale 2,Montréjeau,Antoine ERRACARRET,Demi d&#039;ouverture,https://rugbyamateur.fr/joueur/antoine-erracarret/
Régionale 2,Montréjeau,Baptiste FOUGA,Demi de mêlée,https://rugbyamateur.fr/joueur/baptiste-fouga/
Régionale 2,Montréjeau,Foley FREESTON,Troisième ligne,https://rugbyamateur.fr/joueur/foley-freeston/
Régionale 2,Montréjeau,Raphael JARROSSAY,Deuxième ligne,https://rugbyamateur.fr/joueur/raphael-jarrossay/
Régionale 2,Montréjeau,Luidjy LANGLAIS,N/A,https://rugbyamateur.fr/joueur/luidjy-langlais/
Régionale 2,Montréjeau,Lilian LOUMAGNE,Troisième ligne,https://rugbyamateur.fr/joueur/lilian-loumagne/
Régionale 2,Montréjeau,Batiste MUR,Demi d&#039;ouverture,https://rugbyamateur.fr/joueur/batiste-mur/
Régionale 2,Montréjeau,Ximo NICOLAS,Pilier,https://rugbyamateur.fr/joueur/ximo-nicolas/
Régionale 2,Montréjeau,Gabriel ORRAY,Ailier,https://rugbyamateur.fr/joueur/gabriel-orray/
Régionale 2,Montréjeau,Valentin POIDEVIN,Pilier,https://rugbyamateur.fr/joueur/valentin-poidevin/
Régionale 2,Montréjeau,Alexis QUINON,Talonneur,https://rugbyamateur.fr/joueur/alexis-quinon/
Régionale 2,Montréjeau,Timeo SAINT PAUL,N/A,https://rugbyamateur.fr/joueur/timeo-saint-paul/
Régionale 2,Montréjeau,Mathis TARBOURIECH,Talonneur,https://rugbyamateur.fr/joueur/mathis-tarbouriech/
Régionale 2,Montréjeau,Toni TOULOUSE,Centre,https://rugbyamateur.fr/joueur/toni-toulouse/
Régionale 2,Jarnac Rouillac,Florent AUTIN,Troisième ligne,https://rugbyamateur.fr/joueur/florent-autin/
Régionale 2,Jarnac Rouillac,Mathieu BOISNEAU,Deuxième ligne,https://rugbyamateur.fr/joueur/mathieu-boisneau/
Régionale 2,Jarnac Rouillac,Pierre BOUCHER,Troisième ligne,https://rugbyamateur.fr/joueur/pierre-boucher/
Régionale 2,Jarnac Rouillac,Maxime BOURGEOIS,Pilier,N/A
Régionale 2,Jarnac Rouillac,Antoine BERTIN,Centre,N/A
Régionale 2,Jarnac Rouillac,Iban ARRETCHE,Talonneur,https://rugbyamateur.fr/joueur/iban-arretche/
Régionale 2,Jarnac Rouillac,Maxence ASSELIN,Ailier,https://rugbyamateur.fr/joueur/maxence-asselin/
Régionale 2,Jarnac Rouillac,Tom AUDOUIN,N/A,https://rugbyamateur.fr/joueur/tom-audouin/
Régionale 2,Jarnac Rouillac,Gaspard BARRET BORDAS,Talonneur,https://rugbyamateur.fr/joueur/gaspard-barret-bordas/
Régionale 2,Jarnac Rouillac,Maxime BENOIST,Demi de mêlée,https://rugbyamateur.fr/joueur/maxime-benoist/
Régionale 2,Jarnac Rouillac,Nathan BIONDI MAUGEY,Deuxième ligne,https://rugbyamateur.fr/joueur/nathan-biondi-maugey/
Régionale 2,Jarnac Rouillac,Paulin BLANC,Demi d&#039;ouverture,https://rugbyamateur.fr/joueur/paulin-blanc/
Régionale 2,Jarnac Rouillac,Joris BOURDY,Troisième ligne,https://rugbyamateur.fr/joueur/joris-bourdy/
Régionale 2,Jarnac Rouillac,Lucas BOYER,Deuxième ligne,https://rugbyamateur.fr/joueur/lucas-boyer/
Régionale 2,Jarnac Rouillac,Mahe BRODU,Talonneur,https://rugbyamateur.fr/joueur/mahe-brodu/
Régionale 2,Jarnac Rouillac,Alhan BRUEL,N/A,https://rugbyamateur.fr/joueur/alhan-bruel/
Régionale 2,Jarnac Rouillac,Maloe COUSIN,Ailier,https://rugbyamateur.fr/joueur/maloe-cousin/
Régionale 2,Jarnac Rouillac,Luc DAURIAC,Pilier,https://rugbyamateur.fr/joueur/luc-dauriac/
Régionale 2,Jarnac Rouillac,Otsoa DUBOE,Demi de mêlée,https://rugbyamateur.fr/joueur/otsoa-duboe/
Régionale 2,Jarnac Rouillac,Maxime ESPEAU,Demi d&#039;ouverture,https://rugbyamateur.fr/joueur/maxime-espeau/
Régionale 2,Jarnac Rouillac,Erwan FAGANAS,Troisième ligne,https://rugbyamateur.fr/joueur/erwan-faganas/
Régionale 2,Jarnac Rouillac,Malcom FERRER,Troisième ligne,https://rugbyamateur.fr/joueur/malcom-ferrer/
Régionale 2,Jarnac Rouillac,Victor FRESNEAU,Centre,https://rugbyamateur.fr/joueur/victor-fresneau/
Régionale 2,Jarnac Rouillac,Nolan LAFONT BERTIN,Deuxième ligne,https://rugbyamateur.fr/joueur/nolan-lafont-bertin/
Régionale 2,Jarnac Rouillac,Matheo LECAT,N/A,https://rugbyamateur.fr/joueur/matheo-lecat/
Régionale 2,Jarnac Rouillac,Solan LOUEILH,Pilier,https://rugbyamateur.fr/joueur/solan-loueilh/
Régionale 2,Jarnac Rouillac,Antoine LUCAS,Centre,N/A
Régionale 2,Jarnac Rouillac,Timeo BAUDRIT,N/A,https://rugbyamateur.fr/joueur/timeo-baudrit/
Régionale 2,Jarnac Rouillac,Romeo BIENES,Demi d&#039;ouverture,https://rugbyamateur.fr/joueur/romeo-bienes/
Régionale 2,Jarnac Rouillac,Clement BLANCHON,Troisième ligne,https://rugbyamateur.fr/joueur/clement-blanchon/
Régionale 2,Jarnac Rouillac,Kylian BRIGY,Talonneur,https://rugbyamateur.fr/joueur/kylian-brigy/
Régionale 2,Jarnac Rouillac,Joey DELAGARDE,Troisième ligne,https://rugbyamateur.fr/joueur/joey-delagarde/
Régionale 2,Jarnac Rouillac,Nolhan DORVAN PASSE,Deuxième ligne,N/A
Régionale 2,Herouvillais,Yanis AKROUN,Troisième ligne,https://rugbyamateur.fr/joueur/yanis-akroun/
Régionale 2,Herouvillais,Alexis BLERY,Pilier,https://rugbyamateur.fr/joueur/alexis-blery/
Régionale 2,Herouvillais,Matthieu BOULAYE,Demi de mêlée,https://rugbyamateur.fr/joueur/matthieu-boulaye/
Régionale 2,Herouvillais,Yann CHAMPION,Centre,https://rugbyamateur.fr/joueur/yann-champion/
Régionale 2,Herouvillais,Eddie CHAUVOT,Demi d&#039;ouverture,https://rugbyamateur.fr/joueur/eddie-chauvot/
Régionale 2,Herouvillais,Baptiste CORDIER,Centre,https://rugbyamateur.fr/joueur/baptiste-cordier/
Régionale 2,Herouvillais,Jeremy CORDIER,Troisième ligne,https://rugbyamateur.fr/joueur/jeremy-cordier/
Régionale 2,Herouvillais,Joris DELAQUAIZE,Deuxième ligne,https://rugbyamateur.fr/joueur/joris-delaquaize/
Régionale 2,Herouvillais,Victor DELAUNAY,Ailier,https://rugbyamateur.fr/joueur/victor-delaunay/
Régionale 2,Herouvillais,Paul Henri DELHOMME,Demi de mêlée,https://rugbyamateur.fr/joueur/paul-henri-delhomme/
Régionale 2,Herouvillais,Anthony DELIGNY,Demi d&#039;ouverture,https://rugbyamateur.fr/joueur/anthony-deligny/
Régionale 2,Herouvillais,Arthur DESCAMPS,Ailier,https://rugbyamateur.fr/joueur/arthur-descamps/
Régionale 2,Herouvillais,Quentin DUALE,N/A,https://rugbyamateur.fr/joueur/quentin-duale/
Régionale 2,Herouvillais,Hugo FRABOULET,Troisième ligne,https://rugbyamateur.fr/joueur/hugo-fraboulet/
Régionale 2,Herouvillais,Paul LECARPENTIER,Deuxième ligne,https://rugbyamateur.fr/joueur/paul-lecarpentier/
Régionale 2,Herouvillais,Thomas LECHASLES,Troisième ligne,https://rugbyamateur.fr/joueur/thomas-lechasles/
Régionale 2,Herouvillais,Charly LEPROVOST,Pilier,https://rugbyamateur.fr/joueur/charly-leprovost/
Régionale 2,Herouvillais,Melvin MENUET,Centre,https://rugbyamateur.fr/joueur/melvin-menuet/
Régionale 2,Herouvillais,Hugo PAUL,Pilier,https://rugbyamateur.fr/joueur/hugo-paul/
Régionale 2,Herouvillais,Thomas PRINCET,Arrière,https://rugbyamateur.fr/joueur/thomas-princet/
Régionale 2,Herouvillais,Tom ROSEE,N/A,https://rugbyamateur.fr/joueur/tom-rosee/
Régionale 2,Herouvillais,Adrien VAUSSY,Troisième ligne,https://rugbyamateur.fr/joueur/adrien-vaussy/
Régionale 2,Laon,Teo ARNOULD,Centre,https://rugbyamateur.fr/joueur/teo-arnould/
Régionale 2,Laon,Ewann BASSON,Ailier,https://rugbyamateur.fr/joueur/ewann-basson/
Régionale 2,Laon,Joshua BASSON,Talonneur,N/A
Régionale 2,Laon,Leo ALES,N/A,N/A
Régionale 2,Laon,Timeo BAQUET,N/A,N/A
Régionale 2,Saint-Lary,Nathan ALBERT,Deuxième ligne,https://rugbyamateur.fr/joueur/nathan-albert/
Régionale 2,Saint-Lary,Oscar ARNE,Ailier,https://rugbyamateur.fr/joueur/oscar-arne/
Régionale 2,Saint-Lary,Mateo BACQUE,Demi d&#039;ouverture,https://rugbyamateur.fr/joueur/mateo-bacque/
Régionale 2,Saint-Lary,Victor BEYRET,Centre,https://rugbyamateur.fr/joueur/victor-beyret/
Régionale 2,Saint-Lary,Tristan CASTERAN,Pilier,https://rugbyamateur.fr/joueur/tristan-casteran/
Régionale 2,Saint-Lary,Matheo DOUCE,Troisième ligne,https://rugbyamateur.fr/joueur/matheo-douce/
Régionale 2,Saint-Lary,Lucas FOURCADE,Troisième ligne,https://rugbyamateur.fr/joueur/lucas-fourcade/
Régionale 2,Saint-Lary,Malau JAMBAQUE,N/A,https://rugbyamateur.fr/joueur/malau-jambaque/
Régionale 2,Saint-Lary,Teo LAVOURAS DOS SANTOS,Centre,https://rugbyamateur.fr/joueur/teo-lavouras-dos-santos/
Régionale 2,Saint-Lary,Gabin LENOIR,Troisième ligne,https://rugbyamateur.fr/joueur/gabin-lenoir/
Régionale 2,Saint-Lary,Hugo LOUBET,Troisième ligne,https://rugbyamateur.fr/joueur/hugo-loubet/
Régionale 2,Saint-Lary,Jules PEBOSCQ ROBERT,Arrière,https://rugbyamateur.fr/joueur/jules-peboscq-robert/
Régionale 2,Saint-Lary,Noan POIRIER,Deuxième ligne,https://rugbyamateur.fr/joueur/noan-poirier/
Régionale 2,Saint-Lary,Aubin PRIOU LAFFONT,Talonneur,https://rugbyamateur.fr/joueur/aubin-priou-laffont/
Régionale 2,Saint-Lary,Martin SENAC,Demi de mêlée,https://rugbyamateur.fr/joueur/martin-senac/
Régionale 2,Saint-Lary,Yann SOULANS,N/A,https://rugbyamateur.fr/joueur/yann-soulans/
Régionale 2,Saint-Lary,Arthur VALENCIAN,Pilier,https://rugbyamateur.fr/joueur/arthur-valencian/
Régionale 2,Saint-Lary,Mael VALENCIAN,N/A,https://rugbyamateur.fr/joueur/mael-valencian/
Régionale 2,Saint-Lary,Marin WIEDEMANN,Ailier,https://rugbyamateur.fr/joueur/marin-wiedemann/
Régionale 2,Saint-Lary,Maxime ABADIE,Talonneur,https://rugbyamateur.fr/joueur/maxime-abadie/
Régionale 2,Saint-Lary,Anthony ARNAUD,Arrière,https://rugbyamateur.fr/joueur/anthony-arnaud/
Régionale 2,Saint-Lary,Camille ARQUIE,Centre,https://rugbyamateur.fr/joueur/camille-arquie/
Régionale 2,Saint-Lary,Vincent BALZAC,Pilier,https://rugbyamateur.fr/joueur/vincent-balzac/
Régionale 2,Saint-Lary,Thomas BAT,Demi d&#039;ouverture,https://rugbyamateur.fr/joueur/thomas-bat/
Régionale 2,Saint-Lary,Liam BOULOUMIE,Pilier,https://rugbyamateur.fr/joueur/liam-bouloumie/
Régionale 2,Saint-Lary,Arnaud CASCARRA,Talonneur,https://rugbyamateur.fr/joueur/arnaud-cascarra/
Régionale 2,Saint-Lary,Baptiste CASCARRA,Troisième ligne,https://rugbyamateur.fr/joueur/baptiste-cascarra/
Régionale 2,Saint-Lary,Hugo CASTAING,Deuxième ligne,N/A
Régionale 2,Buxynoise,Matteo AIME,Arrière,https://rugbyamateur.fr/joueur/matteo-aime/
Régionale 2,Buxynoise,Benjamin ALVES,Pilier,https://rugbyamateur.fr/joueur/benjamin-alves/
Régionale 2,Buxynoise,Christophe BELLATI,Deuxième ligne,https://rugbyamateur.fr/joueur/christophe-bellati/
Régionale 2,Buxynoise,David BERT,Ailier,https://rugbyamateur.fr/joueur/david-bert/
Régionale 2,Buxynoise,Maxime BESANCENOT,Troisième ligne,https://rugbyamateur.fr/joueur/maxime-besancenot/
Régionale 2,Buxynoise,Alexandre CARRE,Troisième ligne,https://rugbyamateur.fr/joueur/alexandre-carre/
Régionale 2,Buxynoise,Batiste DE LAURO,Demi d&#039;ouverture,https://rugbyamateur.fr/joueur/batiste-de-lauro/
Régionale 2,Buxynoise,Theo DUFRESNE,Centre,https://rugbyamateur.fr/joueur/theo-dufresne/
Régionale 2,Buxynoise,Alexandre FLEURY,Troisième ligne,https://rugbyamateur.fr/joueur/alexandre-fleury/
Régionale 2,Buxynoise,Marvin FOREST,Deuxième ligne,https://rugbyamateur.fr/joueur/marvin-forest/
Régionale 2,Buxynoise,Jonathan FRATER,Centre,https://rugbyamateur.fr/joueur/jonathan-frater/
Régionale 2,Buxynoise,Constant GADAN,Troisième ligne,https://rugbyamateur.fr/joueur/constant-gadan/
Régionale 2,Buxynoise,Maxence GUINOT,Pilier,https://rugbyamateur.fr/joueur/maxence-guinot/
Régionale 2,Buxynoise,Romain HUDRY,Demi de mêlée,https://rugbyamateur.fr/joueur/romain-hudry/
Régionale 2,Buxynoise,Mathieu HUGUEN,Troisième ligne,https://rugbyamateur.fr/joueur/mathieu-huguen/
Régionale 2,Buxynoise,Alexandre JURY,Demi de mêlée,https://rugbyamateur.fr/joueur/alexandre-jury/
Régionale 2,Buxynoise,Baptiste L HOSTE,Pilier,https://rugbyamateur.fr/joueur/baptiste-l-hoste/
Régionale 2,Buxynoise,Benjamin MARLOT,Pilier,https://rugbyamateur.fr/joueur/benjamin-marlot/
Régionale 2,Buxynoise,Nicolas MICHON,Talonneur,https://rugbyamateur.fr/joueur/nicolas-michon/
Régionale 2,Buxynoise,Allan MOINE,Deuxième ligne,https://rugbyamateur.fr/joueur/allan-moine/
Régionale 2,Buxynoise,Jeremy PANIER,Demi d&#039;ouverture,https://rugbyamateur.fr/joueur/jeremy-panier/
Régionale 2,Buxynoise,Melvil RICHARD,Arrière,https://rugbyamateur.fr/joueur/melvil-richard/
Régionale 2,Buxynoise,Eliott TRAVERS,Ailier,https://rugbyamateur.fr/joueur/eliott-travers/
Régionale 2,Buxynoise,Edgar VINTEJOUX,Deuxième ligne,https://rugbyamateur.fr/joueur/edgar-vintejoux/
Régionale 2,Buxynoise,Leandre BUFFLER,Deuxième ligne,https://rugbyamateur.fr/joueur/leandre-buffler/
Régionale 2,Buxynoise,Nino DEL FABBRO,Arrière,https://rugbyamateur.fr/joueur/nino-del-fabbro/
Régionale 2,Buxynoise,Marius DELCOURT,Ailier,https://rugbyamateur.fr/joueur/marius-delcourt/
Régionale 2,Buxynoise,Charlie DEMONET,Demi de mêlée,https://rugbyamateur.fr/joueur/charlie-demonet/
Régionale 2,Buxynoise,Charly DEQUE,Pilier,https://rugbyamateur.fr/joueur/charly-deque/
Régionale 2,Buxynoise,Matis DUPONT,Centre,https://rugbyamateur.fr/joueur/matis-dupont/
Régionale 2,Buxynoise,Nathan GARCIA,Talonneur,https://rugbyamateur.fr/joueur/nathan-garcia/
Régionale 2,Buxynoise,Martin GIRARD,Demi d&#039;ouverture,https://rugbyamateur.fr/joueur/martin-girard/
Régionale 2,Buxynoise,Jude GUIGNARD MILLET,Ailier,https://rugbyamateur.fr/joueur/jude-guignard-millet/
Régionale 2,Buxynoise,Baptiste HAMBACHER,Troisième ligne,https://rugbyamateur.fr/joueur/baptiste-hambacher/
Régionale 2,Buxynoise,Camille HERGOT,Talonneur,https://rugbyamateur.fr/joueur/camille-hergot/
Régionale 2,Buxynoise,Arthur HORST,Pilier,https://rugbyamateur.fr/joueur/arthur-horst/
Régionale 2,Buxynoise,Guillaume KELLER,Troisième ligne,https://rugbyamateur.fr/joueur/guillaume-keller/
Régionale 2,Buxynoise,Antony Daniel Henri LABONDE,Deuxième ligne,https://rugbyamateur.fr/joueur/antony-daniel-henri-labonde/
Régionale 2,Buxynoise,Matteo LAMONTRE,Ailier,https://rugbyamateur.fr/joueur/matteo-lamontre/
Régionale 2,Buxynoise,Camille LARRIEU,Deuxième ligne,https://rugbyamateur.fr/joueur/camille-larrieu/
Régionale 2,Buxynoise,Antonin MARZOCCHINI,Troisième ligne,https://rugbyamateur.fr/joueur/antonin-marzocchini/
Régionale 2,Buxynoise,Leo MOLINA,Talonneur,https://rugbyamateur.fr/joueur/leo-molina/
Régionale 2,Buxynoise,Maxence MOURLOT,Pilier,https://rugbyamateur.fr/joueur/maxence-mourlot/
Régionale 2,Buxynoise,Romeo NABOYEV,Deuxième ligne,https://rugbyamateur.fr/joueur/romeo-naboyev/
Régionale 2,Buxynoise,Axel NETH,Arrière,https://rugbyamateur.fr/joueur/axel-neth/
Régionale 2,Buxynoise,Simon NONNENMACHER,Centre,https://rugbyamateur.fr/joueur/simon-nonnenmacher/
Régionale 2,Buxynoise,Max NORET,Deuxième ligne,https://rugbyamateur.fr/joueur/max-noret/
Régionale 2,Buxynoise,Auguste PAIN,Demi de mêlée,https://rugbyamateur.fr/joueur/auguste-pain/
Régionale 2,Buxynoise,Hugo PIEJAK,Demi d&#039;ouverture,https://rugbyamateur.fr/joueur/hugo-piejak/
Régionale 2,Buxynoise,Malo POTHERAT,Ailier,https://rugbyamateur.fr/joueur/malo-potherat/
Régionale 2,Buxynoise,Antonin PREZELUS,Troisième ligne,https://rugbyamateur.fr/joueur/antonin-prezelus/
Régionale 2,Buxynoise,Baptiste REGADE,Demi de mêlée,N/A
Régionale 2,Buxynoise,Raphael ALIVAUD,Troisième ligne,https://rugbyamateur.fr/joueur/raphael-alivaud/
Régionale 2,Buxynoise,Gabriel Anthony BARLET,Centre,https://rugbyamateur.fr/joueur/gabriel-anthony-barlet/
Régionale 2,Buxynoise,Timon BARRE,N/A,https://rugbyamateur.fr/joueur/timon-barre/
Régionale 2,Buxynoise,Tom BEAUCAMP,Troisième ligne,https://rugbyamateur.fr/joueur/tom-beaucamp/
Régionale 2,Buxynoise,Victor BOST,Demi de mêlée,https://rugbyamateur.fr/joueur/victor-bost/
Régionale 2,Buxynoise,Quentin DELPERIE,Centre,https://rugbyamateur.fr/joueur/quentin-delperie/
Régionale 2,Buxynoise,Enzo DUFRESNE,Deuxième ligne,https://rugbyamateur.fr/joueur/enzo-dufresne/
Régionale 2,Buxynoise,Francesco FABIANI,Centre,https://rugbyamateur.fr/joueur/francesco-fabiani/
Régionale 2,Buxynoise,Sean Patrick GOHET,Centre,https://rugbyamateur.fr/joueur/sean-patrick-gohet/
Régionale 2,Buxynoise,Julien GUY,N/A,https://rugbyamateur.fr/joueur/julien-guy/
Régionale 2,Buxynoise,Idriss KIANI,Deuxième ligne,https://rugbyamateur.fr/joueur/idriss-kiani/
Régionale 2,Buxynoise,Yanis KRABCHI,Pilier,https://rugbyamateur.fr/joueur/yanis-krabchi/
Régionale 2,Buxynoise,Theo LE MEUR,Pilier,https://rugbyamateur.fr/joueur/theo-le-meur/
Régionale 2,Buxynoise,Sacha LECLERCQ,Ailier,https://rugbyamateur.fr/joueur/sacha-leclercq/
Régionale 2,Buxynoise,Eloi LECUYER,Troisième ligne,https://rugbyamateur.fr/joueur/eloi-lecuyer/
Régionale 2,Buxynoise,Quentin LEGRAND,Talonneur,https://rugbyamateur.fr/joueur/quentin-legrand/
Régionale 2,Buxynoise,Clement LIZABAULT,Deuxième ligne,https://rugbyamateur.fr/joueur/clement-lizabault/
Régionale 2,Buxynoise,Yannick LUCOTTE,Ailier,https://rugbyamateur.fr/joueur/yannick-lucotte/
Régionale 2,Buxynoise,Titouan MANDON,Ailier,https://rugbyamateur.fr/joueur/titouan-mandon/
Régionale 2,Buxynoise,Hippolyte MATHON,Demi d&#039;ouverture,https://rugbyamateur.fr/joueur/hippolyte-mathon/
Régionale 2,Buxynoise,Arthur Jean Philippe Maire Joseph MELIN,Arrière,https://rugbyamateur.fr/joueur/arthur-jean-philippe-maire-joseph-melin/
Régionale 2,Buxynoise,Antoine MORIAUX PELISSIER,Arrière,https://rugbyamateur.fr/joueur/antoine-moriaux-pelissier/
Régionale 2,Buxynoise,Virgile Jacky Jean PIERRAT,Troisième ligne,https://rugbyamateur.fr/joueur/virgile-jacky-jean-pierrat/
Régionale 2,Buxynoise,Paul ROQUES,Ailier,https://rugbyamateur.fr/joueur/paul-roques/
Régionale 2,Buxynoise,Loick SAISSET,Deuxième ligne,https://rugbyamateur.fr/joueur/loick-saisset/
Régionale 2,Buxynoise,Edgar TRAVERS,N/A,https://rugbyamateur.fr/joueur/edgar-travers/
Régionale 2,Buxynoise,Axel BAILLARD,Troisième ligne,https://rugbyamateur.fr/joueur/axel-baillard/
Régionale 2,Buxynoise,Ethan BARBILLOT,Troisième ligne,https://rugbyamateur.fr/joueur/ethan-barbillot/
Régionale 2,Buxynoise,Achille BIEVRE POULALIER,Talonneur,https://rugbyamateur.fr/joueur/achille-bievre-poulalier/
Régionale 2,Buxynoise,Mahe CORSO,Ailier,https://rugbyamateur.fr/joueur/mahe-corso/
Régionale 2,Buxynoise,Tom CRAPOIX,Demi de mêlée,https://rugbyamateur.fr/joueur/tom-crapoix/
Régionale 2,Buxynoise,Soan DALLA TORRE,Demi de mêlée,https://rugbyamateur.fr/joueur/soan-dalla-torre/
Régionale 2,Buxynoise,Max DUCLOS,Ailier,https://rugbyamateur.fr/joueur/max-duclos/
Régionale 2,Buxynoise,Lohan FIGUERES,Pilier,https://rugbyamateur.fr/joueur/lohan-figueres/
Régionale 2,Buxynoise,Leon FUTIN,Centre,https://rugbyamateur.fr/joueur/leon-futin/
Régionale 2,Buxynoise,Charles GENEVOIS,Deuxième ligne,https://rugbyamateur.fr/joueur/charles-genevois/
Régionale 2,Buxynoise,Tomy GRENERON,Ailier,https://rugbyamateur.fr/joueur/tomy-greneron/
Régionale 2,Buxynoise,Nathanael GUESDON TESSARI,Pilier,https://rugbyamateur.fr/joueur/nathanael-guesdon-tessari/
Régionale 2,Buxynoise,Yuv Aymeric JOGOO,N/A,https://rugbyamateur.fr/joueur/yuv-aymeric-jogoo/
Régionale 2,Buxynoise,Alex LEBEAUD,Ailier,https://rugbyamateur.fr/joueur/alex-lebeaud/
Régionale 2,Buxynoise,Christian MUNDEMBA,N/A,https://rugbyamateur.fr/joueur/christian-mundemba/
Régionale 2,Buxynoise,Credo NDAGIJIMANA,Deuxième ligne,https://rugbyamateur.fr/joueur/credo-ndagijimana/
Régionale 2,Buxynoise,Nicolas NOWAK,Demi d&#039;ouverture,https://rugbyamateur.fr/joueur/nicolas-nowak/
Régionale 2,Buxynoise,Eliott Jean PERDERISET,Demi d&#039;ouverture,https://rugbyamateur.fr/joueur/eliott-jean-perderiset/
Régionale 2,Buxynoise,Kevin POULAIN,Centre,https://rugbyamateur.fr/joueur/kevin-poulain/
Régionale 2,Buxynoise,Lou REBUFFIC,Troisième ligne,https://rugbyamateur.fr/joueur/lou-rebuffic/
Régionale 2,Buxynoise,Alban RION,Ailier,https://rugbyamateur.fr/joueur/alban-rion/
Régionale 2,Buxynoise,Oscar SOLER,Troisième ligne,https://rugbyamateur.fr/joueur/oscar-soler/
Régionale 2,Buxynoise,Marceau SPIEWAK,Pilier,https://rugbyamateur.fr/joueur/marceau-spiewak/
Régionale 2,Buxynoise,Baptiste TARRIT,Talonneur,https://rugbyamateur.fr/joueur/baptiste-tarrit/
Régionale 2,Buxynoise,Ruben THOMAS,Demi d&#039;ouverture,https://rugbyamateur.fr/joueur/ruben-thomas/
Régionale 2,Buxynoise,Lucas TREMEAUX,Centre,https://rugbyamateur.fr/joueur/lucas-tremeaux/
Régionale 2,Buxynoise,Ethan VALT,Talonneur,https://rugbyamateur.fr/joueur/ethan-valt/
Régionale 2,Buxynoise,Romeo VAUZELLE,Centre,https://rugbyamateur.fr/joueur/romeo-vauzelle/
Régionale 2,Buxynoise,Quentin VAZART,Pilier,https://rugbyamateur.fr/joueur/quentin-vazart/
Régionale 2,Buxynoise,Valentin VIROT,Troisième ligne,https://rugbyamateur.fr/joueur/valentin-virot/
Régionale 2,Buxynoise,Clovis BERENGUER,Arrière,https://rugbyamateur.fr/joueur/clovis-berenguer/
Régionale 2,Buxynoise,Lucas BERNARD,N/A,https://rugbyamateur.fr/joueur/lucas-bernard/
Régionale 2,Buxynoise,Noe BERNARD,Demi d&#039;ouverture,https://rugbyamateur.fr/joueur/noe-bernard/
Régionale 2,Buxynoise,Armand BON,Arrière,https://rugbyamateur.fr/joueur/armand-bon/
Régionale 2,Buxynoise,Hugo BONNET,Deuxième ligne,https://rugbyamateur.fr/joueur/hugo-bonnet/
Régionale 2,Buxynoise,Antoine BRESARD,Troisième ligne,https://rugbyamateur.fr/joueur/antoine-bresard/
Régionale 2,Buxynoise,Matthias CARILLON,Pilier,https://rugbyamateur.fr/joueur/matthias-carillon/
Régionale 2,Buxynoise,Gabin CHENU,Ailier,https://rugbyamateur.fr/joueur/gabin-chenu/
Régionale 2,Buxynoise,Marius DENIZOT,Talonneur,https://rugbyamateur.fr/joueur/marius-denizot/
Régionale 2,Buxynoise,Cyprien GILLET,N/A,https://rugbyamateur.fr/joueur/cyprien-gillet/
Régionale 2,Buxynoise,Lucas GIRAUDEAU,Troisième ligne,https://rugbyamateur.fr/joueur/lucas-giraudeau/
Régionale 2,Buxynoise,Alexis JOSEPH,N/A,https://rugbyamateur.fr/joueur/alexis-joseph/
Régionale 2,Buxynoise,Antony Daniel Henri LABONDE,Deuxième ligne,https://rugbyamateur.fr/joueur/antony-daniel-henri-labonde/
Régionale 2,Buxynoise,Gabriel LEGER,Pilier,https://rugbyamateur.fr/joueur/gabriel-leger/
Régionale 2,Buxynoise,Gaspard LEGER,Centre,https://rugbyamateur.fr/joueur/gaspard-leger/
Régionale 2,Buxynoise,Lois LEMONNIER,Centre,https://rugbyamateur.fr/joueur/lois-lemonnier/
Régionale 2,Buxynoise,Noe LEMONNIER,Demi d&#039;ouverture,https://rugbyamateur.fr/joueur/noe-lemonnier/
Régionale 2,Buxynoise,Noah MAITROT,Deuxième ligne,https://rugbyamateur.fr/joueur/noah-maitrot/
Régionale 2,Buxynoise,Louis MARTIN,N/A,https://rugbyamateur.fr/joueur/louis-martin/
Régionale 2,Buxynoise,Ibourahima MGOMRI,Troisième ligne,https://rugbyamateur.fr/joueur/ibourahima-mgomri/
Régionale 2,Buxynoise,Mathis MONNOT,N/A,https://rugbyamateur.fr/joueur/mathis-monnot/
Régionale 2,Buxynoise,Aaron MUNTZ,Centre,https://rugbyamateur.fr/joueur/aaron-muntz/
Régionale 2,Buxynoise,Marius PACAUD,Talonneur,https://rugbyamateur.fr/joueur/marius-pacaud/
Régionale 2,Buxynoise,Joris PIANEZZI,Pilier,https://rugbyamateur.fr/joueur/joris-pianezzi/
Régionale 2,Buxynoise,Antoine POISSENOT,Ailier,https://rugbyamateur.fr/joueur/antoine-poissenot/
Régionale 2,Buxynoise,Rayan SAMI,Pilier,https://rugbyamateur.fr/joueur/rayan-sami/
Régionale 2,Buxynoise,Sacha SORO CHAMPAGNON,Ailier,https://rugbyamateur.fr/joueur/sacha-soro-champagnon/
Régionale 2,Buxynoise,Tom THIBERT,Ailier,https://rugbyamateur.fr/joueur/tom-thibert/
Régionale 2,Buxynoise,Kilian VERDREAU,Demi de mêlée,https://rugbyamateur.fr/joueur/kilian-verdreau/
Régionale 2,Buxynoise,Charlie BAUDOT,Centre,N/A
Régionale 2,Buxynoise,Remi BLONDIAU,Troisième ligne,N/A
Régionale 2,SC Rhétais,Dylan AIBOUT LARGEAU,Arrière,N/A
Régionale 2,SC Rhétais,Thomas BISSON,Demi de mêlée,https://rugbyamateur.fr/joueur/thomas-bisson/
Régionale 2,SC Rhétais,Kylian BOEUF,Troisième ligne,https://rugbyamateur.fr/joueur/kylian-boeuf/
Régionale 2,SC Rhétais,Paul CARREAU,Pilier,https://rugbyamateur.fr/joueur/paul-carreau/
Régionale 2,SC Rhétais,Alyosha FAYOS HUGONNIER,N/A,https://rugbyamateur.fr/joueur/alyosha-fayos-hugonnier/
Régionale 2,SC Rhétais,Maxim FOLTIER,N/A,https://rugbyamateur.fr/joueur/maxim-foltier/
Régionale 2,SC Rhétais,Augustin FOULARD,Demi d&#039;ouverture,https://rugbyamateur.fr/joueur/augustin-foulard/
Régionale 2,SC Rhétais,Noham FRICOT,Talonneur,https://rugbyamateur.fr/joueur/noham-fricot/
Régionale 2,SC Rhétais,Theo GUERIN,Deuxième ligne,https://rugbyamateur.fr/joueur/theo-guerin/
Régionale 2,SC Rhétais,Eliot GUERTIN,Centre,https://rugbyamateur.fr/joueur/eliot-guertin/
Régionale 2,SC Rhétais,Paul HEBE,Centre,https://rugbyamateur.fr/joueur/paul-hebe/
Régionale 2,SC Rhétais,Louis LESCALMEL,Arrière,https://rugbyamateur.fr/joueur/louis-lescalmel/
Régionale 2,SC Rhétais,Timeo MAROUSSIE PENE,Troisième ligne,https://rugbyamateur.fr/joueur/timeo-maroussie-pene/
Régionale 2,SC Rhétais,Thomas MARQUET,Troisième ligne,https://rugbyamateur.fr/joueur/thomas-marquet/
Régionale 2,SC Rhétais,Constant METREAU,Deuxième ligne,https://rugbyamateur.fr/joueur/constant-metreau/
Régionale 2,SC Rhétais,Rua John O GARA,Demi d&#039;ouverture,https://rugbyamateur.fr/joueur/rua-john-o-gara/
Régionale 2,SC Rhétais,Camille PANNETIER,Centre,https://rugbyamateur.fr/joueur/camille-pannetier/
Régionale 2,SC Rhétais,Manoa PECHBERTY,Ailier,https://rugbyamateur.fr/joueur/manoa-pechberty/
Régionale 2,SC Rhétais,Manoah PRIERE,Pilier,https://rugbyamateur.fr/joueur/manoah-priere/
Régionale 2,SC Rhétais,Nohann RECHAL,Ailier,https://rugbyamateur.fr/joueur/nohann-rechal/
Régionale 2,SC Rhétais,Aymeric SCHMIDT,N/A,https://rugbyamateur.fr/joueur/aymeric-schmidt/
Régionale 2,SC Rhétais,Swan VIOLLET,N/A,https://rugbyamateur.fr/joueur/swan-viollet/
Régionale 2,SC Rhétais,Sasha VIRONDEL,Deuxième ligne,https://rugbyamateur.fr/joueur/sasha-virondel/
Régionale 2,SC Rhétais,Raphael BEGNANA PLISSON,Ailier,https://rugbyamateur.fr/joueur/raphael-begnana-plisson/
Régionale 2,SC Rhétais,Lucas BOULIN,Deuxième ligne,https://rugbyamateur.fr/joueur/lucas-boulin/
Régionale 2,SC Rhétais,Noa BRUNATI,Ailier,https://rugbyamateur.fr/joueur/noa-brunati/
Régionale 2,SC Rhétais,Marius BRUNET LAMOUR,N/A,https://rugbyamateur.fr/joueur/marius-brunet-lamour/
Régionale 2,SC Rhétais,Noa BUSSAC,Centre,https://rugbyamateur.fr/joueur/noa-bussac/
Régionale 2,SC Rhétais,Thomas COUILLAUD,Centre,https://rugbyamateur.fr/joueur/thomas-couillaud/
Régionale 2,SC Rhétais,Maxan DEL CASTILLO,N/A,https://rugbyamateur.fr/joueur/maxan-del-castillo/
Régionale 2,SC Rhétais,Robinson ELAMBERT,Deuxième ligne,https://rugbyamateur.fr/joueur/robinson-elambert/
Régionale 2,SC Rhétais,Paul EYCHENNE,Demi d&#039;ouverture,https://rugbyamateur.fr/joueur/paul-eychenne/
Régionale 2,SC Rhétais,Esteban GABEN,Troisième ligne,https://rugbyamateur.fr/joueur/esteban-gaben/
Régionale 2,SC Rhétais,Noah GARCIA,Demi de mêlée,https://rugbyamateur.fr/joueur/noah-garcia/
Régionale 2,SC Rhétais,Tom GARNIER,Troisième ligne,https://rugbyamateur.fr/joueur/tom-garnier/
Régionale 2,SC Rhétais,Noham JADDI,Talonneur,https://rugbyamateur.fr/joueur/noham-jaddi/
Régionale 2,SC Rhétais,Timael KOUMERSKY,Pilier,https://rugbyamateur.fr/joueur/timael-koumersky/
Régionale 2,SC Rhétais,Morgan LE GALL OKONSKI,Demi d&#039;ouverture,https://rugbyamateur.fr/joueur/morgan-le-gall-okonski/
Régionale 2,SC Rhétais,Noah LE MARRE,Arrière,https://rugbyamateur.fr/joueur/noah-le-marre/
Régionale 2,SC Rhétais,Temoe LE MORILLON,N/A,https://rugbyamateur.fr/joueur/temoe-le-morillon/
Régionale 2,SC Rhétais,Sacha LEBLANC,Deuxième ligne,https://rugbyamateur.fr/joueur/sacha-leblanc/
Régionale 2,SC Rhétais,Charles LEBOUL SEGUY,Arrière,https://rugbyamateur.fr/joueur/charles-leboul-seguy/
Régionale 2,SC Rhétais,Lorenzo LIMBERGER,N/A,https://rugbyamateur.fr/joueur/lorenzo-limberger/
Régionale 2,SC Rhétais,Arsene MAZANA BASUMBA,N/A,https://rugbyamateur.fr/joueur/arsene-mazana-basumba/
Régionale 2,SC Rhétais,Leo MORIN,Troisième ligne,https://rugbyamateur.fr/joueur/leo-morin/
Régionale 2,SC Rhétais,Yemi OSSENI,Pilier,https://rugbyamateur.fr/joueur/yemi-osseni/
Régionale 2,SC Rhétais,Lino ROBIN,N/A,https://rugbyamateur.fr/joueur/lino-robin/
Régionale 2,SC Rhétais,Enzo STEIMBACH FERNANDEZ,Centre,https://rugbyamateur.fr/joueur/enzo-steimbach-fernandez/
Régionale 2,SC Rhétais,Milo STELLATI,N/A,https://rugbyamateur.fr/joueur/milo-stellati/
Régionale 2,SC Rhétais,Mateo TARANTINO,N/A,https://rugbyamateur.fr/joueur/mateo-tarantino/
Régionale 2,SC Rhétais,Milan BARNY,Demi d&#039;ouverture,https://rugbyamateur.fr/joueur/milan-barny/
Régionale 2,SC Rhétais,Dorian BLONS MOREIRA,N/A,https://rugbyamateur.fr/joueur/dorian-blons-moreira/
Régionale 2,SC Rhétais,Max BODINET CUBAUD,Deuxième ligne,https://rugbyamateur.fr/joueur/max-bodinet-cubaud/
Régionale 2,SC Rhétais,Lucas BOULIN,Deuxième ligne,https://rugbyamateur.fr/joueur/lucas-boulin/
Régionale 2,SC Rhétais,Mathys BUDAIL,N/A,N/A
Régionale 2,SC Rhétais,Baptiste ARNAUD,Ailier,https://rugbyamateur.fr/joueur/baptiste-arnaud/
Régionale 2,SC Rhétais,Enzo BARTHES,Centre,https://rugbyamateur.fr/joueur/enzo-barthes/
Régionale 2,SC Rhétais,Gabriel BEN MILOUD,Pilier,https://rugbyamateur.fr/joueur/gabriel-ben-miloud/
Régionale 2,SC Rhétais,Lucas BERNA,N/A,https://rugbyamateur.fr/joueur/lucas-berna/
Régionale 2,SC Rhétais,Tristan DEBATY,Deuxième ligne,https://rugbyamateur.fr/joueur/tristan-debaty/
Régionale 2,SC Rhétais,Samuel DEJONGHE,Deuxième ligne,https://rugbyamateur.fr/joueur/samuel-dejonghe/
Régionale 2,SC Rhétais,Tom DEPRAETERE,Pilier,https://rugbyamateur.fr/joueur/tom-depraetere/
Régionale 2,SC Rhétais,Aubin DESIRE,Centre,https://rugbyamateur.fr/joueur/aubin-desire/
Régionale 2,SC Rhétais,Clement FAIPEUR,Deuxième ligne,N/A
Régionale 2,Dampniat,Antoine ALLERT,Troisième ligne,N/A
Régionale 2,Dampniat,Florian BARBIE,Troisième ligne,N/A
Régionale 2,Dampniat,Zyiad BSISS COUSTAROUX,Troisième ligne,https://rugbyamateur.fr/joueur/zyiad-bsiss-coustaroux/
Régionale 2,Dampniat,Antoine CHAIGNE,N/A,https://rugbyamateur.fr/joueur/antoine-chaigne/
Régionale 2,Dampniat,Sami CHETTABI,Troisième ligne,https://rugbyamateur.fr/joueur/sami-chettabi/
Régionale 2,Dampniat,Arthur DANDALEIX,Demi de mêlée,https://rugbyamateur.fr/joueur/arthur-dandaleix/
Régionale 2,Dampniat,Enzo DESSEMOND,Deuxième ligne,https://rugbyamateur.fr/joueur/enzo-dessemond/
Régionale 2,Dampniat,Aubin FONFREYDE,Demi d&#039;ouverture,https://rugbyamateur.fr/joueur/aubin-fonfreyde/
Régionale 2,Dampniat,Mathis FRANCOIS,Deuxième ligne,https://rugbyamateur.fr/joueur/mathis-francois/
Régionale 2,Dampniat,Julian GODINHO,Pilier,https://rugbyamateur.fr/joueur/julian-godinho/
Régionale 2,Dampniat,Paco LABROUSSE,Troisième ligne,https://rugbyamateur.fr/joueur/paco-labrousse/
Régionale 2,Dampniat,Yoan LAFONT,Ailier,https://rugbyamateur.fr/joueur/yoan-lafont/
Régionale 2,Dampniat,Axel LAMOTHE,Centre,https://rugbyamateur.fr/joueur/axel-lamothe/
Régionale 2,Dampniat,Nathan LATOUR,Troisième ligne,https://rugbyamateur.fr/joueur/nathan-latour/
Régionale 2,Dampniat,Adrien MALOYER,Arrière,https://rugbyamateur.fr/joueur/adrien-maloyer/
Régionale 2,Dampniat,Aaron MASSIAS,Arrière,https://rugbyamateur.fr/joueur/aaron-massias/
Régionale 2,Dampniat,Noah MERIGOUX,Deuxième ligne,https://rugbyamateur.fr/joueur/noah-merigoux/
Régionale 2,Dampniat,Marius MONSEGU,N/A,N/A
Régionale 2,Dampniat,Clarence AGNES,Centre,N/A
Régionale 2,Thann,Arthur ARQUIN,Centre,https://rugbyamateur.fr/joueur/arthur-arquin/
Régionale 2,Thann,Tyron AVANZATO,Ailier,N/A
Régionale 2,Thann,Yohan ANTOINE,Pilier,https://rugbyamateur.fr/joueur/yohan-antoine/
Régionale 2,Thann,Ethan BLANS,Arrière,https://rugbyamateur.fr/joueur/ethan-blans/
Régionale 2,Thann,Alain BOTEKO,Troisième ligne,https://rugbyamateur.fr/joueur/alain-boteko/
Régionale 2,Thann,Vincent CHARPENTIER,Deuxième ligne,https://rugbyamateur.fr/joueur/vincent-charpentier/
Régionale 2,Thann,Axel CHUREAU,Demi de mêlée,https://rugbyamateur.fr/joueur/axel-chureau/
Régionale 2,Thann,Quentin CLEMENT,Deuxième ligne,https://rugbyamateur.fr/joueur/quentin-clement/
Régionale 2,Thann,Maxime GAMBA,Centre,https://rugbyamateur.fr/joueur/maxime-gamba/
Régionale 2,Thann,Paul GATINEL,Centre,https://rugbyamateur.fr/joueur/paul-gatinel/
Régionale 2,Thann,Fabien GODDARD,Troisième ligne,https://rugbyamateur.fr/joueur/fabien-goddard/
Régionale 2,Thann,Alexandre HARTEMANN,Pilier,https://rugbyamateur.fr/joueur/alexandre-hartemann/
Régionale 2,Thann,Clement HILDENBRAND,Troisième ligne,https://rugbyamateur.fr/joueur/clement-hildenbrand/
Régionale 2,Thann,Patrick LANG,Centre,https://rugbyamateur.fr/joueur/patrick-lang/
Régionale 2,Thann,Thomas LEIGNEL,Ailier,https://rugbyamateur.fr/joueur/thomas-leignel/
Régionale 2,Thann,Miliano MAFUTUNA,Centre,https://rugbyamateur.fr/joueur/miliano-mafutuna/
Régionale 2,Thann,Mathieu PFAUWADEL,Talonneur,https://rugbyamateur.fr/joueur/mathieu-pfauwadel/
Régionale 2,Thann,Viriotua PITO,Pilier,https://rugbyamateur.fr/joueur/viriotua-pito/
Régionale 2,Thann,Esteban POMMIER,Ailier,https://rugbyamateur.fr/joueur/esteban-pommier/
Régionale 2,Thann,Nicolas PONTE,Ailier,https://rugbyamateur.fr/joueur/nicolas-ponte/
Régionale 2,Thann,Theo RAVAGLI,Troisième ligne,https://rugbyamateur.fr/joueur/theo-ravagli/
Régionale 2,Thann,Alexis RIEDLE,Ailier,https://rugbyamateur.fr/joueur/alexis-riedle/
Régionale 2,Thann,Victor Horace SAMARAN,Demi d&#039;ouverture,https://rugbyamateur.fr/joueur/victor-horace-samaran/
Régionale 2,Thann,Noe SCHWENDENMANN,Deuxième ligne,https://rugbyamateur.fr/joueur/noe-schwendenmann/
Régionale 2,Thann,Loic SENGLER,Arrière,https://rugbyamateur.fr/joueur/loic-sengler/
Régionale 2,Thann,Robin TSCHAEN,Talonneur,https://rugbyamateur.fr/joueur/robin-tschaen/
Régionale 2,Thann,Bilal ALKHALFI,N/A,https://rugbyamateur.fr/joueur/bilal-alkhalfi/
Régionale 2,Thann,Maxence ANCORA LABBE,Centre,https://rugbyamateur.fr/joueur/maxence-ancora-labbe/
Régionale 2,Thann,Simon ARNOLD,Pilier,https://rugbyamateur.fr/joueur/simon-arnold/
Régionale 2,Thann,Nolan BLANS,Troisième ligne,https://rugbyamateur.fr/joueur/nolan-blans/
Régionale 2,Thann,Antoine BONDON,Troisième ligne,https://rugbyamateur.fr/joueur/antoine-bondon/
Régionale 2,Thann,Benoit CUQ,Talonneur,https://rugbyamateur.fr/joueur/benoit-cuq/
Régionale 2,Thann,Leopold FINIELZ,N/A,https://rugbyamateur.fr/joueur/leopold-finielz/
Régionale 2,Thann,Fabien GODDARD,Troisième ligne,https://rugbyamateur.fr/joueur/fabien-goddard/
Régionale 2,Thann,Gregory GOETSCHY,Troisième ligne,https://rugbyamateur.fr/joueur/gregory-goetschy/
Régionale 2,Thann,Noe GUILAVOGUI,N/A,https://rugbyamateur.fr/joueur/noe-guilavogui/
Régionale 2,Thann,Zachary MIQUEL,Centre,https://rugbyamateur.fr/joueur/zachary-miquel/
Régionale 2,Thann,Benjamin PASCOLO,Arrière,https://rugbyamateur.fr/joueur/benjamin-pascolo/
Régionale 2,Thann,Noa RABANEL,Demi de mêlée,https://rugbyamateur.fr/joueur/noa-rabanel/
Régionale 2,Thann,Bren ROORDING,Ailier,https://rugbyamateur.fr/joueur/bren-roording/
Régionale 2,Thann,Axel ROSENKRANZ,Talonneur,https://rugbyamateur.fr/joueur/axel-rosenkranz/
Régionale 2,Thann,Aurelien SARTORI,Demi de mêlée,N/A
Régionale 2,Thann,Matteo ANTOINE,Troisième ligne,https://rugbyamateur.fr/joueur/matteo-antoine/
Régionale 2,Thann,Nolan BAUDRY,Deuxième ligne,https://rugbyamateur.fr/joueur/nolan-baudry/
Régionale 2,Thann,Gregoire Ahmed Remi Jean BOUCHEZ,Demi d&#039;ouverture,https://rugbyamateur.fr/joueur/gregoire-ahmed-remi-jean-bouchez/
Régionale 2,Thann,Romain CLERGET,Deuxième ligne,https://rugbyamateur.fr/joueur/romain-clerget/
Régionale 2,Thann,Ben Michael EPOH,Pilier,https://rugbyamateur.fr/joueur/ben-michael-epoh/
Régionale 2,Thann,Maxime FEDORCZAK,N/A,https://rugbyamateur.fr/joueur/maxime-fedorczak/
Régionale 2,Thann,Loic FONTANA,Ailier,https://rugbyamateur.fr/joueur/loic-fontana/
Régionale 2,Thann,Baptiste FOURNIER,Deuxième ligne,https://rugbyamateur.fr/joueur/baptiste-fournier/
Régionale 2,Thann,Aaron FRISINA,Pilier,https://rugbyamateur.fr/joueur/aaron-frisina/
Régionale 2,Thann,Gabin GEHRA,Demi de mêlée,https://rugbyamateur.fr/joueur/gabin-gehra/
Régionale 2,Thann,Leny GIETHLEN,Centre,https://rugbyamateur.fr/joueur/leny-giethlen/
Régionale 2,Thann,Zacharie GRUNENWALD,Demi d&#039;ouverture,https://rugbyamateur.fr/joueur/zacharie-grunenwald/
Régionale 2,Thann,Mael HILPIPRE,N/A,https://rugbyamateur.fr/joueur/mael-hilpipre/
Régionale 2,Thann,Yanis JUNG,Troisième ligne,https://rugbyamateur.fr/joueur/yanis-jung/
Régionale 2,Thann,Lucas KRETZ,N/A,https://rugbyamateur.fr/joueur/lucas-kretz/
Régionale 2,Thann,Elyo LANG,Arrière,https://rugbyamateur.fr/joueur/elyo-lang/
Régionale 2,Thann,Nathelyo LECOUSTRE,Ailier,https://rugbyamateur.fr/joueur/nathelyo-lecoustre/
Régionale 2,Thann,Marcelino MAKA,Pilier,https://rugbyamateur.fr/joueur/marcelino-maka/
Régionale 2,Thann,Senzo NOTTER,N/A,https://rugbyamateur.fr/joueur/senzo-notter/
Régionale 2,Thann,Romain RUTHMANN,Pilier,https://rugbyamateur.fr/joueur/romain-ruthmann/
Régionale 2,Thann,Axel SCHMITT,N/A,https://rugbyamateur.fr/joueur/axel-schmitt/
Régionale 2,Thann,Hugo SCHMITT,N/A,https://rugbyamateur.fr/joueur/hugo-schmitt/
Régionale 2,Thann,Albion SHALA,Deuxième ligne,https://rugbyamateur.fr/joueur/albion-shala/
Régionale 2,Thann,Rafael TERRANEGRA,Demi de mêlée,https://rugbyamateur.fr/joueur/rafael-terranegra/
Régionale 2,Thann,Sami TOUZENE,Talonneur,https://rugbyamateur.fr/joueur/sami-touzene/
Régionale 2,Thann,Hadrien VIGNE,Centre,https://rugbyamateur.fr/joueur/hadrien-vigne/
Régionale 2,Thann,Leon WEISSENBERGER ABOULKER,Ailier,https://rugbyamateur.fr/joueur/leon-weissenberger-aboulker/
Régionale 2,Thann,Loan WITTIG,Troisième ligne,https://rugbyamateur.fr/joueur/loan-wittig/
Régionale 2,Montaigut Besse,Maxime AUBERTY,Deuxième ligne,https://rugbyamateur.fr/joueur/maxime-auberty/
Régionale 2,Montaigut Besse,Quentin AUBEUF,Deuxième ligne,https://rugbyamateur.fr/joueur/quentin-aubeuf/
Régionale 2,Montaigut Besse,Baptiste AUREYRE,Arrière,N/A
Régionale 2,La Têt,Noa AGUDELO,N/A,N/A
Régionale 2,La Têt,Maxime AGUDELO FLORIDO,Centre,N/A
Régionale 2,La Têt,Antoine AMOUROUX,Centre,N/A
Régionale 2,M Montargis,Killian BACHY BLANQUART,Deuxième ligne,https://rugbyamateur.fr/joueur/killian-bachy-blanquart/
Régionale 2,M Montargis,Joann BISSONNET,Arrière,https://rugbyamateur.fr/joueur/joann-bissonnet/
Régionale 2,M Montargis,Damien BLANDIN,Ailier,https://rugbyamateur.fr/joueur/damien-blandin/
Régionale 2,M Montargis,Gabriel BLANLOEIL,Talonneur,https://rugbyamateur.fr/joueur/gabriel-blanloeil/
Régionale 2,M Montargis,Bertrand BOURDARIAT,Troisième ligne,https://rugbyamateur.fr/joueur/bertrand-bourdariat/
Régionale 2,M Montargis,Wilfried BOUREAU,N/A,N/A
Régionale 2,M Montargis,Geraud BEAUCAMP,Deuxième ligne,https://rugbyamateur.fr/joueur/geraud-beaucamp/
Régionale 2,M Montargis,Zaho BOYER,N/A,N/A
Régionale 2,M Montargis,Nateo FABRO,Centre,https://rugbyamateur.fr/joueur/nateo-fabro/
Régionale 2,M Montargis,Jonah RENARD,Pilier,https://rugbyamateur.fr/joueur/jonah-renard/
Régionale 2,M Montargis,Camille BONNEFIS,Pilier,https://rugbyamateur.fr/joueur/camille-bonnefis/
Régionale 2,M Montargis,Tymeo BRECHE,Demi d&#039;ouverture,https://rugbyamateur.fr/joueur/tymeo-breche/
Régionale 2,M Montargis,Axel BUCHERON,Centre,https://rugbyamateur.fr/joueur/axel-bucheron/
Régionale 2,M Montargis,Felix DANGER,Demi de mêlée,https://rugbyamateur.fr/joueur/felix-danger/
Régionale 2,M Montargis,Rafael DUBOIS,Talonneur,https://rugbyamateur.fr/joueur/rafael-dubois/
Régionale 2,M Montargis,Nateo FABRO,Centre,https://rugbyamateur.fr/joueur/nateo-fabro/
Régionale 2,M Montargis,Noa GARCIA,Centre,https://rugbyamateur.fr/joueur/noa-garcia/
Régionale 2,M Montargis,Owen GILLET,Pilier,https://rugbyamateur.fr/joueur/owen-gillet/
Régionale 2,M Montargis,Mathys GOFFART,Pilier,https://rugbyamateur.fr/joueur/mathys-goffart/
Régionale 2,M Montargis,Mathis HENAULT,Deuxième ligne,https://rugbyamateur.fr/joueur/mathis-henault/
Régionale 2,M Montargis,Alban LAFILLE,Centre,https://rugbyamateur.fr/joueur/alban-lafille/
Régionale 2,M Montargis,Hercule LONTCHEDJI,Talonneur,https://rugbyamateur.fr/joueur/hercule-lontchedji/
Régionale 2,M Montargis,Melvin PERRIGAUD,Troisième ligne,N/A
Régionale 2,La Ravoire,Frank ANTONAKIOS,Deuxième ligne,N/A
Régionale 2,La Ravoire,Lola ALCIATO,Demi d&#039;ouverture,https://rugbyamateur.fr/joueur/lola-alciato/
Régionale 2,La Ravoire,Marie ANCIAN,Deuxième ligne,https://rugbyamateur.fr/joueur/marie-ancian/
Régionale 2,La Ravoire,Emily BALE,Demi d&#039;ouverture,https://rugbyamateur.fr/joueur/emily-bale/
Régionale 2,La Ravoire,Anais BASIN,N/A,https://rugbyamateur.fr/joueur/anais-basin/
Régionale 2,La Ravoire,Elsa BATTARD,Deuxième ligne,https://rugbyamateur.fr/joueur/elsa-battard/
Régionale 2,La Ravoire,Alicya BELIN,Ailier,https://rugbyamateur.fr/joueur/alicya-belin/
Régionale 2,La Ravoire,Alix BERGEAUD,N/A,N/A
Régionale 2,RUGBY OUEST,Samuel ADAM,Ailier,https://rugbyamateur.fr/joueur/samuel-adam/
Régionale 2,RUGBY OUEST,Axel ALATERRE,Arrière,https://rugbyamateur.fr/joueur/axel-alaterre/
Régionale 2,RUGBY OUEST,Harlan AUBERT,Ailier,https://rugbyamateur.fr/joueur/harlan-aubert/
Régionale 2,RUGBY OUEST,Florian BATAILLE,Troisième ligne,https://rugbyamateur.fr/joueur/florian-bataille/
Régionale 2,RUGBY OUEST,Clement BOURGEOIS,Deuxième ligne,https://rugbyamateur.fr/joueur/clement-bourgeois/
Régionale 2,RUGBY OUEST,Vincent BOURGEOIS,Demi d&#039;ouverture,https://rugbyamateur.fr/joueur/vincent-bourgeois/
Régionale 2,RUGBY OUEST,Maxime BOURGET,Demi d&#039;ouverture,https://rugbyamateur.fr/joueur/maxime-bourget/
Régionale 2,RUGBY OUEST,Paul BOURGET,Troisième ligne,https://rugbyamateur.fr/joueur/paul-bourget/
Régionale 2,RUGBY OUEST,Pierre BRANTHONNE,Deuxième ligne,https://rugbyamateur.fr/joueur/pierre-branthonne/
Régionale 2,RUGBY OUEST,Jean Baptiste BRISSET,Demi de mêlée,N/A
Régionale 2,La Couronne,Baptiste ALLARD,Demi de mêlée,https://rugbyamateur.fr/joueur/baptiste-allard/
Régionale 2,La Couronne,Jules BAQUEY,Ailier,https://rugbyamateur.fr/joueur/jules-baquey/
Régionale 2,La Couronne,Lucas BERNARD,Troisième ligne,https://rugbyamateur.fr/joueur/lucas-bernard/
Régionale 2,La Couronne,Yan BRUGIER,Pilier,https://rugbyamateur.fr/joueur/yan-brugier/
Régionale 2,La Couronne,Arthur CONTAMINE,Centre,https://rugbyamateur.fr/joueur/arthur-contamine/
Régionale 2,La Couronne,Maxence CRINE,Talonneur,https://rugbyamateur.fr/joueur/maxence-crine/
Régionale 2,La Couronne,Milano DO CIMA,Ailier,https://rugbyamateur.fr/joueur/milano-do-cima/
Régionale 2,La Couronne,Antoine DUMORTIER,N/A,N/A
Régionale 2,La Couronne,Bryan AHAMADA,Arrière,N/A
Régionale 2,La Couronne,Keoule BAL,Pilier,N/A
Régionale 2,La Couronne,Imran BENNOUAR,Arrière,https://rugbyamateur.fr/joueur/imran-bennouar/
Régionale 2,La Couronne,Charlie BERNARD,N/A,N/A
Régionale 2,La Couronne,Kassy AMOU,Deuxième ligne,https://rugbyamateur.fr/joueur/kassy-amou/
Régionale 2,La Couronne,Naoumi ASSANI,Ailier,https://rugbyamateur.fr/joueur/naoumi-assani/
Régionale 2,La Couronne,Noelie BANACH,Demi de mêlée,https://rugbyamateur.fr/joueur/noelie-banach/
Régionale 2,La Couronne,Clara BASTIER,Demi d&#039;ouverture,https://rugbyamateur.fr/joueur/clara-bastier/
Régionale 2,La Couronne,Julie BOINOT,Deuxième ligne,https://rugbyamateur.fr/joueur/julie-boinot/
Régionale 2,La Couronne,Colette CHAPERON DUROUEIX,Pilier,https://rugbyamateur.fr/joueur/colette-chaperon-duroueix/
Régionale 2,La Couronne,Faustine CHEMINADE,Deuxième ligne,https://rugbyamateur.fr/joueur/faustine-cheminade/
Régionale 2,La Couronne,Mathilde CORBIERE,Talonneur,https://rugbyamateur.fr/joueur/mathilde-corbiere/
Régionale 2,La Couronne,Loane DAUMAS,N/A,N/A
Régionale 2,Chameyrat,Aurelien AUBERTY,Talonneur,https://rugbyamateur.fr/joueur/aurelien-auberty/
Régionale 2,Chameyrat,Sylvain BARDOT,Troisième ligne,https://rugbyamateur.fr/joueur/sylvain-bardot/
Régionale 2,Chameyrat,Antoine BEDRUNES,Deuxième ligne,https://rugbyamateur.fr/joueur/antoine-bedrunes/
Régionale 2,Chameyrat,Thomas BEYSSAC,Pilier,https://rugbyamateur.fr/joueur/thomas-beyssac/
Régionale 2,Chameyrat,Enzo BIGLIARDI,Deuxième ligne,https://rugbyamateur.fr/joueur/enzo-bigliardi/
Régionale 2,Chameyrat,Gabriel BONY,Centre,https://rugbyamateur.fr/joueur/gabriel-bony/
Régionale 2,Chameyrat,Sebastien BOUCHETEIL,N/A,https://rugbyamateur.fr/joueur/sebastien-boucheteil/
Régionale 2,Chameyrat,Clement BOUILHAC,N/A,https://rugbyamateur.fr/joueur/clement-bouilhac/
Régionale 2,Chameyrat,Jean Jacques CACADOR,Ailier,https://rugbyamateur.fr/joueur/jean-jacques-cacador/
Régionale 2,Chameyrat,Benjamin CAYROU,Demi de mêlée,https://rugbyamateur.fr/joueur/benjamin-cayrou/
Régionale 2,Chameyrat,Berenger CHENE,Troisième ligne,https://rugbyamateur.fr/joueur/berenger-chene/
Régionale 2,Chameyrat,Lucas COURTEAUD,Demi de mêlée,https://rugbyamateur.fr/joueur/lucas-courteaud/
Régionale 2,Chameyrat,Louis DEBRET,N/A,https://rugbyamateur.fr/joueur/louis-debret/
Régionale 2,Chameyrat,Nathan LACROIX,Demi de mêlée,https://rugbyamateur.fr/joueur/nathan-lacroix/
Régionale 2,Chameyrat,Luis MACEDO CHAZAL,Talonneur,https://rugbyamateur.fr/joueur/luis-macedo-chazal/
Régionale 2,Chameyrat,Christophe MAURY,Pilier,https://rugbyamateur.fr/joueur/christophe-maury/
Régionale 2,Chameyrat,Louis NEUVILLE,Pilier,https://rugbyamateur.fr/joueur/louis-neuville/
Régionale 2,Chameyrat,Ivan RHETAT,Centre,https://rugbyamateur.fr/joueur/ivan-rhetat/
Régionale 2,Chameyrat,Benoit ROUGIER,Pilier,https://rugbyamateur.fr/joueur/benoit-rougier/
Régionale 2,Chameyrat,Mickael SOURIE,Demi d&#039;ouverture,https://rugbyamateur.fr/joueur/mickael-sourie/
Régionale 2,Chameyrat,Fabien TARBES,Troisième ligne,https://rugbyamateur.fr/joueur/fabien-tarbes/
Régionale 2,Chameyrat,Anthony TEIXEIRA,Ailier,https://rugbyamateur.fr/joueur/anthony-teixeira/
Régionale 2,Chameyrat,Paul BERARD,Troisième ligne,https://rugbyamateur.fr/joueur/paul-berard/
Régionale 2,Chameyrat,Mathis BROS,Ailier,N/A
Régionale 2,Chameyrat,Giovanni ANGEI,Centre,https://rugbyamateur.fr/joueur/giovanni-angei/
Régionale 2,Chameyrat,Maxence ASSELIN,Ailier,https://rugbyamateur.fr/joueur/maxence-asselin/
Régionale 2,Chameyrat,Maxime BENOIST,Demi de mêlée,https://rugbyamateur.fr/joueur/maxime-benoist/
Régionale 2,Chameyrat,Baptiste BLANCHARD,Ailier,https://rugbyamateur.fr/joueur/baptiste-blanchard/
Régionale 2,Chameyrat,Arthur BRAIRE,Deuxième ligne,https://rugbyamateur.fr/joueur/arthur-braire/
Régionale 2,Chameyrat,Mahe BRODU,Talonneur,https://rugbyamateur.fr/joueur/mahe-brodu/
Régionale 2,Chameyrat,Jules CARLAT,N/A,https://rugbyamateur.fr/joueur/jules-carlat/
Régionale 2,Chameyrat,Louis DA COSTA,Talonneur,https://rugbyamateur.fr/joueur/louis-da-costa/
Régionale 2,Chameyrat,Valentin DUMON,Ailier,https://rugbyamateur.fr/joueur/valentin-dumon/
Régionale 2,Chameyrat,Erwan FAGANAS,Troisième ligne,https://rugbyamateur.fr/joueur/erwan-faganas/
Régionale 2,Chameyrat,Malcom FERRER,Troisième ligne,https://rugbyamateur.fr/joueur/malcom-ferrer/
Régionale 2,Chameyrat,Victor FRESNEAU,Centre,https://rugbyamateur.fr/joueur/victor-fresneau/
Régionale 2,Chameyrat,Louis GAMBARINI,Troisième ligne,https://rugbyamateur.fr/joueur/louis-gambarini/
Régionale 2,Chameyrat,Pierre GRENIER,Troisième ligne,https://rugbyamateur.fr/joueur/pierre-grenier/
Régionale 2,Chameyrat,Martin JERRETIE,Demi de mêlée,https://rugbyamateur.fr/joueur/martin-jerretie/
Régionale 2,Chameyrat,Baptiste JOUIN,Ailier,https://rugbyamateur.fr/joueur/baptiste-jouin/
Régionale 2,Chameyrat,Ely LACROIX,Deuxième ligne,https://rugbyamateur.fr/joueur/ely-lacroix/
Régionale 2,Chameyrat,Kenjy LAFLEUR,Pilier,https://rugbyamateur.fr/joueur/kenjy-lafleur/
Régionale 2,Chameyrat,Nolan LAFONT BERTIN,Deuxième ligne,https://rugbyamateur.fr/joueur/nolan-lafont-bertin/
Régionale 2,Chameyrat,Louka LASSAGNE,Pilier,https://rugbyamateur.fr/joueur/louka-lassagne/
Régionale 2,Chameyrat,Raphael LAURIERE,N/A,https://rugbyamateur.fr/joueur/raphael-lauriere/
Régionale 2,Chameyrat,Solan LOUEILH,Pilier,https://rugbyamateur.fr/joueur/solan-loueilh/
Régionale 2,Chameyrat,Arthur LUCAS,Deuxième ligne,https://rugbyamateur.fr/joueur/arthur-lucas/
Régionale 2,Chameyrat,Evan MENARD,Centre,https://rugbyamateur.fr/joueur/evan-menard/
Régionale 2,Chameyrat,Manoa MERLEAU,Pilier,https://rugbyamateur.fr/joueur/manoa-merleau/
Régionale 2,Chameyrat,Albin MORNET,Demi d&#039;ouverture,https://rugbyamateur.fr/joueur/albin-mornet/
Régionale 2,Chameyrat,Maxime NICOLAS,Pilier,https://rugbyamateur.fr/joueur/maxime-nicolas/
Régionale 2,Chameyrat,Pierre PAINTURAUD,Ailier,https://rugbyamateur.fr/joueur/pierre-painturaud/
Régionale 2,Chameyrat,Baptiste PAJON,Demi de mêlée,https://rugbyamateur.fr/joueur/baptiste-pajon/
Régionale 2,Chameyrat,Hugo PERE,N/A,https://rugbyamateur.fr/joueur/hugo-pere/
Régionale 2,Chameyrat,Remi PLAZANET,Centre,https://rugbyamateur.fr/joueur/remi-plazanet/
Régionale 2,Chameyrat,Maxence POUGET,Arrière,https://rugbyamateur.fr/joueur/maxence-pouget/
Régionale 2,Chameyrat,Gabin QUEYRIE,Troisième ligne,https://rugbyamateur.fr/joueur/gabin-queyrie/
Régionale 2,Chameyrat,Paul SENIA,Demi d&#039;ouverture,https://rugbyamateur.fr/joueur/paul-senia/
Régionale 2,Chameyrat,Gabin SERVAT,Demi d&#039;ouverture,https://rugbyamateur.fr/joueur/gabin-servat/
Régionale 2,Chameyrat,Enzo TEXIER,Deuxième ligne,https://rugbyamateur.fr/joueur/enzo-texier/
Régionale 2,Chameyrat,Gabin TOURNOIS,Troisième ligne,https://rugbyamateur.fr/joueur/gabin-tournois/
Régionale 2,Chameyrat,Thibault ULMET,Pilier,https://rugbyamateur.fr/joueur/thibault-ulmet/
Régionale 2,Chameyrat,Noa VABRE,Centre,https://rugbyamateur.fr/joueur/noa-vabre/
Régionale 2,Chameyrat,Enzo VALERY,N/A,N/A
Régionale 3,Saint-Maixent-l&#039;Ecole,Yann AUDEBERT,N/A,https://rugbyamateur.fr/joueur/yann-audebert/
Régionale 3,Saint-Maixent-l&#039;Ecole,Thomas BALLANGER,Troisième ligne,https://rugbyamateur.fr/joueur/thomas-ballanger/
Régionale 3,Saint-Maixent-l&#039;Ecole,Jeremy BELEAU,Pilier,https://rugbyamateur.fr/joueur/jeremy-beleau/
Régionale 3,Saint-Maixent-l&#039;Ecole,Karl BENOIT,Demi de mêlée,N/A
Régionale 3,Saint-Maixent-l&#039;Ecole,Gabriel AJGNER,Deuxième ligne,https://rugbyamateur.fr/joueur/gabriel-ajgner/
Régionale 3,Saint-Maixent-l&#039;Ecole,Diego Mathis AUBOUIN CHIGUA ROCABADO,Deuxième ligne,https://rugbyamateur.fr/joueur/diego-mathis-aubouin-chigua-rocabado/
Régionale 3,Saint-Maixent-l&#039;Ecole,Leandre BARBIER,Demi d&#039;ouverture,https://rugbyamateur.fr/joueur/leandre-barbier/
Régionale 3,Saint-Maixent-l&#039;Ecole,Noan BOURDIER,Deuxième ligne,https://rugbyamateur.fr/joueur/noan-bourdier/
Régionale 3,Saint-Maixent-l&#039;Ecole,Yohan CHAIGNEAU,Centre,https://rugbyamateur.fr/joueur/yohan-chaigneau/
Régionale 3,Saint-Maixent-l&#039;Ecole,Evan CHRETIEN,Demi de mêlée,https://rugbyamateur.fr/joueur/evan-chretien/
Régionale 3,Saint-Maixent-l&#039;Ecole,Constant COLLON,Pilier,https://rugbyamateur.fr/joueur/constant-collon/
Régionale 3,Saint-Maixent-l&#039;Ecole,Arno DAVID,Talonneur,https://rugbyamateur.fr/joueur/arno-david/
Régionale 3,Saint-Maixent-l&#039;Ecole,Leo FURTER,N/A,https://rugbyamateur.fr/joueur/leo-furter/
Régionale 3,Saint-Maixent-l&#039;Ecole,Elliott GRUDA HENDZEL,Ailier,https://rugbyamateur.fr/joueur/elliott-gruda-hendzel/
Régionale 3,Saint-Maixent-l&#039;Ecole,Lucas HERAULT,Ailier,https://rugbyamateur.fr/joueur/lucas-herault/
Régionale 3,Saint-Maixent-l&#039;Ecole,Timothe LABOURET,Pilier,https://rugbyamateur.fr/joueur/timothe-labouret/
Régionale 3,Saint-Maixent-l&#039;Ecole,Maxime LICETTE,Troisième ligne,https://rugbyamateur.fr/joueur/maxime-licette/
Régionale 3,Saint-Maixent-l&#039;Ecole,Mathis METOIS,N/A,https://rugbyamateur.fr/joueur/mathis-metois/
Régionale 3,Saint-Maixent-l&#039;Ecole,Luka SEMUR,Ailier,https://rugbyamateur.fr/joueur/luka-semur/
Régionale 3,Saint-Maixent-l&#039;Ecole,Ethan SUIRE,N/A,https://rugbyamateur.fr/joueur/ethan-suire/
Régionale 3,Saint-Maixent-l&#039;Ecole,Nathan WARNET,Deuxième ligne,N/A
Régionale 3,Saint-Maixent-l&#039;Ecole,Thibaud DROSSARD,Troisième ligne,https://rugbyamateur.fr/joueur/thibaud-drossard/
Régionale 3,Tauch Corbières XV,Dylan ANDRE,N/A,https://rugbyamateur.fr/joueur/dylan-andre/
Régionale 3,Tauch Corbières XV,Leo BAIXAS,Deuxième ligne,https://rugbyamateur.fr/joueur/leo-baixas/
Régionale 3,Tauch Corbières XV,Samuel BERTHIER,Demi d&#039;ouverture,https://rugbyamateur.fr/joueur/samuel-berthier/
Régionale 3,Tauch Corbières XV,Dimitri CAENEN,Demi de mêlée,https://rugbyamateur.fr/joueur/dimitri-caenen/
Régionale 3,Tauch Corbières XV,Mathias CASATO,N/A,https://rugbyamateur.fr/joueur/mathias-casato/
Régionale 3,Tauch Corbières XV,Julian CATANIA,Pilier,https://rugbyamateur.fr/joueur/julian-catania/
Régionale 3,Tauch Corbières XV,Florent CHAPPELLE,Pilier,https://rugbyamateur.fr/joueur/florent-chappelle/
Régionale 3,Tauch Corbières XV,Joel DORISSE,Talonneur,https://rugbyamateur.fr/joueur/joel-dorisse/
Régionale 3,Tauch Corbières XV,Pierre ESCLARMONDE COLOMER,Troisième ligne,https://rugbyamateur.fr/joueur/pierre-esclarmonde-colomer/
Régionale 3,Tauch Corbières XV,Marius FECI,N/A,https://rugbyamateur.fr/joueur/marius-feci/
Régionale 3,Tauch Corbières XV,Dorian FERAY,Demi d&#039;ouverture,https://rugbyamateur.fr/joueur/dorian-feray/
Régionale 3,Tauch Corbières XV,Gabriel GAGO,Pilier,https://rugbyamateur.fr/joueur/gabriel-gago/
Régionale 3,Tauch Corbières XV,Romain GARRIGUE,Talonneur,https://rugbyamateur.fr/joueur/romain-garrigue/
Régionale 3,Tauch Corbières XV,Lucas GRACIA,Arrière,https://rugbyamateur.fr/joueur/lucas-gracia/
Régionale 3,Tauch Corbières XV,Theo GRAULHET,Troisième ligne,https://rugbyamateur.fr/joueur/theo-graulhet/
Régionale 3,Tauch Corbières XV,Pierre KAUFFMANN,Centre,https://rugbyamateur.fr/joueur/pierre-kauffmann/
Régionale 3,Tauch Corbières XV,Paul Henri LOPEZ,Troisième ligne,https://rugbyamateur.fr/joueur/paul-henri-lopez/
Régionale 3,Tauch Corbières XV,Marc Antoine MAITRE,Deuxième ligne,https://rugbyamateur.fr/joueur/marc-antoine-maitre/
Régionale 3,Tauch Corbières XV,Alexis MOSTACCHI,Pilier,https://rugbyamateur.fr/joueur/alexis-mostacchi/
Régionale 3,Tauch Corbières XV,Simon PELISSIER,Demi d&#039;ouverture,https://rugbyamateur.fr/joueur/simon-pelissier/
Régionale 3,Tauch Corbières XV,Raphael PLA,Ailier,https://rugbyamateur.fr/joueur/raphael-pla/
Régionale 3,Tauch Corbières XV,Anthony PRANOVI,N/A,https://rugbyamateur.fr/joueur/anthony-pranovi/
Régionale 3,Tauch Corbières XV,Hector SARDINA PENA,Demi de mêlée,https://rugbyamateur.fr/joueur/hector-sardina-pena/
Régionale 3,Tauch Corbières XV,Mateo SIREROLS,N/A,https://rugbyamateur.fr/joueur/mateo-sirerols/
Régionale 3,Tauch Corbières XV,Clement TISSEYRE,Talonneur,https://rugbyamateur.fr/joueur/clement-tisseyre/
Régionale 3,Tauch Corbières XV,Nicolas TRICOIRE,N/A,https://rugbyamateur.fr/joueur/nicolas-tricoire/
Régionale 3,Tauch Corbières XV,Quentin VILLAVERDE,Centre,https://rugbyamateur.fr/joueur/quentin-villaverde/
Régionale 3,Tauch Corbières XV,Jocelyn WILD,Centre,https://rugbyamateur.fr/joueur/jocelyn-wild/
Régionale 3,Sare Izarra,Eneko AGUERRE,Talonneur,https://rugbyamateur.fr/joueur/eneko-aguerre/
Régionale 3,Sare Izarra,Xalbat AMORENA BEHOTEGUY,Troisième ligne,https://rugbyamateur.fr/joueur/xalbat-amorena-behoteguy/
Régionale 3,Sare Izarra,Enaut BERASATEGUY,Deuxième ligne,https://rugbyamateur.fr/joueur/enaut-berasateguy/
Régionale 3,Sare Izarra,Ekain BIBENS HARAMBOURE,Ailier,https://rugbyamateur.fr/joueur/ekain-bibens-haramboure/
Régionale 3,Sare Izarra,Theo BORTHAIRE CARRERA,Pilier,https://rugbyamateur.fr/joueur/theo-borthaire-carrera/
Régionale 3,Sare Izarra,Eloan CALVO MANZANO,Deuxième ligne,N/A
Régionale 3,Sare Izarra,Matthias Lucas AMIGORENA,Ailier,https://rugbyamateur.fr/joueur/matthias-lucas-amigorena/
Régionale 3,Sare Izarra,Enaitz BARRENECHE,Troisième ligne,https://rugbyamateur.fr/joueur/enaitz-barreneche/
Régionale 3,Sare Izarra,Nathan BARRENECHE,Ailier,N/A
Régionale 3,Pomarez Amou,Martin BARROUILLET,Pilier,https://rugbyamateur.fr/joueur/martin-barrouillet/
Régionale 3,Pomarez Amou,Matteo BEAUFILS,Ailier,N/A
Régionale 3,Pomarez Amou,Jules BONJOUR,Pilier,https://rugbyamateur.fr/joueur/jules-bonjour/
Régionale 3,Pomarez Amou,Leo BROCAS,Centre,https://rugbyamateur.fr/joueur/leo-brocas/
Régionale 3,Pomarez Amou,Valentin BRUNEAU,N/A,https://rugbyamateur.fr/joueur/valentin-bruneau/
Régionale 3,Pomarez Amou,Lucas CASTAIGNET,Pilier,https://rugbyamateur.fr/joueur/lucas-castaignet/
Régionale 3,Pomarez Amou,Sacha CASTAIGNET,Demi de mêlée,https://rugbyamateur.fr/joueur/sacha-castaignet/
Régionale 3,Pomarez Amou,Elorri COUSIN,Deuxième ligne,https://rugbyamateur.fr/joueur/elorri-cousin/
Régionale 3,Pomarez Amou,Raphael DABADIE,Ailier,https://rugbyamateur.fr/joueur/raphael-dabadie/
Régionale 3,Pomarez Amou,Diego DALLA TORRE,Demi de mêlée,https://rugbyamateur.fr/joueur/diego-dalla-torre/
Régionale 3,Pomarez Amou,Arthur DANGOUMAU LESPARRE,Centre,https://rugbyamateur.fr/joueur/arthur-dangoumau-lesparre/
Régionale 3,Pomarez Amou,Tom DESSARPS,Ailier,https://rugbyamateur.fr/joueur/tom-dessarps/
Régionale 3,Pomarez Amou,Mael DESTOUESSE,Ailier,https://rugbyamateur.fr/joueur/mael-destouesse/
Régionale 3,Pomarez Amou,Lucas DUBOIS,Deuxième ligne,https://rugbyamateur.fr/joueur/lucas-dubois/
Régionale 3,Pomarez Amou,Timeo DUCAMP,Troisième ligne,https://rugbyamateur.fr/joueur/timeo-ducamp/
Régionale 3,Pomarez Amou,Loucas DUCOM,Deuxième ligne,https://rugbyamateur.fr/joueur/loucas-ducom/
Régionale 3,Pomarez Amou,Tony FARIA,N/A,https://rugbyamateur.fr/joueur/tony-faria/
Régionale 3,Pomarez Amou,Loic HAMANI,N/A,https://rugbyamateur.fr/joueur/loic-hamani/
Régionale 3,Pomarez Amou,Jacques Edouard KELLY COMIN,Demi d&#039;ouverture,https://rugbyamateur.fr/joueur/jacques-edouard-kelly-comin/
Régionale 3,Pomarez Amou,Matias LAFONT RAPNOUIL,Ailier,https://rugbyamateur.fr/joueur/matias-lafont-rapnouil/
Régionale 3,Pomarez Amou,Max LAGROLET,Troisième ligne,https://rugbyamateur.fr/joueur/max-lagrolet/
Régionale 3,Pomarez Amou,Elouan LEPINAY,Troisième ligne,https://rugbyamateur.fr/joueur/elouan-lepinay/
Régionale 3,Pomarez Amou,Swann QUENNEDEY,Deuxième ligne,https://rugbyamateur.fr/joueur/swann-quennedey/
Régionale 3,Pomarez Amou,Mathys RICHARD,Pilier,N/A
Régionale 3,RUGBY VAL D,Jeremy ALBERTI,Pilier,https://rugbyamateur.fr/joueur/jeremy-alberti/
Régionale 3,RUGBY VAL D,Guillaume ARNOUD,Troisième ligne,https://rugbyamateur.fr/joueur/guillaume-arnoud/
Régionale 3,RUGBY VAL D,Mathieu BAILLOT,Talonneur,https://rugbyamateur.fr/joueur/mathieu-baillot/
Régionale 3,RUGBY VAL D,Arnaud BOUILLE,Deuxième ligne,https://rugbyamateur.fr/joueur/arnaud-bouille/
Régionale 3,RUGBY VAL D,Antony BOUS,Talonneur,https://rugbyamateur.fr/joueur/antony-bous/
Régionale 3,RUGBY VAL D,Sebastien BRUYERE,Deuxième ligne,https://rugbyamateur.fr/joueur/sebastien-bruyere/
Régionale 3,RUGBY VAL D,Jeremy CATTIER,Pilier,https://rugbyamateur.fr/joueur/jeremy-cattier/
Régionale 3,RUGBY VAL D,Corentin CLOAREC,Centre,https://rugbyamateur.fr/joueur/corentin-cloarec/
Régionale 3,RUGBY VAL D,Allan DE SOUSA,Ailier,https://rugbyamateur.fr/joueur/allan-de-sousa/
Régionale 3,RUGBY VAL D,Clement DUTHUILLE,Demi de mêlée,https://rugbyamateur.fr/joueur/clement-duthuille/
Régionale 3,RUGBY VAL D,Sebastien FAGES,Pilier,https://rugbyamateur.fr/joueur/sebastien-fages/
Régionale 3,RUGBY VAL D,Alexandre FERREIRA,Troisième ligne,https://rugbyamateur.fr/joueur/alexandre-ferreira/
Régionale 3,RUGBY VAL D,Valentin FRITZ,Talonneur,https://rugbyamateur.fr/joueur/valentin-fritz/
Régionale 3,RUGBY VAL D,Xavier HENAULT,Troisième ligne,https://rugbyamateur.fr/joueur/xavier-henault/
Régionale 3,RUGBY VAL D,Damien LALANDE,Troisième ligne,https://rugbyamateur.fr/joueur/damien-lalande/
Régionale 3,RUGBY VAL D,Adam Jean Antonio LAMEAU ELMERICH,Deuxième ligne,https://rugbyamateur.fr/joueur/adam-jean-antonio-lameau-elmerich/
Régionale 3,RUGBY VAL D,Arthur LE PINCART,Ailier,https://rugbyamateur.fr/joueur/arthur-le-pincart/
Régionale 3,RUGBY VAL D,Audran Arnaud LEJEUNE,Ailier,https://rugbyamateur.fr/joueur/audran-arnaud-lejeune/
Régionale 3,RUGBY VAL D,Gael MAURICE,N/A,https://rugbyamateur.fr/joueur/gael-maurice/
Régionale 3,RUGBY VAL D,Romuald Jean Francois Daniel MEDER,Troisième ligne,https://rugbyamateur.fr/joueur/romuald-jean-francois-daniel-meder/
Régionale 3,RUGBY VAL D,Adrien PULLES,Troisième ligne,https://rugbyamateur.fr/joueur/adrien-pulles/
Régionale 3,RUGBY VAL D,Antoine RAYNAL,Deuxième ligne,https://rugbyamateur.fr/joueur/antoine-raynal/
Régionale 3,RUGBY VAL D,Raphael RENAUD,Arrière,https://rugbyamateur.fr/joueur/raphael-renaud/
Régionale 3,RUGBY VAL D,Youness SALHI,N/A,https://rugbyamateur.fr/joueur/youness-salhi/
Régionale 3,RUGBY VAL D,Francis Gaetan SARDA,Demi d&#039;ouverture,https://rugbyamateur.fr/joueur/francis-gaetan-sarda/
Régionale 3,RUGBY VAL D,Bruno TAVARES DE ALMEIDA,Talonneur,https://rugbyamateur.fr/joueur/bruno-tavares-de-almeida/
Régionale 3,RUGBY VAL D,Victor VASSAS,Demi d&#039;ouverture,https://rugbyamateur.fr/joueur/victor-vassas/
Régionale 3,RUGBY VAL D,Theo VIEGAS,N/A,https://rugbyamateur.fr/joueur/theo-viegas/
Régionale 3,RUGBY VAL D,Maxime WARIN,Ailier,https://rugbyamateur.fr/joueur/maxime-warin/
Régionale 3,Sainte-Florine,Sacha ANDRE,Demi de mêlée,https://rugbyamateur.fr/joueur/sacha-andre/
Régionale 3,Sainte-Florine,Julien ANDRIEUX,N/A,N/A
Régionale 3,Sainte-Florine,Filipe DE ALMEIDA,Centre,N/A
Régionale 3,Antony,Eliott BARBEDETTE,Deuxième ligne,N/A
Régionale 3,Antony,Josi Babel Dieudonne Romaric BAMBI,N/A,N/A
Régionale 3,Antony,Zacharie Lionel Marc Gilles BEHAGHEL,Demi d&#039;ouverture,https://rugbyamateur.fr/joueur/zacharie-lionel-marc-gilles-behaghel/
Régionale 3,Antony,Charles	Antoine Andre BESANCENOT,Talonneur,https://rugbyamateur.fr/joueur/charles-antoine-andre-besancenot/
Régionale 3,Antony,Sasha CAFFIN,Ailier,https://rugbyamateur.fr/joueur/sasha-caffin/
Régionale 3,Antony,Charles Emmanuel Aurelien CATILLON,Troisième ligne,https://rugbyamateur.fr/joueur/charles-emmanuel-aurelien-catillon/
Régionale 3,Antony,Clement CHEVALET,N/A,https://rugbyamateur.fr/joueur/clement-chevalet/
Régionale 3,Antony,Alban CLOEREC,Deuxième ligne,https://rugbyamateur.fr/joueur/alban-cloerec/
Régionale 3,Antony,Mylann CORCELLE,Pilier,https://rugbyamateur.fr/joueur/mylann-corcelle/
Régionale 3,Antony,Olmo	Enea Balthazar COURTY DE TONI,Deuxième ligne,https://rugbyamateur.fr/joueur/olmo-enea-balthazar-courty-de-toni/
Régionale 3,Antony,Noe Marley DIARD,Demi de mêlée,https://rugbyamateur.fr/joueur/noe-marley-diard/
Régionale 3,Antony,Guillaume Joseph Bruno EON,N/A,https://rugbyamateur.fr/joueur/guillaume-joseph-bruno-eon/
Régionale 3,Antony,Ronan Jean Bernard FAU,Ailier,N/A
Régionale 3,Antony,Hugo Gerard Louis ANDARES SUBRENAT,Centre,https://rugbyamateur.fr/joueur/hugo-gerard-louis-andares-subrenat/
Régionale 3,Antony,Irakli ASHVETIA,N/A,https://rugbyamateur.fr/joueur/irakli-ashvetia/
Régionale 3,Antony,Anthony Daniel Ngono BERTRAND,Troisième ligne,https://rugbyamateur.fr/joueur/anthony-daniel-ngono-bertrand/
Régionale 3,Antony,Hywell BOURDAA,Troisième ligne,https://rugbyamateur.fr/joueur/hywell-bourdaa/
Régionale 3,Antony,Francois Marie David BOURGEOIS,Pilier,https://rugbyamateur.fr/joueur/francois-marie-david-bourgeois/
Régionale 3,Antony,Pierre CABEDOCHE,Demi de mêlée,https://rugbyamateur.fr/joueur/pierre-cabedoche/
Régionale 3,Antony,Loic Jean Yves CHAILLOU,Ailier,https://rugbyamateur.fr/joueur/loic-jean-yves-chaillou/
Régionale 3,Antony,Virgile Paul Alexandre COLLEAUX,Pilier,https://rugbyamateur.fr/joueur/virgile-paul-alexandre-colleaux/
Régionale 3,Antony,Thomas Pierre Gerard CORDIER,Deuxième ligne,https://rugbyamateur.fr/joueur/thomas-pierre-gerard-cordier/
Régionale 3,Antony,Younes DEHMOUNE,Deuxième ligne,https://rugbyamateur.fr/joueur/younes-dehmoune/
Régionale 3,Antony,Alois Remy Arnaldur DELPY,Troisième ligne,https://rugbyamateur.fr/joueur/alois-remy-arnaldur-delpy/
Régionale 3,Antony,Amadou DEME,Ailier,https://rugbyamateur.fr/joueur/amadou-deme/
Régionale 3,Antony,Malo Jessy DIARD,Centre,https://rugbyamateur.fr/joueur/malo-jessy-diard/
Régionale 3,Antony,Jules Olivier DIEBI BRUNET,Troisième ligne,https://rugbyamateur.fr/joueur/jules-olivier-diebi-brunet/
Régionale 3,Antony,Victor ESPERSE,Ailier,https://rugbyamateur.fr/joueur/victor-esperse/
Régionale 3,Antony,Arthur Pierre FAYE,Deuxième ligne,https://rugbyamateur.fr/joueur/arthur-pierre-faye/
Régionale 3,Antony,Alexandre GARDILLOU,Pilier,https://rugbyamateur.fr/joueur/alexandre-gardillou/
Régionale 3,Antony,Noah Nicolas Thomas GONIOT,Demi d&#039;ouverture,https://rugbyamateur.fr/joueur/noah-nicolas-thomas-goniot/
Régionale 3,Antony,Louis Christian Jean Claude HACKSPILL,Troisième ligne,https://rugbyamateur.fr/joueur/louis-christian-jean-claude-hackspill/
Régionale 3,Antony,Ange Dominique Daniel HOUBRON MARCADE,Ailier,https://rugbyamateur.fr/joueur/ange-dominique-daniel-houbron-marcade/
Régionale 3,Antony,Leo Jerome LAPLACE,Arrière,https://rugbyamateur.fr/joueur/leo-jerome-laplace/
Régionale 3,Antony,Paul Louis Gabriel LAVIGNE,Pilier,https://rugbyamateur.fr/joueur/paul-louis-gabriel-lavigne/
Régionale 3,Antony,Merwan Essaid MALHO,Pilier,https://rugbyamateur.fr/joueur/merwan-essaid-malho/
Régionale 3,Antony,Aaron MATINIER,Deuxième ligne,https://rugbyamateur.fr/joueur/aaron-matinier/
Régionale 3,Antony,Nicky MENAGE,Talonneur,https://rugbyamateur.fr/joueur/nicky-menage/
Régionale 3,Antony,Nathan Benjamin Mickael MIGUET,Talonneur,https://rugbyamateur.fr/joueur/nathan-benjamin-mickael-miguet/
Régionale 3,Antony,Loukian Mickael Franck MORELLE,Centre,https://rugbyamateur.fr/joueur/loukian-mickael-franck-morelle/
Régionale 3,Antony,Yanis Dominique Frederic NAVLET ROYERE,Ailier,https://rugbyamateur.fr/joueur/yanis-dominique-frederic-navlet-royere/
Régionale 3,Antony,Rafael PASCUAL,Demi d&#039;ouverture,https://rugbyamateur.fr/joueur/rafael-pascual/
Régionale 3,Bessan,Vincent AMATHIEU,Ailier,https://rugbyamateur.fr/joueur/vincent-amathieu/
Régionale 3,Bessan,Robin AUDRIN,Ailier,https://rugbyamateur.fr/joueur/robin-audrin/
Régionale 3,Bessan,Romain AUGE,Talonneur,https://rugbyamateur.fr/joueur/romain-auge/
Régionale 3,Bessan,Christophe BAUER,Pilier,https://rugbyamateur.fr/joueur/christophe-bauer/
Régionale 3,Bessan,Adrien BLAZQUEZ,Ailier,https://rugbyamateur.fr/joueur/adrien-blazquez/
Régionale 3,Bessan,Clement BLIN,Ailier,https://rugbyamateur.fr/joueur/clement-blin/
Régionale 3,Bessan,Gael BONNARIC,Troisième ligne,https://rugbyamateur.fr/joueur/gael-bonnaric/
Régionale 3,Bessan,Ludovic BRANDON,Demi d&#039;ouverture,https://rugbyamateur.fr/joueur/ludovic-brandon/
Régionale 3,Bessan,Maxime BRANDON,N/A,N/A
Régionale 3,Bessan,Camille BAILLES,Deuxième ligne,https://rugbyamateur.fr/joueur/camille-bailles/
Régionale 3,Bessan,Coralie CLASTRES SMART,Pilier,https://rugbyamateur.fr/joueur/coralie-clastres-smart/
Régionale 3,Bessan,Enza CUADROS,Centre,https://rugbyamateur.fr/joueur/enza-cuadros/
Régionale 3,Bessan,Marie GARRIGUES,Ailier,https://rugbyamateur.fr/joueur/marie-garrigues/
Régionale 3,Bessan,Juliette HEFFINGER,Pilier,https://rugbyamateur.fr/joueur/juliette-heffinger/
Régionale 3,Bessan,Amelie HERLIN,Ailier,https://rugbyamateur.fr/joueur/amelie-herlin/
Régionale 3,Bessan,Manon LOIS,Demi d&#039;ouverture,https://rugbyamateur.fr/joueur/manon-lois/
Régionale 3,Bessan,Marie PALLARES,Deuxième ligne,https://rugbyamateur.fr/joueur/marie-pallares/
Régionale 3,Bessan,Alexia PUEYO,Talonneur,https://rugbyamateur.fr/joueur/alexia-pueyo/
Régionale 3,Bessan,Camille REGINAUD,Centre,https://rugbyamateur.fr/joueur/camille-reginaud/
Régionale 3,Bessan,Emilie ROUSSEL,Pilier,https://rugbyamateur.fr/joueur/emilie-roussel/
Régionale 3,Bessan,Clelia RUFFIN,Deuxième ligne,https://rugbyamateur.fr/joueur/clelia-ruffin/
Régionale 3,Bessan,Aude SOLIVA,Demi de mêlée,https://rugbyamateur.fr/joueur/aude-soliva/
Régionale 3,Bessan,Camille VIDAL,Pilier,https://rugbyamateur.fr/joueur/camille-vidal/
Régionale 3,Bessan,Manon VOIPIERRE,Demi d&#039;ouverture,https://rugbyamateur.fr/joueur/manon-voipierre/
Régionale 3,Villeneuve-lès-Maguelone,Lucie BONNERUE,Ailier,https://rugbyamateur.fr/joueur/lucie-bonnerue/
Régionale 3,Villeneuve-lès-Maguelone,Eva BRIDAI,Deuxième ligne,https://rugbyamateur.fr/joueur/eva-bridai/
Régionale 3,Villeneuve-lès-Maguelone,Marion CHASSOUANT,Demi de mêlée,https://rugbyamateur.fr/joueur/marion-chassouant/
Régionale 3,Villeneuve-lès-Maguelone,Clotilde FLAUGERE,Pilier,https://rugbyamateur.fr/joueur/clotilde-flaugere/
Régionale 3,Villeneuve-lès-Maguelone,Ninon GALZIN,Deuxième ligne,https://rugbyamateur.fr/joueur/ninon-galzin/
Régionale 3,Villeneuve-lès-Maguelone,Laurie Vanessa Nadege GAMBIER,Ailier,https://rugbyamateur.fr/joueur/laurie-vanessa-nadege-gambier/
Régionale 3,Villeneuve-lès-Maguelone,Emma GIMENEZ,Pilier,https://rugbyamateur.fr/joueur/emma-gimenez/
Régionale 3,Villeneuve-lès-Maguelone,Nina GOETZ,N/A,https://rugbyamateur.fr/joueur/nina-goetz/
Régionale 3,Villeneuve-lès-Maguelone,Julia LANGLET,N/A,https://rugbyamateur.fr/joueur/julia-langlet/
Régionale 3,Villeneuve-lès-Maguelone,Ilona Jacqueline LE BARZIC,Pilier,https://rugbyamateur.fr/joueur/ilona-jacqueline-le-barzic/
Régionale 3,Villeneuve-lès-Maguelone,Adeline LEPORI,Troisième ligne,https://rugbyamateur.fr/joueur/adeline-lepori/
Régionale 3,Villeneuve-lès-Maguelone,Jade MAURIZI,Troisième ligne,https://rugbyamateur.fr/joueur/jade-maurizi/
Régionale 3,Villeneuve-lès-Maguelone,Chloe PONCHON,Arrière,N/A
Régionale 3,Villeneuve-lès-Maguelone,Guilhem ASSIER,Troisième ligne,https://rugbyamateur.fr/joueur/guilhem-assier/
Régionale 3,Villeneuve-lès-Maguelone,Corentin CAPORILLI,Troisième ligne,N/A
Régionale 3,Villeneuve-lès-Maguelone,Sebastien MAX,Centre,https://rugbyamateur.fr/joueur/sebastien-max/
Régionale 3,Du Bocage Virois,Baptiste AVICE,Ailier,https://rugbyamateur.fr/joueur/baptiste-avice/
Régionale 3,Du Bocage Virois,Tony BODELLE,N/A,https://rugbyamateur.fr/joueur/tony-bodelle/
Régionale 3,Du Bocage Virois,Lucas BREDY,Arrière,https://rugbyamateur.fr/joueur/lucas-bredy/
Régionale 3,Du Bocage Virois,Dylan FOLGADO,Demi d&#039;ouverture,https://rugbyamateur.fr/joueur/dylan-folgado/
Régionale 3,Du Bocage Virois,Maxence FOUASSE,Pilier,https://rugbyamateur.fr/joueur/maxence-fouasse/
Régionale 3,Du Bocage Virois,Brice GALLET,Demi de mêlée,https://rugbyamateur.fr/joueur/brice-gallet/
Régionale 3,Du Bocage Virois,Julien GUILLARD,Ailier,https://rugbyamateur.fr/joueur/julien-guillard/
Régionale 3,Du Bocage Virois,Axel HUET,Ailier,https://rugbyamateur.fr/joueur/axel-huet/
Régionale 3,Du Bocage Virois,Rudy HUET,N/A,https://rugbyamateur.fr/joueur/rudy-huet/
Régionale 3,Du Bocage Virois,Simon HUET,N/A,https://rugbyamateur.fr/joueur/simon-huet/
Régionale 3,Du Bocage Virois,Allan JEAN,Centre,https://rugbyamateur.fr/joueur/allan-jean/
Régionale 3,Du Bocage Virois,Maxence LAINE,Talonneur,https://rugbyamateur.fr/joueur/maxence-laine/
Régionale 3,Du Bocage Virois,Robin LANOE,N/A,https://rugbyamateur.fr/joueur/robin-lanoe/
Régionale 3,Du Bocage Virois,Maxime MAILLET,Talonneur,https://rugbyamateur.fr/joueur/maxime-maillet/
Régionale 3,Du Bocage Virois,Luis MESLIN,Troisième ligne,https://rugbyamateur.fr/joueur/luis-meslin/
Régionale 3,Du Bocage Virois,Maceo MESLIN,Deuxième ligne,https://rugbyamateur.fr/joueur/maceo-meslin/
Régionale 3,Du Bocage Virois,Vincent MOREL,Deuxième ligne,https://rugbyamateur.fr/joueur/vincent-morel/
Régionale 3,Du Bocage Virois,Alexis PORQUET,Pilier,https://rugbyamateur.fr/joueur/alexis-porquet/
Régionale 3,Du Bocage Virois,Louis POTIER,Ailier,https://rugbyamateur.fr/joueur/louis-potier/
Régionale 3,Du Bocage Virois,Simon RESTOUT,N/A,https://rugbyamateur.fr/joueur/simon-restout/
Régionale 3,Du Bocage Virois,Lukas SAPOTILLE,Centre,https://rugbyamateur.fr/joueur/lukas-sapotille/
Régionale 3,Blanc Mesnil Sports,Geoffrey ALBINET,Arrière,N/A
Régionale 3,Blanc Mesnil Sports,Matthieu NICOLAS,Deuxième ligne,https://rugbyamateur.fr/joueur/matthieu-nicolas/
Régionale 3,Blanc Mesnil Sports,Joseph TAOFIFENUA,Centre,https://rugbyamateur.fr/joueur/joseph-taofifenua/
Régionale 3,Blanc Mesnil Sports,Leo AKLOUCHE,Demi d&#039;ouverture,https://rugbyamateur.fr/joueur/leo-aklouche/
Régionale 3,Blanc Mesnil Sports,Mehdy Nael BAKRIM,Pilier,https://rugbyamateur.fr/joueur/mehdy-nael-bakrim/
Régionale 3,Blanc Mesnil Sports,Sacha Bruno BOUFFARD,Talonneur,https://rugbyamateur.fr/joueur/sacha-bruno-bouffard/
Régionale 3,Blanc Mesnil Sports,Marcus CANAT,Deuxième ligne,https://rugbyamateur.fr/joueur/marcus-canat/
Régionale 3,Blanc Mesnil Sports,David CHAUVEAU,Troisième ligne,https://rugbyamateur.fr/joueur/david-chauveau/
Régionale 3,Blanc Mesnil Sports,Wassin CHEMOUNE,Pilier,N/A
Régionale 3,Ciboure,Baptiste AZARETE,Deuxième ligne,https://rugbyamateur.fr/joueur/baptiste-azarete/
Régionale 3,Ciboure,Jules BERDOU,Troisième ligne,https://rugbyamateur.fr/joueur/jules-berdou/
Régionale 3,Ciboure,Unai BERISTAIN ELISSAGARAY,Arrière,https://rugbyamateur.fr/joueur/unai-beristain-elissagaray/
Régionale 3,Ciboure,Killian BOUTET,Pilier,https://rugbyamateur.fr/joueur/killian-boutet/
Régionale 3,Ciboure,Lucas DUFOUR,Talonneur,https://rugbyamateur.fr/joueur/lucas-dufour/
Régionale 3,Ciboure,Nicolas DUGUET,Pilier,https://rugbyamateur.fr/joueur/nicolas-duguet/
Régionale 3,Ciboure,Jean Baptiste DUPANLOUP,N/A,https://rugbyamateur.fr/joueur/jean-baptiste-dupanloup/
Régionale 3,Ciboure,Brice ECHEVERRIA,Demi d&#039;ouverture,https://rugbyamateur.fr/joueur/brice-echeverria/
Régionale 3,Ciboure,Alexis ERDOCIO,Talonneur,https://rugbyamateur.fr/joueur/alexis-erdocio/
Régionale 3,Ciboure,Niko ETCHEBERRIGARAY THURIN,Ailier,https://rugbyamateur.fr/joueur/niko-etcheberrigaray-thurin/
Régionale 3,Ciboure,Thomas FAUT,Demi de mêlée,https://rugbyamateur.fr/joueur/thomas-faut/
Régionale 3,Ciboure,Mickael FOSSERIES,Pilier,https://rugbyamateur.fr/joueur/mickael-fosseries/
Régionale 3,Ciboure,Baptiste GARCIA,Ailier,https://rugbyamateur.fr/joueur/baptiste-garcia/
Régionale 3,Ciboure,Maxime GOMEZ,Talonneur,https://rugbyamateur.fr/joueur/maxime-gomez/
Régionale 3,Ciboure,Clement GOUDAL,Centre,https://rugbyamateur.fr/joueur/clement-goudal/
Régionale 3,Ciboure,Vincent GUESNEAU,N/A,https://rugbyamateur.fr/joueur/vincent-guesneau/
Régionale 3,Ciboure,Enzo JOURDES,Ailier,https://rugbyamateur.fr/joueur/enzo-jourdes/
Régionale 3,Ciboure,Julen LANDETA,Pilier,https://rugbyamateur.fr/joueur/julen-landeta/
Régionale 3,Ciboure,Jeremie LEBEAU,N/A,https://rugbyamateur.fr/joueur/jeremie-lebeau/
Régionale 3,Ciboure,Iban LECUNA,Deuxième ligne,https://rugbyamateur.fr/joueur/iban-lecuna/
Régionale 3,Ciboure,Julien MEDAGLIA,N/A,https://rugbyamateur.fr/joueur/julien-medaglia/
Régionale 3,Ciboure,Pierre POSTEL,Troisième ligne,https://rugbyamateur.fr/joueur/pierre-postel/
Régionale 3,Ciboure,Joan ROUART,Centre,https://rugbyamateur.fr/joueur/joan-rouart/
Régionale 3,Ciboure,Pablo SALUT,N/A,https://rugbyamateur.fr/joueur/pablo-salut/
Régionale 3,Ciboure,Quentin SAUT,Troisième ligne,https://rugbyamateur.fr/joueur/quentin-saut/
Régionale 3,Ciboure,Nicolas SOULTZENER,Troisième ligne,https://rugbyamateur.fr/joueur/nicolas-soultzener/
Régionale 3,Ciboure,Mikel TEILLERY PUCHU,Troisième ligne,https://rugbyamateur.fr/joueur/mikel-teillery-puchu/
Régionale 3,Ciboure,Alaitz AGUIRRE,Talonneur,https://rugbyamateur.fr/joueur/alaitz-aguirre/
Régionale 3,Ciboure,Jade ALLANIC,Troisième ligne,https://rugbyamateur.fr/joueur/jade-allanic/
Régionale 3,Ciboure,Jone AMANTEGI,N/A,N/A
Régionale 3,Ciboure,Louis AMIGORENA,N/A,https://rugbyamateur.fr/joueur/louis-amigorena/
Régionale 3,Ciboure,Yohan BRANA LECONTE,Troisième ligne,https://rugbyamateur.fr/joueur/yohan-brana-leconte/
Régionale 3,Ciboure,Ioritz DUPEROU,Troisième ligne,https://rugbyamateur.fr/joueur/ioritz-duperou/
Régionale 3,Ciboure,Martin ESPONDE,Centre,https://rugbyamateur.fr/joueur/martin-esponde/
Régionale 3,Ciboure,Mikel ETCHENIC,N/A,https://rugbyamateur.fr/joueur/mikel-etchenic/
Régionale 3,Ciboure,Julen GURRUCHAGA,Pilier,https://rugbyamateur.fr/joueur/julen-gurruchaga/
Régionale 3,Ciboure,Kepa HARAMBOURE,Demi d&#039;ouverture,https://rugbyamateur.fr/joueur/kepa-haramboure/
Régionale 3,Ciboure,Maxence HAWROT,Deuxième ligne,https://rugbyamateur.fr/joueur/maxence-hawrot/
Régionale 3,Ciboure,Kepa HIRIBARREN AZARETE,Pilier,https://rugbyamateur.fr/joueur/kepa-hiribarren-azarete/
Régionale 3,Ciboure,Quentin HIRIBERRY,Talonneur,https://rugbyamateur.fr/joueur/quentin-hiriberry/
Régionale 3,Ciboure,Luca IGUINIZ,Demi d&#039;ouverture,https://rugbyamateur.fr/joueur/luca-iguiniz/
Régionale 3,Ciboure,Pierre JOUILLAT,Pilier,https://rugbyamateur.fr/joueur/pierre-jouillat/
Régionale 3,Ciboure,Yann LATRON,Ailier,https://rugbyamateur.fr/joueur/yann-latron/
Régionale 3,Ciboure,Clement LESBORDES,Arrière,https://rugbyamateur.fr/joueur/clement-lesbordes/
Régionale 3,Ciboure,Ximun LISSARDY,Deuxième ligne,https://rugbyamateur.fr/joueur/ximun-lissardy/
Régionale 3,Ciboure,Julen LUBERRIAGA,Troisième ligne,https://rugbyamateur.fr/joueur/julen-luberriaga/
Régionale 3,Ciboure,Julen MARTICORENA,Pilier,https://rugbyamateur.fr/joueur/julen-marticorena/
Régionale 3,Ciboure,Fabien PLOUVIER,Ailier,N/A
Régionale 3,Ciboure,Enaut ALBERDI LANA,N/A,https://rugbyamateur.fr/joueur/enaut-alberdi-lana/
Régionale 3,Ciboure,Julen ARIZTIZABAL,Talonneur,https://rugbyamateur.fr/joueur/julen-ariztizabal/
Régionale 3,Ciboure,Paul BAROS,Centre,https://rugbyamateur.fr/joueur/paul-baros/
Régionale 3,Ciboure,Amine BELHATTAL,N/A,https://rugbyamateur.fr/joueur/amine-belhattal/
Régionale 3,Ciboure,Amets CHAUDRON,Troisième ligne,https://rugbyamateur.fr/joueur/amets-chaudron/
Régionale 3,Ciboure,Luca CUEVAS SILVA,Ailier,https://rugbyamateur.fr/joueur/luca-cuevas-silva/
Régionale 3,Ciboure,Inaki DARRIEUSSECQ ARANZABAL,Deuxième ligne,https://rugbyamateur.fr/joueur/inaki-darrieussecq-aranzabal/
Régionale 3,Ciboure,Ekaitz DURANONA,Troisième ligne,https://rugbyamateur.fr/joueur/ekaitz-duranona/
Régionale 3,Ciboure,Theo ECHEVESTE,N/A,https://rugbyamateur.fr/joueur/theo-echeveste/
Régionale 3,Ciboure,Aimar ECHEVESTE ARISTIZABAL,Ailier,https://rugbyamateur.fr/joueur/aimar-echeveste-aristizabal/
Régionale 3,Ciboure,Aimar ESTEBAN,Pilier,https://rugbyamateur.fr/joueur/aimar-esteban/
Régionale 3,Ciboure,Julen GOIBURU,Deuxième ligne,https://rugbyamateur.fr/joueur/julen-goiburu/
Régionale 3,Ciboure,Paolo IRIGOYEN,Pilier,https://rugbyamateur.fr/joueur/paolo-irigoyen/
Régionale 3,Ciboure,Allande LABORDE MILAGE,Talonneur,https://rugbyamateur.fr/joueur/allande-laborde-milage/
Régionale 3,Ciboure,Ewan LITTLE ALDABE,Centre,https://rugbyamateur.fr/joueur/ewan-little-aldabe/
Régionale 3,Ciboure,Hector Javier MARQUEZ PONTILLO,N/A,N/A
Régionale 3,Ciboure,Oihan ALBISTUR,Demi de mêlée,https://rugbyamateur.fr/joueur/oihan-albistur/
Régionale 3,Ciboure,Ibon ALONSO JANDULA,N/A,https://rugbyamateur.fr/joueur/ibon-alonso-jandula/
Régionale 3,Ciboure,Rafael ALZUAGA,Demi de mêlée,https://rugbyamateur.fr/joueur/rafael-alzuaga/
Régionale 3,Ciboure,Oier ARRETXE GUTIERREZ,N/A,N/A
Régionale 3,Ciboure,Andoni AGUIRRE,N/A,https://rugbyamateur.fr/joueur/andoni-aguirre/
Régionale 3,Ciboure,Julien ARANAZ,Ailier,https://rugbyamateur.fr/joueur/julien-aranaz/
Régionale 3,Ciboure,Joan DARBOURE,Troisième ligne,https://rugbyamateur.fr/joueur/joan-darboure/
Régionale 3,Ciboure,Ernest DURAND,Deuxième ligne,https://rugbyamateur.fr/joueur/ernest-durand/
Régionale 3,Ciboure,Lutxo ETCHART CACOUTEGUY,Troisième ligne,https://rugbyamateur.fr/joueur/lutxo-etchart-cacouteguy/
Régionale 3,Ciboure,Luken GONCALVES DA ROCHA,Troisième ligne,https://rugbyamateur.fr/joueur/luken-goncalves-da-rocha/
Régionale 3,Ciboure,Iban HIRIBERRY,Talonneur,https://rugbyamateur.fr/joueur/iban-hiriberry/
Régionale 3,Ciboure,Diego ILHARREBORDE,Centre,https://rugbyamateur.fr/joueur/diego-ilharreborde/
Régionale 3,Ciboure,Gexan IRATZOQUI,Centre,https://rugbyamateur.fr/joueur/gexan-iratzoqui/
Régionale 3,Ciboure,Quentin LABRUQUERE,Pilier,N/A
Régionale 3,Pons,Gaylord BARREAU,Deuxième ligne,https://rugbyamateur.fr/joueur/gaylord-barreau/
Régionale 3,Pons,Jorys BENKETIRA,Ailier,https://rugbyamateur.fr/joueur/jorys-benketira/
Régionale 3,Pons,Maxime BOUTIN,Talonneur,N/A
Régionale 3,Pons,Charline BABIN,Talonneur,https://rugbyamateur.fr/joueur/charline-babin/
Régionale 3,Pons,Manon BALANGER,N/A,https://rugbyamateur.fr/joueur/manon-balanger/
Régionale 3,Pons,Marine BERTHELOT,Pilier,https://rugbyamateur.fr/joueur/marine-berthelot/
Régionale 3,Pons,Margot CHATAIGNER,Troisième ligne,https://rugbyamateur.fr/joueur/margot-chataigner/
Régionale 3,Pons,Anne CHESSE,Troisième ligne,https://rugbyamateur.fr/joueur/anne-chesse/
Régionale 3,Pons,Laurry COTTET,Centre,https://rugbyamateur.fr/joueur/laurry-cottet/
Régionale 3,Pons,Pauline DURAND,Arrière,https://rugbyamateur.fr/joueur/pauline-durand/
Régionale 3,Pons,Oceane GEMON,Pilier,https://rugbyamateur.fr/joueur/oceane-gemon/
Régionale 3,Pons,Emeline GINGUENAUD,N/A,https://rugbyamateur.fr/joueur/emeline-ginguenaud/
Régionale 3,Pons,Caroline GUEDON,Talonneur,https://rugbyamateur.fr/joueur/caroline-guedon/
Régionale 3,Pons,Lison HERBIN,Ailier,https://rugbyamateur.fr/joueur/lison-herbin/
Régionale 3,Pons,Helene LUME,N/A,https://rugbyamateur.fr/joueur/helene-lume/
Régionale 3,Pons,Lindsay MICHOT,Troisième ligne,N/A
Régionale 3,Pons,Maxime BAS,Troisième ligne,https://rugbyamateur.fr/joueur/maxime-bas/
Régionale 3,Pons,Marvyn BERNARD,Troisième ligne,https://rugbyamateur.fr/joueur/marvyn-bernard/
Régionale 3,Pons,Quentin BONNEAU,N/A,N/A
Régionale 3,Pons,Yanis ALARCAN,Ailier,https://rugbyamateur.fr/joueur/yanis-alarcan/
Régionale 3,Pons,Martin BOISNIER,Deuxième ligne,https://rugbyamateur.fr/joueur/martin-boisnier/
Régionale 3,Pons,Gabin CAUSSE,Demi de mêlée,https://rugbyamateur.fr/joueur/gabin-causse/
Régionale 3,Pons,Angelo CHATELLIER,N/A,https://rugbyamateur.fr/joueur/angelo-chatellier/
Régionale 3,Pons,Julien COLOMAR BICHOT,N/A,https://rugbyamateur.fr/joueur/julien-colomar-bichot/
Régionale 3,Pons,Jules COMPERE,N/A,https://rugbyamateur.fr/joueur/jules-compere/
Régionale 3,Pons,Enzo Thomas DESCHINO,Centre,https://rugbyamateur.fr/joueur/enzo-thomas-deschino/
Régionale 3,Pons,Enoha DEWULF,N/A,https://rugbyamateur.fr/joueur/enoha-dewulf/
Régionale 3,Pons,Mae DUMONS,Ailier,https://rugbyamateur.fr/joueur/mae-dumons/
Régionale 3,Pons,Lenny HUDE,Troisième ligne,https://rugbyamateur.fr/joueur/lenny-hude/
Régionale 3,Pons,Julian JALLAGEAS,Talonneur,https://rugbyamateur.fr/joueur/julian-jallageas/
Régionale 3,Pons,Thibaud LISSORGUES,Demi d&#039;ouverture,https://rugbyamateur.fr/joueur/thibaud-lissorgues/
Régionale 3,Pons,Fabien MARTINACHE,Ailier,https://rugbyamateur.fr/joueur/fabien-martinache/
Régionale 3,Pons,Manahau MARUHI,Troisième ligne,https://rugbyamateur.fr/joueur/manahau-maruhi/
Régionale 3,Pons,Brayan PELLUCHON GACHET,Deuxième ligne,https://rugbyamateur.fr/joueur/brayan-pelluchon-gachet/
Régionale 3,Pons,Kylian RAFFENAUD,N/A,https://rugbyamateur.fr/joueur/kylian-raffenaud/
Régionale 3,Pons,Dylan ROUSSEAU,Pilier,https://rugbyamateur.fr/joueur/dylan-rousseau/
Régionale 3,Pons,Timeo SEBILLOT,N/A,https://rugbyamateur.fr/joueur/timeo-sebillot/
Régionale 3,Pons,Lucas TOURANCHEAU,Centre,https://rugbyamateur.fr/joueur/lucas-tourancheau/
Régionale 3,Pons,Thomas URBANOVSKY,Pilier,https://rugbyamateur.fr/joueur/thomas-urbanovsky/
Régionale 3,Pons,Baptiste VIGIER,Troisième ligne,https://rugbyamateur.fr/joueur/baptiste-vigier/
Régionale 3,RC Domes Sioule,Aly BAMBA,Ailier,https://rugbyamateur.fr/joueur/aly-bamba/
Régionale 3,RC Domes Sioule,Antoine BARIOD,Demi d&#039;ouverture,https://rugbyamateur.fr/joueur/antoine-bariod/
Régionale 3,RC Domes Sioule,Mathias BARIOD,Talonneur,https://rugbyamateur.fr/joueur/mathias-bariod/
Régionale 3,RC Domes Sioule,Gailor BATIFOULIER,Troisième ligne,https://rugbyamateur.fr/joueur/gailor-batifoulier/
Régionale 3,RC Domes Sioule,Gwenael BLANC,Troisième ligne,https://rugbyamateur.fr/joueur/gwenael-blanc/
Régionale 3,RC Domes Sioule,Antonin BLARDONE,Demi de mêlée,https://rugbyamateur.fr/joueur/antonin-blardone/
Régionale 3,RC Domes Sioule,Kevin BONY,Talonneur,https://rugbyamateur.fr/joueur/kevin-bony/
Régionale 3,RC Domes Sioule,Julien BURDIN,Pilier,https://rugbyamateur.fr/joueur/julien-burdin/
Régionale 3,RC Domes Sioule,Adrien CASSON,Pilier,https://rugbyamateur.fr/joueur/adrien-casson/
Régionale 3,RC Domes Sioule,Alexis CHARPENTIER,Deuxième ligne,https://rugbyamateur.fr/joueur/alexis-charpentier/
Régionale 3,RC Domes Sioule,Sophara CHAVERIAT,Demi de mêlée,https://rugbyamateur.fr/joueur/sophara-chaveriat/
Régionale 3,RC Domes Sioule,Sylvain COHENDY,Centre,https://rugbyamateur.fr/joueur/sylvain-cohendy/
Régionale 3,RC Domes Sioule,Thomas COULON,Deuxième ligne,https://rugbyamateur.fr/joueur/thomas-coulon/
Régionale 3,RC Domes Sioule,Baptiste CUOMO,Deuxième ligne,https://rugbyamateur.fr/joueur/baptiste-cuomo/
Régionale 3,RC Domes Sioule,Hugo DAUDAN,Pilier,https://rugbyamateur.fr/joueur/hugo-daudan/
Régionale 3,RC Domes Sioule,Cyril DEGRAEVE,N/A,https://rugbyamateur.fr/joueur/cyril-degraeve/
Régionale 3,RC Domes Sioule,Nelio DUMAS,Arrière,https://rugbyamateur.fr/joueur/nelio-dumas/
Régionale 3,RC Domes Sioule,Julien FELTEN,Talonneur,https://rugbyamateur.fr/joueur/julien-felten/
Régionale 3,RC Domes Sioule,Maxime GAUDILLET,Deuxième ligne,https://rugbyamateur.fr/joueur/maxime-gaudillet/
Régionale 3,RC Domes Sioule,Cyril JAFFUEL,N/A,https://rugbyamateur.fr/joueur/cyril-jaffuel/
Régionale 3,RC Domes Sioule,Sebastien KOKOCINSKI,Deuxième ligne,https://rugbyamateur.fr/joueur/sebastien-kokocinski/
Régionale 3,RC Domes Sioule,Guillaume LAINE,Deuxième ligne,https://rugbyamateur.fr/joueur/guillaume-laine/
Régionale 3,RC Domes Sioule,Lucas LAROCHE,Centre,https://rugbyamateur.fr/joueur/lucas-laroche/
Régionale 3,RC Domes Sioule,Gaetan LATLI,Pilier,https://rugbyamateur.fr/joueur/gaetan-latli/
Régionale 3,RC Domes Sioule,Nicolas LAURENCIN,N/A,https://rugbyamateur.fr/joueur/nicolas-laurencin/
Régionale 3,RC Domes Sioule,Anthony LUCAS,Arrière,https://rugbyamateur.fr/joueur/anthony-lucas/
Régionale 3,RC Domes Sioule,Leo MASSON,Ailier,https://rugbyamateur.fr/joueur/leo-masson/
Régionale 3,RC Domes Sioule,Lucas MERCIER,Pilier,https://rugbyamateur.fr/joueur/lucas-mercier/
Régionale 3,RC Domes Sioule,Thomas MERCIER,Talonneur,https://rugbyamateur.fr/joueur/thomas-mercier/
Régionale 3,RC Domes Sioule,Matthieu MONERON,Arrière,https://rugbyamateur.fr/joueur/matthieu-moneron/
Régionale 3,RC Domes Sioule,Alexis MONNET,Deuxième ligne,https://rugbyamateur.fr/joueur/alexis-monnet/
Régionale 3,RC Domes Sioule,Ludovic MONNIER BENOIT,Pilier,https://rugbyamateur.fr/joueur/ludovic-monnier-benoit/
Régionale 3,RC Domes Sioule,Sidney MULLER,Troisième ligne,https://rugbyamateur.fr/joueur/sidney-muller/
Régionale 3,RC Domes Sioule,Leo MUYARD,Troisième ligne,https://rugbyamateur.fr/joueur/leo-muyard/
Régionale 3,RC Domes Sioule,Maxime PEYRARD,Troisième ligne,https://rugbyamateur.fr/joueur/maxime-peyrard/
Régionale 3,RC Domes Sioule,Dorian RAJPOLD,Pilier,https://rugbyamateur.fr/joueur/dorian-rajpold/
Régionale 3,RC Domes Sioule,Camille RICHARD,Centre,https://rugbyamateur.fr/joueur/camille-richard/
Régionale 3,RC Domes Sioule,Sevann ROLLIN,Deuxième ligne,https://rugbyamateur.fr/joueur/sevann-rollin/
Régionale 3,RC Domes Sioule,Anthony ROSETTE,N/A,https://rugbyamateur.fr/joueur/anthony-rosette/
Régionale 3,RC Domes Sioule,Antoine SALINO,Centre,https://rugbyamateur.fr/joueur/antoine-salino/
Régionale 3,RC Domes Sioule,Corentin SERRETTE,Ailier,https://rugbyamateur.fr/joueur/corentin-serrette/
Régionale 3,RC Domes Sioule,Theo TARANEK,Troisième ligne,https://rugbyamateur.fr/joueur/theo-taranek/
Régionale 3,RC Domes Sioule,Florian VEDRINE,Demi d&#039;ouverture,https://rugbyamateur.fr/joueur/florian-vedrine/
Régionale 3,RC Domes Sioule,Ryan WALON,Arrière,https://rugbyamateur.fr/joueur/ryan-walon/
Régionale 3,Villers-les-Nancy,Charles BERTRAND,Ailier,https://rugbyamateur.fr/joueur/charles-bertrand/
Régionale 3,Villers-les-Nancy,Jules CANTE,Troisième ligne,https://rugbyamateur.fr/joueur/jules-cante/
Régionale 3,Villers-les-Nancy,Ferdinand CHAKAI,Troisième ligne,https://rugbyamateur.fr/joueur/ferdinand-chakai/
Régionale 3,Villers-les-Nancy,Adam CHAUCHARD,Centre,https://rugbyamateur.fr/joueur/adam-chauchard/
Régionale 3,Villers-les-Nancy,Sasha CHAUVEAU,Demi d&#039;ouverture,https://rugbyamateur.fr/joueur/sasha-chauveau/
Régionale 3,Villers-les-Nancy,Elliot CHESNAY,Arrière,https://rugbyamateur.fr/joueur/elliot-chesnay/
Régionale 3,Villers-les-Nancy,Jules CHESNAY,Demi de mêlée,https://rugbyamateur.fr/joueur/jules-chesnay/
Régionale 3,Villers-les-Nancy,Paul CLEMENT,Pilier,https://rugbyamateur.fr/joueur/paul-clement/
Régionale 3,Villers-les-Nancy,Vianney DA SILVA SOLHA,Talonneur,https://rugbyamateur.fr/joueur/vianney-da-silva-solha/
Régionale 3,Villers-les-Nancy,Leon DIDIERJEAN,Pilier,https://rugbyamateur.fr/joueur/leon-didierjean/
Régionale 3,Villers-les-Nancy,Seraphin DOUMAZANE,N/A,https://rugbyamateur.fr/joueur/seraphin-doumazane/
Régionale 3,Villers-les-Nancy,Nahel ECKENFELDER,Troisième ligne,https://rugbyamateur.fr/joueur/nahel-eckenfelder/
Régionale 3,Villers-les-Nancy,Mathis GRITTI,Arrière,https://rugbyamateur.fr/joueur/mathis-gritti/
Régionale 3,Villers-les-Nancy,Leo JOYER,Centre,N/A
Régionale 3,Lapalissois,Lucas BARJON,Demi d&#039;ouverture,https://rugbyamateur.fr/joueur/lucas-barjon/
Régionale 3,Lapalissois,Mathis BARJON,Demi de mêlée,https://rugbyamateur.fr/joueur/mathis-barjon/
Régionale 3,Lapalissois,Romain BLONDIN,Ailier,https://rugbyamateur.fr/joueur/romain-blondin/
Régionale 3,Lapalissois,Jeremy BOURY,N/A,https://rugbyamateur.fr/joueur/jeremy-boury/
Régionale 3,Lapalissois,Thomas CAILLOT,Deuxième ligne,https://rugbyamateur.fr/joueur/thomas-caillot/
Régionale 3,Lapalissois,Quentin DUBOIS,Arrière,https://rugbyamateur.fr/joueur/quentin-dubois/
Régionale 3,Lapalissois,Jean Marie DURY,Troisième ligne,https://rugbyamateur.fr/joueur/jean-marie-dury/
Régionale 3,Lapalissois,Jeremy FOURNIER,Centre,https://rugbyamateur.fr/joueur/jeremy-fournier/
Régionale 3,Lapalissois,Axel MONTAGNIER,Centre,https://rugbyamateur.fr/joueur/axel-montagnier/
Régionale 3,Lapalissois,Nicolas MONTAGNIER,N/A,https://rugbyamateur.fr/joueur/nicolas-montagnier/
Régionale 3,Lapalissois,Sebastien MOUTON,Ailier,https://rugbyamateur.fr/joueur/sebastien-mouton/
Régionale 3,Lapalissois,Quentin PACAUD,N/A,https://rugbyamateur.fr/joueur/quentin-pacaud/
Régionale 3,Lapalissois,Evandro PEREIRA DE BARROS,N/A,https://rugbyamateur.fr/joueur/evandro-pereira-de-barros/
Régionale 3,Lapalissois,Remi RONDIER,Troisième ligne,https://rugbyamateur.fr/joueur/remi-rondier/
Régionale 3,Lapalissois,Jeremy SAUVE,N/A,https://rugbyamateur.fr/joueur/jeremy-sauve/
Régionale 3,Lapalissois,Lucas SIGAUD,Ailier,https://rugbyamateur.fr/joueur/lucas-sigaud/
Régionale 3,Lapalissois,Nathan SIGAUD,N/A,https://rugbyamateur.fr/joueur/nathan-sigaud/
Régionale 3,Lapalissois,Alexis SPINDLLER,Talonneur,https://rugbyamateur.fr/joueur/alexis-spindller/
Régionale 3,Lapalissois,Kevin SPINDLLER,Pilier,https://rugbyamateur.fr/joueur/kevin-spindller/
Régionale 3,Lapalissois,Bryan THOMASSIN,N/A,https://rugbyamateur.fr/joueur/bryan-thomassin/
Régionale 3,Lapalissois,Damien TRONCY,Deuxième ligne,https://rugbyamateur.fr/joueur/damien-troncy/
Régionale 3,Lapalissois,Maxence TULOUP,Troisième ligne,https://rugbyamateur.fr/joueur/maxence-tuloup/
Régionale 3,Broceliande Rugby Paimpont,Steyveen AMARY,Pilier,https://rugbyamateur.fr/joueur/steyveen-amary/
Régionale 3,Broceliande Rugby Paimpont,Jules BARRE RAOULT,N/A,https://rugbyamateur.fr/joueur/jules-barre-raoult/
Régionale 3,Broceliande Rugby Paimpont,Arnaud BOISBOUVIER,Centre,https://rugbyamateur.fr/joueur/arnaud-boisbouvier/
Régionale 3,Broceliande Rugby Paimpont,Tao BOISBOUVIER,Centre,https://rugbyamateur.fr/joueur/tao-boisbouvier/
Régionale 3,Broceliande Rugby Paimpont,Youn BOISBOUVIER,Demi de mêlée,https://rugbyamateur.fr/joueur/youn-boisbouvier/
Régionale 3,Broceliande Rugby Paimpont,Valentin BOUGOUIN,Deuxième ligne,https://rugbyamateur.fr/joueur/valentin-bougouin/
Régionale 3,Broceliande Rugby Paimpont,Maryan BRZEZINSKI,Troisième ligne,https://rugbyamateur.fr/joueur/maryan-brzezinski/
Régionale 3,Broceliande Rugby Paimpont,Louis Augustin CALONNE,Troisième ligne,https://rugbyamateur.fr/joueur/louis-augustin-calonne/
Régionale 3,Broceliande Rugby Paimpont,Atika CAMARA,N/A,https://rugbyamateur.fr/joueur/atika-camara/
Régionale 3,Broceliande Rugby Paimpont,Cyriac CASTELOT,Troisième ligne,https://rugbyamateur.fr/joueur/cyriac-castelot/
Régionale 3,Broceliande Rugby Paimpont,Youen CHAUVEAU,N/A,https://rugbyamateur.fr/joueur/youen-chauveau/
Régionale 3,Broceliande Rugby Paimpont,Florian DUTAY,Ailier,https://rugbyamateur.fr/joueur/florian-dutay/
Régionale 3,Broceliande Rugby Paimpont,Maxime FEUDE,N/A,https://rugbyamateur.fr/joueur/maxime-feude/
Régionale 3,Broceliande Rugby Paimpont,Robin FROUSTEY,Arrière,https://rugbyamateur.fr/joueur/robin-froustey/
Régionale 3,Broceliande Rugby Paimpont,Joshua LANE,Ailier,https://rugbyamateur.fr/joueur/joshua-lane/
Régionale 3,Broceliande Rugby Paimpont,Jeremy LE BLANC,N/A,https://rugbyamateur.fr/joueur/jeremy-le-blanc/
Régionale 3,Broceliande Rugby Paimpont,Maxence LOGOLOGOFOLAU,N/A,https://rugbyamateur.fr/joueur/maxence-logologofolau/
Régionale 3,Broceliande Rugby Paimpont,Eddie MORGE,Pilier,https://rugbyamateur.fr/joueur/eddie-morge/
Régionale 3,Broceliande Rugby Paimpont,Leo Van NOEL,Pilier,https://rugbyamateur.fr/joueur/leo-van-noel/
Régionale 3,Broceliande Rugby Paimpont,Edwin RAYNAUD,Ailier,https://rugbyamateur.fr/joueur/edwin-raynaud/
Régionale 3,Broceliande Rugby Paimpont,Tom RODRIGUEZ,Deuxième ligne,https://rugbyamateur.fr/joueur/tom-rodriguez/
Régionale 3,Broceliande Rugby Paimpont,Valentin ROLLAND,Pilier,https://rugbyamateur.fr/joueur/valentin-rolland/
Régionale 3,Broceliande Rugby Paimpont,Clement SPAHN,Talonneur,https://rugbyamateur.fr/joueur/clement-spahn/
Régionale 3,Broceliande Rugby Paimpont,Mikael THEVENOT,Talonneur,https://rugbyamateur.fr/joueur/mikael-thevenot/
Régionale 3,Broceliande Rugby Paimpont,Damien TIELLES,Deuxième ligne,https://rugbyamateur.fr/joueur/damien-tielles/
Régionale 3,Broceliande Rugby Paimpont,Andreas ABJEAN,Centre,https://rugbyamateur.fr/joueur/andreas-abjean/
Régionale 3,Broceliande Rugby Paimpont,Raphael ABJEAN,Talonneur,https://rugbyamateur.fr/joueur/raphael-abjean/
Régionale 3,Broceliande Rugby Paimpont,Eliott CANEVET,Pilier,https://rugbyamateur.fr/joueur/eliott-canevet/
Régionale 3,Broceliande Rugby Paimpont,Matteo CORITON,N/A,https://rugbyamateur.fr/joueur/matteo-coriton/
Régionale 3,Broceliande Rugby Paimpont,Gwenn GARZUEL,Demi d&#039;ouverture,https://rugbyamateur.fr/joueur/gwenn-garzuel/
Régionale 3,Broceliande Rugby Paimpont,Alexis GUILLOTIN,Talonneur,N/A
Régionale 3,P Nogent le Rotrou,Edouard AUBIN DURAND,N/A,N/A
Régionale 3,P Nogent le Rotrou,Ewen NOYELLE,Demi de mêlée,https://rugbyamateur.fr/joueur/ewen-noyelle/
Régionale 3,P Nogent le Rotrou,Louis RIGOT,Demi de mêlée,https://rugbyamateur.fr/joueur/louis-rigot/
Régionale 3,P Nogent le Rotrou,Mael ALLAIN,Deuxième ligne,https://rugbyamateur.fr/joueur/mael-allain/
Régionale 3,P Nogent le Rotrou,Sacha ANQUETIL,N/A,N/A
Régionale 3,P Nogent le Rotrou,Raphael ABGRALL,Talonneur,N/A
Régionale 3,Chabeuillois,Leontine ARGAUD,Demi de mêlée,https://rugbyamateur.fr/joueur/leontine-argaud/
Régionale 3,Chabeuillois,Clara ASSIUS,Pilier,https://rugbyamateur.fr/joueur/clara-assius/
Régionale 3,Chabeuillois,Noah BLACHE,N/A,https://rugbyamateur.fr/joueur/noah-blache/
Régionale 3,Chabeuillois,Noellie BLACHE,N/A,https://rugbyamateur.fr/joueur/noellie-blache/
Régionale 3,Chabeuillois,Celina BLACHIER,N/A,https://rugbyamateur.fr/joueur/celina-blachier/
Régionale 3,Chabeuillois,Emy BOUVERON,Centre,N/A
Régionale 3,Chabeuillois,Milo AMADIO,Demi de mêlée,https://rugbyamateur.fr/joueur/milo-amadio/
Régionale 3,Chabeuillois,Nino AMADIO,Demi de mêlée,https://rugbyamateur.fr/joueur/nino-amadio/
Régionale 3,Chabeuillois,Antoine ASTIER,Pilier,https://rugbyamateur.fr/joueur/antoine-astier/
Régionale 3,Chabeuillois,Anthony BARDE,N/A,N/A
Régionale 3,Chabeuillois,Mikael ABDOU,Pilier,https://rugbyamateur.fr/joueur/mikael-abdou/
Régionale 3,Chabeuillois,Nathan AEBY,N/A,https://rugbyamateur.fr/joueur/nathan-aeby/
Régionale 3,Chabeuillois,Mathys BLACHE,Ailier,https://rugbyamateur.fr/joueur/mathys-blache/
Régionale 3,Chabeuillois,Kyllian BOURGEAC,Deuxième ligne,https://rugbyamateur.fr/joueur/kyllian-bourgeac/
Régionale 3,Chabeuillois,Paolo BUISSON,Demi d&#039;ouverture,https://rugbyamateur.fr/joueur/paolo-buisson/
Régionale 3,Chabeuillois,Mohammed BURINE,Pilier,https://rugbyamateur.fr/joueur/mohammed-burine/
Régionale 3,Chabeuillois,Joann CHELLES,Deuxième ligne,https://rugbyamateur.fr/joueur/joann-chelles/
Régionale 3,Chabeuillois,Nathan CHOMARAT,Ailier,https://rugbyamateur.fr/joueur/nathan-chomarat/
Régionale 3,Chabeuillois,Marco CHOPARD,Centre,https://rugbyamateur.fr/joueur/marco-chopard/
Régionale 3,Chabeuillois,Antoine COINDET,Arrière,https://rugbyamateur.fr/joueur/antoine-coindet/
Régionale 3,Chabeuillois,Khelis FUSTIER,Troisième ligne,https://rugbyamateur.fr/joueur/khelis-fustier/
Régionale 3,Chabeuillois,Eliot GILLOS,N/A,https://rugbyamateur.fr/joueur/eliot-gillos/
Régionale 3,Chabeuillois,Robin GUETTAF,Demi de mêlée,https://rugbyamateur.fr/joueur/robin-guettaf/
Régionale 3,Chabeuillois,Gabin HABOUZIT,Talonneur,https://rugbyamateur.fr/joueur/gabin-habouzit/
Régionale 3,Chabeuillois,Lyam KANINE,Pilier,https://rugbyamateur.fr/joueur/lyam-kanine/
Régionale 3,Chabeuillois,Noe LAHOUSSE,Deuxième ligne,https://rugbyamateur.fr/joueur/noe-lahousse/
Régionale 3,Chabeuillois,Tom MONDET,Troisième ligne,https://rugbyamateur.fr/joueur/tom-mondet/
Régionale 3,Chabeuillois,Thao PRADON,Centre,https://rugbyamateur.fr/joueur/thao-pradon/
Régionale 3,Chabeuillois,Ryan PROUDHON,N/A,https://rugbyamateur.fr/joueur/ryan-proudhon/
Régionale 3,Chabeuillois,Saifillah SAANDI,Pilier,https://rugbyamateur.fr/joueur/saifillah-saandi/
Régionale 3,Chabeuillois,Arthur VILLETORTE,Troisième ligne,N/A
Régionale 3,Capdenac,Hugo AMOURET,Demi de mêlée,N/A
Régionale 3,Capdenac,Juliette ASSEMAT RICARD,Deuxième ligne,https://rugbyamateur.fr/joueur/juliette-assemat-ricard/
Régionale 3,Capdenac,Amazone AYRINHAC,N/A,N/A
Régionale 3,Capdenac,Nathan MOULY,N/A,https://rugbyamateur.fr/joueur/nathan-mouly/
Régionale 3,Mézin,Pierre Jean BAYLOCQ,Troisième ligne,https://rugbyamateur.fr/joueur/pierre-jean-baylocq/
Régionale 3,Mézin,Yanis BONNAFOUS,Deuxième ligne,https://rugbyamateur.fr/joueur/yanis-bonnafous/
Régionale 3,Mézin,Elgi BRAHAJ,Troisième ligne,https://rugbyamateur.fr/joueur/elgi-brahaj/
Régionale 3,Mézin,Johann CAPIN,Pilier,https://rugbyamateur.fr/joueur/johann-capin/
Régionale 3,Mézin,Clement CHAVES,Ailier,https://rugbyamateur.fr/joueur/clement-chaves/
Régionale 3,Mézin,Mathis COPPI,Centre,https://rugbyamateur.fr/joueur/mathis-coppi/
Régionale 3,Mézin,Raphael DIONNET,N/A,https://rugbyamateur.fr/joueur/raphael-dionnet/
Régionale 3,Mézin,Gino GRANIER,N/A,N/A
Régionale 3,Mézin,Theo ADE,N/A,N/A
Régionale 3,Mézin,Ethan ALQUIER,Deuxième ligne,N/A
Régionale 3,Mézin,Maxence APOSTOLOVSKI,Arrière,https://rugbyamateur.fr/joueur/maxence-apostolovski/
Régionale 3,Mézin,Quentin AUBA,Pilier,N/A
Régionale 3,Faverges,Lola ALCIATO,Demi d&#039;ouverture,https://rugbyamateur.fr/joueur/lola-alciato/
Régionale 3,Faverges,Marie ANCIAN,Deuxième ligne,https://rugbyamateur.fr/joueur/marie-ancian/
Régionale 3,Faverges,Emily BALE,Demi d&#039;ouverture,https://rugbyamateur.fr/joueur/emily-bale/
Régionale 3,Faverges,Anais BASIN,N/A,https://rugbyamateur.fr/joueur/anais-basin/
Régionale 3,Faverges,Elsa BATTARD,Deuxième ligne,https://rugbyamateur.fr/joueur/elsa-battard/
Régionale 3,Faverges,Alicya BELIN,Ailier,https://rugbyamateur.fr/joueur/alicya-belin/
Régionale 3,Faverges,Alix BERGEAUD,N/A,N/A
Régionale 3,Bassin Sud Minervois,Louis ANTON,Ailier,https://rugbyamateur.fr/joueur/louis-anton/
Régionale 3,Bassin Sud Minervois,Nathan AVUCLU,Troisième ligne,https://rugbyamateur.fr/joueur/nathan-avuclu/
Régionale 3,Bassin Sud Minervois,Milo AZAIS,Centre,https://rugbyamateur.fr/joueur/milo-azais/
Régionale 3,Bassin Sud Minervois,Lenny BARTHES,Centre,https://rugbyamateur.fr/joueur/lenny-barthes/
Régionale 3,Bassin Sud Minervois,Clement BATALLE,Centre,https://rugbyamateur.fr/joueur/clement-batalle/
Régionale 3,Bassin Sud Minervois,Aubin BONHOURE,Demi de mêlée,https://rugbyamateur.fr/joueur/aubin-bonhoure/
Régionale 3,Bassin Sud Minervois,Aron BOUILLE,N/A,https://rugbyamateur.fr/joueur/aron-bouille/
Régionale 3,Bassin Sud Minervois,Simon CANGUILHEM,Troisième ligne,N/A
Régionale 3,Arbois,Maxence AVIET,Talonneur,https://rugbyamateur.fr/joueur/maxence-aviet/
Régionale 3,Arbois,Arthur BARBOUX,Demi de mêlée,https://rugbyamateur.fr/joueur/arthur-barboux/
Régionale 3,Arbois,Remi BILA,Troisième ligne,https://rugbyamateur.fr/joueur/remi-bila/
Régionale 3,Arbois,Lucien BLONDET,Demi de mêlée,https://rugbyamateur.fr/joueur/lucien-blondet/
Régionale 3,Arbois,Enzo BOUCHER,Centre,N/A
Régionale 3,Arbois,Arthur BIETRY COSTEI,Deuxième ligne,N/A
Régionale 3,Arbois,Fabien FOURNIER,Troisième ligne,https://rugbyamateur.fr/joueur/fabien-fournier/
Régionale 3,Arbois,Justin JANOD,Troisième ligne,https://rugbyamateur.fr/joueur/justin-janod/
Régionale 3,Arbois,Pierre LEFAURE,Troisième ligne,https://rugbyamateur.fr/joueur/pierre-lefaure/
Régionale 3,Arbois,Matteo AIME,Arrière,https://rugbyamateur.fr/joueur/matteo-aime/
Régionale 3,Arbois,Benjamin ALVES,Pilier,https://rugbyamateur.fr/joueur/benjamin-alves/
Régionale 3,Arbois,Johan AMAR,Talonneur,N/A
Régionale 3,Arbois,Leandre BUFFLER,Deuxième ligne,https://rugbyamateur.fr/joueur/leandre-buffler/
Régionale 3,Arbois,Nino DEL FABBRO,Arrière,https://rugbyamateur.fr/joueur/nino-del-fabbro/
Régionale 3,Arbois,Marius DELCOURT,Ailier,https://rugbyamateur.fr/joueur/marius-delcourt/
Régionale 3,Arbois,Charlie DEMONET,Demi de mêlée,https://rugbyamateur.fr/joueur/charlie-demonet/
Régionale 3,Arbois,Charly DEQUE,Pilier,https://rugbyamateur.fr/joueur/charly-deque/
Régionale 3,Arbois,Matis DUPONT,Centre,https://rugbyamateur.fr/joueur/matis-dupont/
Régionale 3,Arbois,Nathan GARCIA,Talonneur,https://rugbyamateur.fr/joueur/nathan-garcia/
Régionale 3,Arbois,Martin GIRARD,Demi d&#039;ouverture,https://rugbyamateur.fr/joueur/martin-girard/
Régionale 3,Arbois,Jude GUIGNARD MILLET,Ailier,https://rugbyamateur.fr/joueur/jude-guignard-millet/
Régionale 3,Arbois,Baptiste HAMBACHER,Troisième ligne,https://rugbyamateur.fr/joueur/baptiste-hambacher/
Régionale 3,Arbois,Camille HERGOT,Talonneur,https://rugbyamateur.fr/joueur/camille-hergot/
Régionale 3,Arbois,Arthur HORST,Pilier,https://rugbyamateur.fr/joueur/arthur-horst/
Régionale 3,Arbois,Guillaume KELLER,Troisième ligne,https://rugbyamateur.fr/joueur/guillaume-keller/
Régionale 3,Arbois,Antony Daniel Henri LABONDE,Deuxième ligne,https://rugbyamateur.fr/joueur/antony-daniel-henri-labonde/
Régionale 3,Arbois,Matteo LAMONTRE,Ailier,https://rugbyamateur.fr/joueur/matteo-lamontre/
Régionale 3,Arbois,Camille LARRIEU,Deuxième ligne,https://rugbyamateur.fr/joueur/camille-larrieu/
Régionale 3,Arbois,Antonin MARZOCCHINI,Troisième ligne,https://rugbyamateur.fr/joueur/antonin-marzocchini/
Régionale 3,Arbois,Leo MOLINA,Talonneur,https://rugbyamateur.fr/joueur/leo-molina/
Régionale 3,Arbois,Maxence MOURLOT,Pilier,https://rugbyamateur.fr/joueur/maxence-mourlot/
Régionale 3,Arbois,Romeo NABOYEV,Deuxième ligne,https://rugbyamateur.fr/joueur/romeo-naboyev/
Régionale 3,Arbois,Axel NETH,Arrière,https://rugbyamateur.fr/joueur/axel-neth/
Régionale 3,Arbois,Simon NONNENMACHER,Centre,https://rugbyamateur.fr/joueur/simon-nonnenmacher/
Régionale 3,Arbois,Max NORET,Deuxième ligne,https://rugbyamateur.fr/joueur/max-noret/
Régionale 3,Arbois,Auguste PAIN,Demi de mêlée,https://rugbyamateur.fr/joueur/auguste-pain/
Régionale 3,Arbois,Hugo PIEJAK,Demi d&#039;ouverture,https://rugbyamateur.fr/joueur/hugo-piejak/
Régionale 3,Arbois,Malo POTHERAT,Ailier,https://rugbyamateur.fr/joueur/malo-potherat/
Régionale 3,Arbois,Antonin PREZELUS,Troisième ligne,https://rugbyamateur.fr/joueur/antonin-prezelus/
Régionale 3,Arbois,Baptiste REGADE,Demi de mêlée,N/A
Régionale 3,Arbois,Raphael ALIVAUD,Troisième ligne,https://rugbyamateur.fr/joueur/raphael-alivaud/
Régionale 3,Arbois,Gabriel Anthony BARLET,Centre,https://rugbyamateur.fr/joueur/gabriel-anthony-barlet/
Régionale 3,Arbois,Timon BARRE,N/A,https://rugbyamateur.fr/joueur/timon-barre/
Régionale 3,Arbois,Tom BEAUCAMP,Troisième ligne,https://rugbyamateur.fr/joueur/tom-beaucamp/
Régionale 3,Arbois,Victor BOST,Demi de mêlée,https://rugbyamateur.fr/joueur/victor-bost/
Régionale 3,Arbois,Quentin DELPERIE,Centre,https://rugbyamateur.fr/joueur/quentin-delperie/
Régionale 3,Arbois,Enzo DUFRESNE,Deuxième ligne,https://rugbyamateur.fr/joueur/enzo-dufresne/
Régionale 3,Arbois,Francesco FABIANI,Centre,https://rugbyamateur.fr/joueur/francesco-fabiani/
Régionale 3,Arbois,Sean Patrick GOHET,Centre,https://rugbyamateur.fr/joueur/sean-patrick-gohet/
Régionale 3,Arbois,Julien GUY,N/A,https://rugbyamateur.fr/joueur/julien-guy/
Régionale 3,Arbois,Idriss KIANI,Deuxième ligne,https://rugbyamateur.fr/joueur/idriss-kiani/
Régionale 3,Arbois,Yanis KRABCHI,Pilier,https://rugbyamateur.fr/joueur/yanis-krabchi/
Régionale 3,Arbois,Theo LE MEUR,Pilier,https://rugbyamateur.fr/joueur/theo-le-meur/
Régionale 3,Arbois,Sacha LECLERCQ,Ailier,https://rugbyamateur.fr/joueur/sacha-leclercq/
Régionale 3,Arbois,Eloi LECUYER,Troisième ligne,https://rugbyamateur.fr/joueur/eloi-lecuyer/
Régionale 3,Arbois,Quentin LEGRAND,Talonneur,https://rugbyamateur.fr/joueur/quentin-legrand/
Régionale 3,Arbois,Clement LIZABAULT,Deuxième ligne,https://rugbyamateur.fr/joueur/clement-lizabault/
Régionale 3,Arbois,Yannick LUCOTTE,Ailier,https://rugbyamateur.fr/joueur/yannick-lucotte/
Régionale 3,Arbois,Titouan MANDON,Ailier,https://rugbyamateur.fr/joueur/titouan-mandon/
Régionale 3,Arbois,Hippolyte MATHON,Demi d&#039;ouverture,https://rugbyamateur.fr/joueur/hippolyte-mathon/
Régionale 3,Arbois,Arthur Jean Philippe Maire Joseph MELIN,Arrière,https://rugbyamateur.fr/joueur/arthur-jean-philippe-maire-joseph-melin/
Régionale 3,Arbois,Antoine MORIAUX PELISSIER,Arrière,https://rugbyamateur.fr/joueur/antoine-moriaux-pelissier/
Régionale 3,Arbois,Virgile Jacky Jean PIERRAT,Troisième ligne,https://rugbyamateur.fr/joueur/virgile-jacky-jean-pierrat/
Régionale 3,Arbois,Paul ROQUES,Ailier,https://rugbyamateur.fr/joueur/paul-roques/
Régionale 3,Arbois,Loick SAISSET,Deuxième ligne,https://rugbyamateur.fr/joueur/loick-saisset/
Régionale 3,Arbois,Edgar TRAVERS,N/A,https://rugbyamateur.fr/joueur/edgar-travers/
Régionale 3,Parentis,Lilian ALFONSO,N/A,https://rugbyamateur.fr/joueur/lilian-alfonso/
Régionale 3,Parentis,Maxime BACHELET,N/A,https://rugbyamateur.fr/joueur/maxime-bachelet/
Régionale 3,Parentis,Ricardo BESSA,Arrière,https://rugbyamateur.fr/joueur/ricardo-bessa/
Régionale 3,Parentis,Wilfried BESTAVEN LENOBLE,N/A,https://rugbyamateur.fr/joueur/wilfried-bestaven-lenoble/
Régionale 3,Parentis,Edouard BLANC,Troisième ligne,https://rugbyamateur.fr/joueur/edouard-blanc/
Régionale 3,Parentis,Julien BOUILLERE,Demi d&#039;ouverture,https://rugbyamateur.fr/joueur/julien-bouillere/
Régionale 3,Parentis,Hugo BRUNE,Troisième ligne,https://rugbyamateur.fr/joueur/hugo-brune/
Régionale 3,Parentis,Lucas COURTOIS,Demi d&#039;ouverture,https://rugbyamateur.fr/joueur/lucas-courtois/
Régionale 3,Parentis,Ludovic DARRIBEY,Deuxième ligne,https://rugbyamateur.fr/joueur/ludovic-darribey/
Régionale 3,Parentis,Vincent Georges DARRIBEY,N/A,https://rugbyamateur.fr/joueur/vincent-georges-darribey/
Régionale 3,Parentis,Thomas DUVIGNAC,N/A,https://rugbyamateur.fr/joueur/thomas-duvignac/
Régionale 3,Parentis,Louis ENGARD,Ailier,https://rugbyamateur.fr/joueur/louis-engard/
Régionale 3,Parentis,Terence EVANGELISTI,Centre,https://rugbyamateur.fr/joueur/terence-evangelisti/
Régionale 3,Parentis,Boris KOKOCINSKI,Pilier,https://rugbyamateur.fr/joueur/boris-kokocinski/
Régionale 3,Parentis,Vincent LAMAISON,Demi de mêlée,https://rugbyamateur.fr/joueur/vincent-lamaison/
Régionale 3,Parentis,Benjamin LAMARQUE,Deuxième ligne,https://rugbyamateur.fr/joueur/benjamin-lamarque/
Régionale 3,Parentis,Tom LESCARRET,Centre,https://rugbyamateur.fr/joueur/tom-lescarret/
Régionale 3,Parentis,Lucas LEVEN,Troisième ligne,https://rugbyamateur.fr/joueur/lucas-leven/
Régionale 3,Parentis,Julian MESPLET,Troisième ligne,https://rugbyamateur.fr/joueur/julian-mesplet/
Régionale 3,Parentis,Titouan PACAUD,Arrière,https://rugbyamateur.fr/joueur/titouan-pacaud/
Régionale 3,Parentis,Bastien PAUILLAC,Talonneur,https://rugbyamateur.fr/joueur/bastien-pauillac/
Régionale 3,Parentis,Kevin PEBOSCQ,Pilier,https://rugbyamateur.fr/joueur/kevin-peboscq/
Régionale 3,Parentis,Patryk PILAT,Pilier,https://rugbyamateur.fr/joueur/patryk-pilat/
Régionale 3,Parentis,Louis SAYRO,Ailier,https://rugbyamateur.fr/joueur/louis-sayro/
Régionale 3,Parentis,Tom SERMET,Deuxième ligne,https://rugbyamateur.fr/joueur/tom-sermet/
Régionale 3,Parentis,Alexy SOULES,Demi d&#039;ouverture,https://rugbyamateur.fr/joueur/alexy-soules/
Régionale 3,Parentis,Damien VALCARCEL,Pilier,https://rugbyamateur.fr/joueur/damien-valcarcel/
Régionale 3,Parentis,Paul VALETTE,Troisième ligne,https://rugbyamateur.fr/joueur/paul-valette/
Régionale 3,Parentis,Jean Baptiste VILLETORTE,N/A,https://rugbyamateur.fr/joueur/jean-baptiste-villetorte/
Régionale 3,Parentis,Axel AHARRAS,Troisième ligne,https://rugbyamateur.fr/joueur/axel-aharras/
Régionale 3,Parentis,Romain AUDEMARD,N/A,https://rugbyamateur.fr/joueur/romain-audemard/
Régionale 3,Parentis,Xavier BACH,Ailier,https://rugbyamateur.fr/joueur/xavier-bach/
Régionale 3,Parentis,Mael BACHELEY,N/A,N/A
Régionale 3,Parentis,Simon BERGER,Centre,https://rugbyamateur.fr/joueur/simon-berger/
Régionale 3,Parentis,Antton BERROUET,N/A,N/A
Régionale 3,RUBGY CLUB M,Alexandre ALLAIN,Centre,https://rugbyamateur.fr/joueur/alexandre-allain/
Régionale 3,RUBGY CLUB M,Thibaut BELLAMY BATTINI,Centre,https://rugbyamateur.fr/joueur/thibaut-bellamy-battini/
Régionale 3,RUBGY CLUB M,Kevin BEUZELIN,N/A,https://rugbyamateur.fr/joueur/kevin-beuzelin/
Régionale 3,RUBGY CLUB M,Michel BORDEL,Arrière,https://rugbyamateur.fr/joueur/michel-bordel/
Régionale 3,RUBGY CLUB M,Anthony DA CUNHA,N/A,https://rugbyamateur.fr/joueur/anthony-da-cunha/
Régionale 3,RUBGY CLUB M,Guillaume DELAN,N/A,https://rugbyamateur.fr/joueur/guillaume-delan/
Régionale 3,RUBGY CLUB M,Nicolas DELAN,N/A,https://rugbyamateur.fr/joueur/nicolas-delan/
Régionale 3,RUBGY CLUB M,Matthieu DERRIVE,Deuxième ligne,https://rugbyamateur.fr/joueur/matthieu-derrive/
Régionale 3,RUBGY CLUB M,Florian DUBOURG,Troisième ligne,https://rugbyamateur.fr/joueur/florian-dubourg/
Régionale 3,RUBGY CLUB M,Leo DUCROS,Ailier,https://rugbyamateur.fr/joueur/leo-ducros/
Régionale 3,RUBGY CLUB M,Charly FABREGOULE,Ailier,https://rugbyamateur.fr/joueur/charly-fabregoule/
Régionale 3,RUBGY CLUB M,George FERREIRA PEIXE,Pilier,https://rugbyamateur.fr/joueur/george-ferreira-peixe/
Régionale 3,RUBGY CLUB M,Bruno GIZZI,Talonneur,https://rugbyamateur.fr/joueur/bruno-gizzi/
Régionale 3,RUBGY CLUB M,Waib JEAN ALPHONSE,N/A,https://rugbyamateur.fr/joueur/waib-jean-alphonse/
Régionale 3,RUBGY CLUB M,Ludovic LADET,Pilier,https://rugbyamateur.fr/joueur/ludovic-ladet/
Régionale 3,RUBGY CLUB M,Loic LAURENT,Troisième ligne,https://rugbyamateur.fr/joueur/loic-laurent/
Régionale 3,RUBGY CLUB M,Sylvain LAURENT,N/A,https://rugbyamateur.fr/joueur/sylvain-laurent/
Régionale 3,RUBGY CLUB M,Cyril LE ROY,Pilier,https://rugbyamateur.fr/joueur/cyril-le-roy/
Régionale 3,RUBGY CLUB M,Jason LURAC,N/A,https://rugbyamateur.fr/joueur/jason-lurac/
Régionale 3,RUBGY CLUB M,Xavier MAIGNAN,N/A,https://rugbyamateur.fr/joueur/xavier-maignan/
Régionale 3,RUBGY CLUB M,Martial MANCILLA,Talonneur,https://rugbyamateur.fr/joueur/martial-mancilla/
Régionale 3,RUBGY CLUB M,Geoffrey MATHERON,Deuxième ligne,https://rugbyamateur.fr/joueur/geoffrey-matheron/
Régionale 3,RUBGY CLUB M,Baptiste NAVARROT,Demi d&#039;ouverture,https://rugbyamateur.fr/joueur/baptiste-navarrot/
Régionale 3,RUBGY CLUB M,Guillaume PAGET,Deuxième ligne,https://rugbyamateur.fr/joueur/guillaume-paget/
Régionale 3,RUBGY CLUB M,Benjamin PAULIN,Ailier,https://rugbyamateur.fr/joueur/benjamin-paulin/
Régionale 3,RUBGY CLUB M,Tony PHAAN,Deuxième ligne,https://rugbyamateur.fr/joueur/tony-phaan/
Régionale 3,RUBGY CLUB M,Rudy RABIS,Centre,https://rugbyamateur.fr/joueur/rudy-rabis/
Régionale 3,RUBGY CLUB M,Quentin REQUISTON,Demi de mêlée,https://rugbyamateur.fr/joueur/quentin-requiston/
Régionale 3,RUBGY CLUB M,Julien ROUGON,Demi d&#039;ouverture,https://rugbyamateur.fr/joueur/julien-rougon/
Régionale 3,RUBGY CLUB M,Emmanuel ROUSSIER,Deuxième ligne,https://rugbyamateur.fr/joueur/emmanuel-roussier/
Régionale 3,Deolois,Lilian AGOGUE,Troisième ligne,https://rugbyamateur.fr/joueur/lilian-agogue/
Régionale 3,Deolois,Sandro BELFIORE,Pilier,https://rugbyamateur.fr/joueur/sandro-belfiore/
Régionale 3,Deolois,Maxence BENON,N/A,N/A
Régionale 3,Deolois,Guillaume DAGOT,Talonneur,https://rugbyamateur.fr/joueur/guillaume-dagot/
Régionale 3,Deolois,Loic DENEUX,Troisième ligne,https://rugbyamateur.fr/joueur/loic-deneux/
Régionale 3,Deolois,Alex DEVIN,Pilier,https://rugbyamateur.fr/joueur/alex-devin/
Régionale 3,Deolois,Lilian DOLIDIER,Arrière,https://rugbyamateur.fr/joueur/lilian-dolidier/
Régionale 3,Deolois,Quentin DOLIDIER,Demi d&#039;ouverture,https://rugbyamateur.fr/joueur/quentin-dolidier/
Régionale 3,Deolois,Matthieu DOOMS,Troisième ligne,https://rugbyamateur.fr/joueur/matthieu-dooms/
Régionale 3,Deolois,Andy ECHARD,Centre,https://rugbyamateur.fr/joueur/andy-echard/
Régionale 3,Deolois,Justin GRELET,Demi d&#039;ouverture,https://rugbyamateur.fr/joueur/justin-grelet/
Régionale 3,Deolois,Mattias GRELEWIEZ,Demi de mêlée,https://rugbyamateur.fr/joueur/mattias-grelewiez/
Régionale 3,Deolois,Lilian HAMEAU,N/A,https://rugbyamateur.fr/joueur/lilian-hameau/
Régionale 3,Deolois,Enzo LE NUE,Pilier,https://rugbyamateur.fr/joueur/enzo-le-nue/
Régionale 3,Deolois,Cedric LEPETIT,N/A,https://rugbyamateur.fr/joueur/cedric-lepetit/
Régionale 3,Deolois,Bastien MARTINHO,Pilier,https://rugbyamateur.fr/joueur/bastien-martinho/
Régionale 3,Deolois,Noah NOIZAT,Talonneur,https://rugbyamateur.fr/joueur/noah-noizat/
Régionale 3,Deolois,Victor NOUHANT-DIARD,Deuxième ligne,https://rugbyamateur.fr/joueur/victor-nouhant-diard/
Régionale 3,Deolois,Julien PASCAL,Troisième ligne,https://rugbyamateur.fr/joueur/julien-pascal/
Régionale 3,Deolois,Darwin PATTINSON,Ailier,https://rugbyamateur.fr/joueur/darwin-pattinson/
Régionale 3,Deolois,Jonah PATTINSON,Troisième ligne,https://rugbyamateur.fr/joueur/jonah-pattinson/
Régionale 3,Deolois,Maxime PENIGUET,Ailier,https://rugbyamateur.fr/joueur/maxime-peniguet/
Régionale 3,Deolois,Ludwig PHILIPPON,Troisième ligne,https://rugbyamateur.fr/joueur/ludwig-philippon/
Régionale 3,Deolois,Pierre PICHONNET,Centre,https://rugbyamateur.fr/joueur/pierre-pichonnet/
Régionale 3,Deolois,Noe PRUM,N/A,https://rugbyamateur.fr/joueur/noe-prum/
Régionale 3,Deolois,Lenny SAGOT HAURE,N/A,https://rugbyamateur.fr/joueur/lenny-sagot-haure/
Régionale 3,Deolois,Babou SAMAKE,N/A,https://rugbyamateur.fr/joueur/babou-samake/
Régionale 3,Deolois,Enzo VALENCIER,Deuxième ligne,https://rugbyamateur.fr/joueur/enzo-valencier/
Régionale 3,Deolois,Mathias AUBARD,N/A,https://rugbyamateur.fr/joueur/mathias-aubard/
Régionale 3,Deolois,Hugo AUDEBERT,Centre,https://rugbyamateur.fr/joueur/hugo-audebert/
Régionale 3,Deolois,Clovis CHATELIER,Demi de mêlée,https://rugbyamateur.fr/joueur/clovis-chatelier/
Régionale 3,Deolois,Tom CHATRAIX,N/A,https://rugbyamateur.fr/joueur/tom-chatraix/
Régionale 3,Deolois,Gaspard DECHAUMONT,N/A,https://rugbyamateur.fr/joueur/gaspard-dechaumont/
Régionale 3,Deolois,Romain DECOUX,Demi d&#039;ouverture,https://rugbyamateur.fr/joueur/romain-decoux/
Régionale 3,Deolois,Marius DEFLISQUE,Pilier,https://rugbyamateur.fr/joueur/marius-deflisque/
Régionale 3,Deolois,Quentin LALLEMAND,Centre,https://rugbyamateur.fr/joueur/quentin-lallemand/
Régionale 3,Deolois,Louis LAURENT,Talonneur,https://rugbyamateur.fr/joueur/louis-laurent/
Régionale 3,Deolois,Noa LEBOEUF,Troisième ligne,https://rugbyamateur.fr/joueur/noa-leboeuf/
Régionale 3,Deolois,Paul LOPEZ,Pilier,https://rugbyamateur.fr/joueur/paul-lopez/
Régionale 3,Deolois,Soni LOUALOUP,Ailier,https://rugbyamateur.fr/joueur/soni-loualoup/
Régionale 3,Deolois,Enzo MALLERET,Troisième ligne,https://rugbyamateur.fr/joueur/enzo-malleret/
Régionale 3,Deolois,Loris MARTINEZ,N/A,https://rugbyamateur.fr/joueur/loris-martinez/
Régionale 3,Deolois,Nino PEDARD,Deuxième ligne,https://rugbyamateur.fr/joueur/nino-pedard/
Régionale 3,Deolois,Luka PREDAL,Arrière,https://rugbyamateur.fr/joueur/luka-predal/
Régionale 3,Deolois,Antonin PRUM,N/A,https://rugbyamateur.fr/joueur/antonin-prum/
Régionale 3,Deolois,Marceau REGIBIER,N/A,https://rugbyamateur.fr/joueur/marceau-regibier/
Régionale 3,Deolois,Jayden STICKLAND,Deuxième ligne,https://rugbyamateur.fr/joueur/jayden-stickland/
Régionale 3,Deolois,Anis TAHIRI,Ailier,https://rugbyamateur.fr/joueur/anis-tahiri/
Régionale 3,Deolois,Gabin VILLATTE,Troisième ligne,https://rugbyamateur.fr/joueur/gabin-villatte/
Régionale 3,Plaisance,Nicolas BARBE,Centre,https://rugbyamateur.fr/joueur/nicolas-barbe/
Régionale 3,Plaisance,Mathis BIANCHI,Pilier,https://rugbyamateur.fr/joueur/mathis-bianchi/
Régionale 3,Plaisance,Killian BOURDENS,Demi de mêlée,https://rugbyamateur.fr/joueur/killian-bourdens/
Régionale 3,Plaisance,Paul CROCHET,Troisième ligne,https://rugbyamateur.fr/joueur/paul-crochet/
Régionale 3,Plaisance,Charles DARTIGAUX,Troisième ligne,https://rugbyamateur.fr/joueur/charles-dartigaux/
Régionale 3,Plaisance,Yanis DUJARDIN,Centre,https://rugbyamateur.fr/joueur/yanis-dujardin/
Régionale 3,Plaisance,Lauric DULUC,Centre,https://rugbyamateur.fr/joueur/lauric-duluc/
Régionale 3,Plaisance,Thibault GADOR,Arrière,https://rugbyamateur.fr/joueur/thibault-gador/
Régionale 3,Plaisance,Johnathan HUESO,N/A,https://rugbyamateur.fr/joueur/johnathan-hueso/
Régionale 3,Plaisance,Maxime PELLEFIGUE,N/A,https://rugbyamateur.fr/joueur/maxime-pellefigue/
Régionale 3,Plaisance,Jean Charles PLANTE,Pilier,https://rugbyamateur.fr/joueur/jean-charles-plante/
Régionale 3,Plaisance,Clement PUJAU,Talonneur,https://rugbyamateur.fr/joueur/clement-pujau/
Régionale 3,Plaisance,Jean PUJOL,N/A,https://rugbyamateur.fr/joueur/jean-pujol/
Régionale 3,Plaisance,Leo SAINT JEAN,Demi d&#039;ouverture,https://rugbyamateur.fr/joueur/leo-saint-jean/
Régionale 3,Plaisance,Joris SAINT MARTIN,Deuxième ligne,https://rugbyamateur.fr/joueur/joris-saint-martin/
Régionale 3,Plaisance,Thomas SAINT MARTIN,Troisième ligne,https://rugbyamateur.fr/joueur/thomas-saint-martin/
Régionale 3,Plaisance,Quentin SANCHOU,Troisième ligne,https://rugbyamateur.fr/joueur/quentin-sanchou/
Régionale 3,Plaisance,Enzo SIMONINI,Troisième ligne,https://rugbyamateur.fr/joueur/enzo-simonini/
Régionale 3,Plaisance,Antoine SZELANGIEWICZ,N/A,https://rugbyamateur.fr/joueur/antoine-szelangiewicz/
Régionale 3,Plaisance,Bastien THOMERET,Troisième ligne,https://rugbyamateur.fr/joueur/bastien-thomeret/
Régionale 3,Plaisance,Fabien TONNIS,Deuxième ligne,https://rugbyamateur.fr/joueur/fabien-tonnis/
Régionale 3,Plaisance,Remy TONNIS,Pilier,https://rugbyamateur.fr/joueur/remy-tonnis/
Régionale 3,Plaisance,Luca VACCARO,Centre,https://rugbyamateur.fr/joueur/luca-vaccaro/
Régionale 3,Plaisance,Aymeric VANDEKERKOF,Ailier,https://rugbyamateur.fr/joueur/aymeric-vandekerkof/
Régionale 3,Plaisance,Tristan VANDEKERKOF,Ailier,https://rugbyamateur.fr/joueur/tristan-vandekerkof/
Régionale 3,Plaisance,Sylvain VOEGELIN,N/A,https://rugbyamateur.fr/joueur/sylvain-voegelin/
Régionale 3,Marseillais,Felix AKROUN FORTERRE,Troisième ligne,https://rugbyamateur.fr/joueur/felix-akroun-forterre/
Régionale 3,Marseillais,Elio BARTOLINI,N/A,https://rugbyamateur.fr/joueur/elio-bartolini/
Régionale 3,Marseillais,Matheo BOUC SCAGLIA,Talonneur,https://rugbyamateur.fr/joueur/matheo-bouc-scaglia/
Régionale 3,Marseillais,Theo CACCIATORE,Pilier,https://rugbyamateur.fr/joueur/theo-cacciatore/
Régionale 3,Marseillais,Iban CARRIERE,Centre,https://rugbyamateur.fr/joueur/iban-carriere/
Régionale 3,Marseillais,Andreas CUGIER,Ailier,N/A
Régionale 3,Marseillais,Esteban ABAT,Demi d&#039;ouverture,https://rugbyamateur.fr/joueur/esteban-abat/
Régionale 3,Marseillais,Zayd ABDELLAOUI,Pilier,https://rugbyamateur.fr/joueur/zayd-abdellaoui/
Régionale 3,Marseillais,Timeo ANSARDI,Ailier,https://rugbyamateur.fr/joueur/timeo-ansardi/
Régionale 3,Marseillais,Samir BARECH,Pilier,https://rugbyamateur.fr/joueur/samir-barech/
Régionale 3,Marseillais,Baptiste BERTIN,Ailier,N/A
Régionale 3,Daglan,Victor AGNONA,Demi d&#039;ouverture,https://rugbyamateur.fr/joueur/victor-agnona/
Régionale 3,Daglan,Martial AMRANE,Pilier,N/A
Régionale 3,La Barguillère,Thibaut ANNE,N/A,https://rugbyamateur.fr/joueur/thibaut-anne/
Régionale 3,La Barguillère,Maxime BAREILLE,Arrière,https://rugbyamateur.fr/joueur/maxime-bareille/
Régionale 3,La Barguillère,Benoit CANAL,Deuxième ligne,https://rugbyamateur.fr/joueur/benoit-canal/
Régionale 3,La Barguillère,Laurent CASTAING,Centre,https://rugbyamateur.fr/joueur/laurent-castaing/
Régionale 3,La Barguillère,Thomas DANGREMONT,N/A,https://rugbyamateur.fr/joueur/thomas-dangremont/
Régionale 3,La Barguillère,Alexandre DELALANDE,N/A,https://rugbyamateur.fr/joueur/alexandre-delalande/
Régionale 3,La Barguillère,Enzo DELBREIL,Ailier,https://rugbyamateur.fr/joueur/enzo-delbreil/
Régionale 3,La Barguillère,Kevin DELBREIL,Ailier,https://rugbyamateur.fr/joueur/kevin-delbreil/
Régionale 3,La Barguillère,Lucas GARCIA,Deuxième ligne,https://rugbyamateur.fr/joueur/lucas-garcia/
Régionale 3,La Barguillère,Cedric HEBERT,Pilier,https://rugbyamateur.fr/joueur/cedric-hebert/
Régionale 3,La Barguillère,Samuel JAN,N/A,https://rugbyamateur.fr/joueur/samuel-jan/
Régionale 3,La Barguillère,Vincent LAZERGES,Troisième ligne,https://rugbyamateur.fr/joueur/vincent-lazerges/
Régionale 3,La Barguillère,Raphael LEBLANC,N/A,https://rugbyamateur.fr/joueur/raphael-leblanc/
Régionale 3,La Barguillère,Anthony MACHADO,Arrière,https://rugbyamateur.fr/joueur/anthony-machado/
Régionale 3,La Barguillère,Maxime MARHUENDA,Talonneur,https://rugbyamateur.fr/joueur/maxime-marhuenda/
Régionale 3,La Barguillère,Clement PELFORT,N/A,https://rugbyamateur.fr/joueur/clement-pelfort/
Régionale 3,La Barguillère,Marius RAMOS,Centre,https://rugbyamateur.fr/joueur/marius-ramos/
Régionale 3,La Barguillère,Julian ROUAIX,Pilier,https://rugbyamateur.fr/joueur/julian-rouaix/
Régionale 3,La Barguillère,Stephen ROUDIERE,Troisième ligne,https://rugbyamateur.fr/joueur/stephen-roudiere/
Régionale 3,La Barguillère,Nicolas SCHNEE,Ailier,https://rugbyamateur.fr/joueur/nicolas-schnee/
Régionale 3,La Barguillère,Maxime SOARES,Troisième ligne,https://rugbyamateur.fr/joueur/maxime-soares/
Régionale 3,La Barguillère,Aymeric TEYCHENNE,Troisième ligne,https://rugbyamateur.fr/joueur/aymeric-teychenne/
Régionale 3,La Barguillère,Ludovic TOLOSA,Centre,https://rugbyamateur.fr/joueur/ludovic-tolosa/
Régionale 3,La Barguillère,Patricde TRAQUET,Pilier,https://rugbyamateur.fr/joueur/patricde-traquet/
Régionale 3,La Barguillère,Jose VALLE ANTUNES,Demi d&#039;ouverture,https://rugbyamateur.fr/joueur/jose-valle-antunes/
Régionale 3,Épinal-Golbey,Maxime AUBERT,Centre,https://rugbyamateur.fr/joueur/maxime-aubert/
Régionale 3,Épinal-Golbey,Emilien BONTEMPS,Talonneur,https://rugbyamateur.fr/joueur/emilien-bontemps/
Régionale 3,Épinal-Golbey,Basile DAVAL,Deuxième ligne,https://rugbyamateur.fr/joueur/basile-daval/
Régionale 3,Épinal-Golbey,Lucas ETIENNE,Pilier,https://rugbyamateur.fr/joueur/lucas-etienne/
Régionale 3,Épinal-Golbey,Hugo FLEURENTIN,Demi d&#039;ouverture,https://rugbyamateur.fr/joueur/hugo-fleurentin/
Régionale 3,Épinal-Golbey,Alessio GRIMAUDO,Pilier,https://rugbyamateur.fr/joueur/alessio-grimaudo/
Régionale 3,Épinal-Golbey,Thomas HOHMANN,Deuxième ligne,https://rugbyamateur.fr/joueur/thomas-hohmann/
Régionale 3,Épinal-Golbey,Jules L ETANG,Demi de mêlée,https://rugbyamateur.fr/joueur/jules-l-etang/
Régionale 3,Épinal-Golbey,Leo MONTEMONT,Deuxième ligne,https://rugbyamateur.fr/joueur/leo-montemont/
Régionale 3,Épinal-Golbey,Tom PERROTEY,Demi d&#039;ouverture,https://rugbyamateur.fr/joueur/tom-perrotey/
Régionale 3,Épinal-Golbey,Maxim PETIT,Arrière,https://rugbyamateur.fr/joueur/maxim-petit/
Régionale 3,Épinal-Golbey,Ethan ROBERT,N/A,https://rugbyamateur.fr/joueur/ethan-robert/
Régionale 3,Épinal-Golbey,Luan SALIJAJ,Deuxième ligne,https://rugbyamateur.fr/joueur/luan-salijaj/
Régionale 3,Épinal-Golbey,Louis TRIBOULOT,Talonneur,https://rugbyamateur.fr/joueur/louis-triboulot/
Régionale 3,Amicale Laique des Jeunes de Limay,Alexandre AUBRY,N/A,https://rugbyamateur.fr/joueur/alexandre-aubry/
Régionale 3,Amicale Laique des Jeunes de Limay,Benjamin BERTRAND,N/A,https://rugbyamateur.fr/joueur/benjamin-bertrand/
Régionale 3,Amicale Laique des Jeunes de Limay,Mateo BORDE,N/A,https://rugbyamateur.fr/joueur/mateo-borde/
Régionale 3,Amicale Laique des Jeunes de Limay,Eric COLOMBANI,Demi d&#039;ouverture,https://rugbyamateur.fr/joueur/eric-colombani/
Régionale 3,Amicale Laique des Jeunes de Limay,Jason DEFRESNE,Troisième ligne,https://rugbyamateur.fr/joueur/jason-defresne/
Régionale 3,Amicale Laique des Jeunes de Limay,Jordane Pierre DEFRESNE,Pilier,https://rugbyamateur.fr/joueur/jordane-pierre-defresne/
Régionale 3,Amicale Laique des Jeunes de Limay,Franck DELEU,Troisième ligne,https://rugbyamateur.fr/joueur/franck-deleu/
Régionale 3,Amicale Laique des Jeunes de Limay,Julien DELORME,Deuxième ligne,https://rugbyamateur.fr/joueur/julien-delorme/
Régionale 3,Amicale Laique des Jeunes de Limay,Yoan DISEZ,Demi de mêlée,https://rugbyamateur.fr/joueur/yoan-disez/
Régionale 3,Amicale Laique des Jeunes de Limay,Fabien FELIX,Arrière,https://rugbyamateur.fr/joueur/fabien-felix/
Régionale 3,Amicale Laique des Jeunes de Limay,Michael FORESTIER,Troisième ligne,https://rugbyamateur.fr/joueur/michael-forestier/
Régionale 3,Amicale Laique des Jeunes de Limay,Mael GROSPIRON,N/A,https://rugbyamateur.fr/joueur/mael-grospiron/
Régionale 3,Amicale Laique des Jeunes de Limay,Raphael LASRI,Centre,https://rugbyamateur.fr/joueur/raphael-lasri/
Régionale 3,Amicale Laique des Jeunes de Limay,Kilian LASSE,Troisième ligne,https://rugbyamateur.fr/joueur/kilian-lasse/
Régionale 3,Amicale Laique des Jeunes de Limay,Geoffrey Jean Louis Marie LE COMTE D HUGLEVILLE,Centre,https://rugbyamateur.fr/joueur/geoffrey-jean-louis-marie-le-comte-d-hugleville/
Régionale 3,Amicale Laique des Jeunes de Limay,Leif LECAUDEY,Deuxième ligne,https://rugbyamateur.fr/joueur/leif-lecaudey/
Régionale 3,Amicale Laique des Jeunes de Limay,Vincent LENFANT,Centre,https://rugbyamateur.fr/joueur/vincent-lenfant/
Régionale 3,Amicale Laique des Jeunes de Limay,Florent MARTEL,Ailier,https://rugbyamateur.fr/joueur/florent-martel/
Régionale 3,Amicale Laique des Jeunes de Limay,Mickael PILON,Talonneur,https://rugbyamateur.fr/joueur/mickael-pilon/
Régionale 3,Amicale Laique des Jeunes de Limay,Adrien ROUSSEL,Talonneur,https://rugbyamateur.fr/joueur/adrien-roussel/
Régionale 3,Amicale Laique des Jeunes de Limay,Sebastien SEVEAU,Pilier,https://rugbyamateur.fr/joueur/sebastien-seveau/
Régionale 3,Amicale Laique des Jeunes de Limay,Vincent VIALA,Ailier,https://rugbyamateur.fr/joueur/vincent-viala/
Régionale 3,Folles,Thibault AYMARD,Ailier,https://rugbyamateur.fr/joueur/thibault-aymard/
Régionale 3,Folles,Dylan BAIGE,Centre,https://rugbyamateur.fr/joueur/dylan-baige/
Régionale 3,Folles,Martin BALDAYROU,Pilier,https://rugbyamateur.fr/joueur/martin-baldayrou/
Régionale 3,Folles,Denis BLOUIN,Pilier,https://rugbyamateur.fr/joueur/denis-blouin/
Régionale 3,Folles,Dimitri FERAL,Pilier,https://rugbyamateur.fr/joueur/dimitri-feral/
Régionale 3,Folles,Leo FREULON,Deuxième ligne,https://rugbyamateur.fr/joueur/leo-freulon/
Régionale 3,Folles,Jordan HILL,Troisième ligne,https://rugbyamateur.fr/joueur/jordan-hill/
Régionale 3,Folles,Romain HIVERT,Talonneur,https://rugbyamateur.fr/joueur/romain-hivert/
Régionale 3,Folles,Elie JUDE,Demi de mêlée,https://rugbyamateur.fr/joueur/elie-jude/
Régionale 3,Folles,Mathieu LAMOTHE,Ailier,https://rugbyamateur.fr/joueur/mathieu-lamothe/
Régionale 3,Folles,Frederic LAROUDIE,Arrière,https://rugbyamateur.fr/joueur/frederic-laroudie/
Régionale 3,Folles,Romain LAROUSSE,Ailier,https://rugbyamateur.fr/joueur/romain-larousse/
Régionale 3,Folles,Ludovic LEBLANC,Arrière,https://rugbyamateur.fr/joueur/ludovic-leblanc/
Régionale 3,Folles,Sean LEYTERRE,Deuxième ligne,https://rugbyamateur.fr/joueur/sean-leyterre/
Régionale 3,Folles,Terrence LOIREAU,Troisième ligne,https://rugbyamateur.fr/joueur/terrence-loireau/
Régionale 3,Folles,Guillaume MASSARD,Talonneur,https://rugbyamateur.fr/joueur/guillaume-massard/
Régionale 3,Folles,Maxime MORIN,Talonneur,https://rugbyamateur.fr/joueur/maxime-morin/
Régionale 3,Folles,Theo PASQUET,Troisième ligne,https://rugbyamateur.fr/joueur/theo-pasquet/
Régionale 3,Folles,Steeve PISANNI,Demi d&#039;ouverture,https://rugbyamateur.fr/joueur/steeve-pisanni/
Régionale 3,Folles,Julien RENAUD,Troisième ligne,https://rugbyamateur.fr/joueur/julien-renaud/
Régionale 3,Folles,Mel SPILMONT,Arrière,https://rugbyamateur.fr/joueur/mel-spilmont/
Régionale 3,Folles,Florian VOISIN,Deuxième ligne,https://rugbyamateur.fr/joueur/florian-voisin/
Régionale 3,Folles,Kylian ARNAUD,N/A,N/A
Régionale 3,Folles,Lucas BOISSELET,Troisième ligne,https://rugbyamateur.fr/joueur/lucas-boisselet/
Régionale 3,Folles,Leo BONNEFONT,Ailier,https://rugbyamateur.fr/joueur/leo-bonnefont/
Régionale 3,Folles,Remi BONNEFONT,Talonneur,https://rugbyamateur.fr/joueur/remi-bonnefont/
Régionale 3,Folles,Nathan CROUZILLE,Arrière,https://rugbyamateur.fr/joueur/nathan-crouzille/
Régionale 3,Folles,Soan DUREPAIRE,Troisième ligne,https://rugbyamateur.fr/joueur/soan-durepaire/
Régionale 3,Folles,Timeo DUREPAIRE,Demi d&#039;ouverture,https://rugbyamateur.fr/joueur/timeo-durepaire/
Régionale 3,Folles,Jolann GUERRE,Centre,https://rugbyamateur.fr/joueur/jolann-guerre/
Régionale 3,Folles,Pierre JACQUET,Deuxième ligne,https://rugbyamateur.fr/joueur/pierre-jacquet/
Régionale 3,Folles,Gabriel KELLER,Ailier,https://rugbyamateur.fr/joueur/gabriel-keller/
Régionale 3,Folles,Joachim MELER,Deuxième ligne,https://rugbyamateur.fr/joueur/joachim-meler/
Régionale 3,Folles,Simeo MURAT,Pilier,https://rugbyamateur.fr/joueur/simeo-murat/
Régionale 3,Folles,Paul PALIN,N/A,https://rugbyamateur.fr/joueur/paul-palin/
Régionale 3,Folles,Jean PIZZINAT,Pilier,https://rugbyamateur.fr/joueur/jean-pizzinat/
Régionale 3,Folles,Timeo RAY,Troisième ligne,https://rugbyamateur.fr/joueur/timeo-ray/
Régionale 3,Folles,Robin RESTOUEIX,Demi de mêlée,https://rugbyamateur.fr/joueur/robin-restoueix/
Régionale 3,Folles,Erwan SAVIGNAT,Centre,https://rugbyamateur.fr/joueur/erwan-savignat/
Régionale 3,Folles,Theo VIGIER,N/A,https://rugbyamateur.fr/joueur/theo-vigier/
Régionale 3,XV SURANAIS,Christophe BARBIER,Deuxième ligne,https://rugbyamateur.fr/joueur/christophe-barbier/
Régionale 3,XV SURANAIS,Thomas BARLET,Ailier,https://rugbyamateur.fr/joueur/thomas-barlet/
Régionale 3,XV SURANAIS,Lucas BONNIER,Arrière,https://rugbyamateur.fr/joueur/lucas-bonnier/
Régionale 3,XV SURANAIS,Theo BORGES,Pilier,https://rugbyamateur.fr/joueur/theo-borges/
Régionale 3,XV SURANAIS,Matthis BREVET,Deuxième ligne,https://rugbyamateur.fr/joueur/matthis-brevet/
Régionale 3,XV SURANAIS,Maxence CAPOSIENA,Pilier,https://rugbyamateur.fr/joueur/maxence-caposiena/
Régionale 3,XV SURANAIS,Nathan CAPOSIENA,Troisième ligne,https://rugbyamateur.fr/joueur/nathan-caposiena/
Régionale 3,XV SURANAIS,Lilian CAZOT,Deuxième ligne,https://rugbyamateur.fr/joueur/lilian-cazot/
Régionale 3,XV SURANAIS,Antonin CHARNAY,Demi de mêlée,N/A
Régionale 3,XV CREPYNOIS,Clement Charles Henri Joseph BEAUDOIN,Demi de mêlée,https://rugbyamateur.fr/joueur/clement-charles-henri-joseph-beaudoin/
Régionale 3,XV CREPYNOIS,Yohan BOUTON,Pilier,https://rugbyamateur.fr/joueur/yohan-bouton/
Régionale 3,XV CREPYNOIS,Mael Christian Philippe CARRARA,N/A,https://rugbyamateur.fr/joueur/mael-christian-philippe-carrara/
Régionale 3,XV CREPYNOIS,Francesco Pio CIRIGNOTTA,Troisième ligne,https://rugbyamateur.fr/joueur/francesco-pio-cirignotta/
Régionale 3,XV CREPYNOIS,Gabriel COGNET,Demi d&#039;ouverture,https://rugbyamateur.fr/joueur/gabriel-cognet/
Régionale 3,XV CREPYNOIS,Mathis Jean Pierre CORTIER,Pilier,https://rugbyamateur.fr/joueur/mathis-jean-pierre-cortier/
Régionale 3,XV CREPYNOIS,Florian Mathieu Robin Petro CRAPPIER,Troisième ligne,https://rugbyamateur.fr/joueur/florian-mathieu-robin-petro-crappier/
Régionale 3,XV CREPYNOIS,Gabriel Marvin Robin CZECH,Pilier,https://rugbyamateur.fr/joueur/gabriel-marvin-robin-czech/
Régionale 3,XV CREPYNOIS,Maxence Wladyslas Marc DEFOY,Deuxième ligne,https://rugbyamateur.fr/joueur/maxence-wladyslas-marc-defoy/
Régionale 3,XV CREPYNOIS,Nathan DUBOIS JAGER,Centre,https://rugbyamateur.fr/joueur/nathan-dubois-jager/
Régionale 3,XV CREPYNOIS,Nathan DUCASSE,Arrière,https://rugbyamateur.fr/joueur/nathan-ducasse/
Régionale 3,XV CREPYNOIS,Edouard Albert Jacky HUTINEL,Troisième ligne,https://rugbyamateur.fr/joueur/edouard-albert-jacky-hutinel/
Régionale 3,XV CREPYNOIS,Simon JOSSEAUX,Centre,https://rugbyamateur.fr/joueur/simon-josseaux/
Régionale 3,XV CREPYNOIS,Charles LOYE,Arrière,https://rugbyamateur.fr/joueur/charles-loye/
Régionale 3,XV CREPYNOIS,Baptiste Franck Thierry PIETRE,Centre,https://rugbyamateur.fr/joueur/baptiste-franck-thierry-pietre/
Régionale 3,XV CREPYNOIS,Morgan RESENDE DUVIVIER,Pilier,https://rugbyamateur.fr/joueur/morgan-resende-duvivier/
Régionale 3,XV CREPYNOIS,Arthur Salim RICHARD,Troisième ligne,https://rugbyamateur.fr/joueur/arthur-salim-richard/
Régionale 3,XV CREPYNOIS,Lorenzo ROBERT,Talonneur,https://rugbyamateur.fr/joueur/lorenzo-robert/
Régionale 3,XV CREPYNOIS,Alexandre Pierre Jose RODRIGUEZ PORTEFAIX,Deuxième ligne,https://rugbyamateur.fr/joueur/alexandre-pierre-jose-rodriguez-portefaix/
Régionale 3,XV CREPYNOIS,Sami SALHI,Deuxième ligne,https://rugbyamateur.fr/joueur/sami-salhi/
Régionale 3,XV CREPYNOIS,Simon Gabriel Marian SELLOS,Talonneur,https://rugbyamateur.fr/joueur/simon-gabriel-marian-sellos/
Régionale 3,XV CREPYNOIS,Tobiasz SZASTALA,Troisième ligne,https://rugbyamateur.fr/joueur/tobiasz-szastala/
Régionale 3,XV CREPYNOIS,Samuel TALLANDIER DA SILVA GODINHO,Ailier,https://rugbyamateur.fr/joueur/samuel-tallandier-da-silva-godinho/
Régionale 3,XV CREPYNOIS,Aaron THIMOTHE,Ailier,https://rugbyamateur.fr/joueur/aaron-thimothe/
Régionale 3,XV CREPYNOIS,Keenan Rafael Fernely Pascal TOBON TABARES,Pilier,https://rugbyamateur.fr/joueur/keenan-rafael-fernely-pascal-tobon-tabares/
Régionale 3,Bar-le-Duc,Leo ALBORCH,Deuxième ligne,N/A
Régionale 3,Labastide-Saint-Georges,Steven ARTIS,Ailier,https://rugbyamateur.fr/joueur/steven-artis/
Régionale 3,Labastide-Saint-Georges,Sacha BARBIER DEROUARD,N/A,https://rugbyamateur.fr/joueur/sacha-barbier-derouard/
Régionale 3,Labastide-Saint-Georges,Georges BARIOLET,Troisième ligne,https://rugbyamateur.fr/joueur/georges-bariolet/
Régionale 3,Labastide-Saint-Georges,Samuel DEIT SENAC,Talonneur,https://rugbyamateur.fr/joueur/samuel-deit-senac/
Régionale 3,Labastide-Saint-Georges,Ludmillien DUMONT,Deuxième ligne,https://rugbyamateur.fr/joueur/ludmillien-dumont/
Régionale 3,Labastide-Saint-Georges,Charlie ESCANDE,N/A,https://rugbyamateur.fr/joueur/charlie-escande/
Régionale 3,Labastide-Saint-Georges,Alexandre ETIENNE,N/A,https://rugbyamateur.fr/joueur/alexandre-etienne/
Régionale 3,Labastide-Saint-Georges,Soane FELOMAKI,N/A,https://rugbyamateur.fr/joueur/soane-felomaki/
Régionale 3,Labastide-Saint-Georges,Victor FERREIRA,N/A,https://rugbyamateur.fr/joueur/victor-ferreira/
Régionale 3,Labastide-Saint-Georges,Julien GAILHARD,Demi de mêlée,https://rugbyamateur.fr/joueur/julien-gailhard/
Régionale 3,Labastide-Saint-Georges,Kevin GALINIER,Pilier,https://rugbyamateur.fr/joueur/kevin-galinier/
Régionale 3,Labastide-Saint-Georges,Clement GOMEZ,N/A,https://rugbyamateur.fr/joueur/clement-gomez/
Régionale 3,Labastide-Saint-Georges,Jean Francois HAMOND,Demi d&#039;ouverture,https://rugbyamateur.fr/joueur/jean-francois-hamond/
Régionale 3,Labastide-Saint-Georges,Quentin JACQUIER,N/A,https://rugbyamateur.fr/joueur/quentin-jacquier/
Régionale 3,Labastide-Saint-Georges,Sebastien LAFFITTE CAZELLES,N/A,https://rugbyamateur.fr/joueur/sebastien-laffitte-cazelles/
Régionale 3,Labastide-Saint-Georges,Yan LAUZERAL,N/A,https://rugbyamateur.fr/joueur/yan-lauzeral/
Régionale 3,Labastide-Saint-Georges,Nicolas LERAY,Troisième ligne,https://rugbyamateur.fr/joueur/nicolas-leray/
Régionale 3,Labastide-Saint-Georges,Kevin Quentin PALAY,Deuxième ligne,https://rugbyamateur.fr/joueur/kevin-quentin-palay/
Régionale 3,Labastide-Saint-Georges,Ethan PELISSIER,Ailier,https://rugbyamateur.fr/joueur/ethan-pelissier/
Régionale 3,Labastide-Saint-Georges,Tony PUJOL,N/A,https://rugbyamateur.fr/joueur/tony-pujol/
Régionale 3,Labastide-Saint-Georges,Matteo RATEL,Arrière,https://rugbyamateur.fr/joueur/matteo-ratel/
Régionale 3,Labastide-Saint-Georges,Thibault RATEL,Pilier,https://rugbyamateur.fr/joueur/thibault-ratel/
Régionale 3,Labastide-Saint-Georges,Theo ROUX,Talonneur,https://rugbyamateur.fr/joueur/theo-roux/
Régionale 3,Labastide-Saint-Georges,Damien SALINIER,Troisième ligne,https://rugbyamateur.fr/joueur/damien-salinier/
Régionale 3,Labastide-Saint-Georges,Quentin SARRAN,Demi d&#039;ouverture,https://rugbyamateur.fr/joueur/quentin-sarran/
Régionale 3,Labastide-Saint-Georges,Maxime SATGE,Demi de mêlée,https://rugbyamateur.fr/joueur/maxime-satge/
Régionale 3,Labastide-Saint-Georges,Elia TUATAANE,Pilier,https://rugbyamateur.fr/joueur/elia-tuataane/
Régionale 3,Labastide-Saint-Georges,Vainui VINCENT,Deuxième ligne,https://rugbyamateur.fr/joueur/vainui-vincent/
Régionale 3,Touvet Pontcharra,Lilian BONNET,Troisième ligne,N/A
Régionale 3,Touvet Pontcharra,Timeo BUYS LAZZAROTTO,Demi d&#039;ouverture,https://rugbyamateur.fr/joueur/timeo-buys-lazzarotto/
Régionale 3,Touvet Pontcharra,Albert CHAIX,Talonneur,https://rugbyamateur.fr/joueur/albert-chaix/
Régionale 3,Touvet Pontcharra,Nathan DALBAN CANASSI,Centre,https://rugbyamateur.fr/joueur/nathan-dalban-canassi/
Régionale 3,Touvet Pontcharra,Valentin FABREGUES,Demi de mêlée,https://rugbyamateur.fr/joueur/valentin-fabregues/
Régionale 3,Touvet Pontcharra,Lucas FAVERGEON,Deuxième ligne,https://rugbyamateur.fr/joueur/lucas-favergeon/
Régionale 3,Touvet Pontcharra,Maixent LAFONT,Centre,https://rugbyamateur.fr/joueur/maixent-lafont/
Régionale 3,Touvet Pontcharra,Evan LEBLANC,Deuxième ligne,https://rugbyamateur.fr/joueur/evan-leblanc/
Régionale 3,Touvet Pontcharra,Leo MARCEAU,Pilier,https://rugbyamateur.fr/joueur/leo-marceau/
Régionale 3,Touvet Pontcharra,Marco MARCHI,Arrière,https://rugbyamateur.fr/joueur/marco-marchi/
Régionale 3,Touvet Pontcharra,Lanikey TORELLI,N/A,https://rugbyamateur.fr/joueur/lanikey-torelli/
Régionale 3,Touvet Pontcharra,Eloi VARETTE,Pilier,https://rugbyamateur.fr/joueur/eloi-varette/
Régionale 3,Sainte-Geneviève-des-Bois,Remy BARONS,Deuxième ligne,https://rugbyamateur.fr/joueur/remy-barons/
Régionale 3,Sainte-Geneviève-des-Bois,Esteban BOGALHO,Demi d&#039;ouverture,https://rugbyamateur.fr/joueur/esteban-bogalho/
Régionale 3,Sainte-Geneviève-des-Bois,Leo BOGALHO,Pilier,https://rugbyamateur.fr/joueur/leo-bogalho/
Régionale 3,Sainte-Geneviève-des-Bois,Louis BONNARD,N/A,N/A
Régionale 3,Biganos,Elea AVENEL,Troisième ligne,https://rugbyamateur.fr/joueur/elea-avenel/
Régionale 3,Biganos,Apolline BERDOULAY,Ailier,https://rugbyamateur.fr/joueur/apolline-berdoulay/
Régionale 3,Biganos,Lou BRIATTE TEILLARD,Talonneur,https://rugbyamateur.fr/joueur/lou-briatte-teillard/
Régionale 3,Biganos,Cassandra BUCH,Centre,https://rugbyamateur.fr/joueur/cassandra-buch/
Régionale 3,Biganos,Loulia CHEVALLIER,N/A,N/A
Régionale 3,Biganos,Tiago BENONY,N/A,N/A
Régionale 3,Biganos,Henri BAILACQ,Troisième ligne,https://rugbyamateur.fr/joueur/henri-bailacq/
Régionale 3,Biganos,Antoine BARREYRE,Ailier,https://rugbyamateur.fr/joueur/antoine-barreyre/
Régionale 3,Biganos,Mael BELARD,Deuxième ligne,https://rugbyamateur.fr/joueur/mael-belard/
Régionale 3,Biganos,Eden CAO,N/A,https://rugbyamateur.fr/joueur/eden-cao/
Régionale 3,Biganos,Paul CHAPALAIN,N/A,https://rugbyamateur.fr/joueur/paul-chapalain/
Régionale 3,Biganos,Paul CHAUVEAU,Troisième ligne,https://rugbyamateur.fr/joueur/paul-chauveau/
Régionale 3,Biganos,Luis COLMENERO,Troisième ligne,https://rugbyamateur.fr/joueur/luis-colmenero/
Régionale 3,Biganos,Samuel COULOMB,Centre,https://rugbyamateur.fr/joueur/samuel-coulomb/
Régionale 3,Biganos,Aaron CROS,N/A,https://rugbyamateur.fr/joueur/aaron-cros/
Régionale 3,Biganos,Timeo CUBAYNES VIDOT,Ailier,https://rugbyamateur.fr/joueur/timeo-cubaynes-vidot/
Régionale 3,Biganos,Maxime CUISINAUD,Pilier,https://rugbyamateur.fr/joueur/maxime-cuisinaud/
Régionale 3,Biganos,Jean DUBOS,Centre,https://rugbyamateur.fr/joueur/jean-dubos/
Régionale 3,Biganos,Pierre FLATTOT,Centre,https://rugbyamateur.fr/joueur/pierre-flattot/
Régionale 3,Biganos,Luca GARNUNG,Demi de mêlée,https://rugbyamateur.fr/joueur/luca-garnung/
Régionale 3,Biganos,Alaric JOUSSE-CORUE,Troisième ligne,https://rugbyamateur.fr/joueur/alaric-jousse-corue/
Régionale 3,Biganos,Tiago LE NOUYS SIDANER,Deuxième ligne,https://rugbyamateur.fr/joueur/tiago-le-nouys-sidaner/
Régionale 3,Biganos,Eliott LE ROHELLEC DOLLON,Deuxième ligne,https://rugbyamateur.fr/joueur/eliott-le-rohellec-dollon/
Régionale 3,Biganos,Gaspard LE ROHELLEC DOLLON,Arrière,https://rugbyamateur.fr/joueur/gaspard-le-rohellec-dollon/
Régionale 3,Biganos,Gabriel LEGRAS,N/A,N/A
Régionale 3,Biganos,Yoni ADAM,N/A,N/A
Régionale 3,Biganos,Yanis BOCHER FOURNET,Demi de mêlée,https://rugbyamateur.fr/joueur/yanis-bocher-fournet/
Régionale 3,Biganos,Luis COLMENERO,Troisième ligne,https://rugbyamateur.fr/joueur/luis-colmenero/
Régionale 3,Biganos,Thibault COURTET DUC,Ailier,https://rugbyamateur.fr/joueur/thibault-courtet-duc/
Régionale 3,Biganos,Ben CRIDLIG,Pilier,N/A
Régionale 3,Aureilhan,Alexandre ALTEMIR,Arrière,https://rugbyamateur.fr/joueur/alexandre-altemir/
Régionale 3,Aureilhan,Benjamin BOEHLER,Centre,https://rugbyamateur.fr/joueur/benjamin-boehler/
Régionale 3,Aureilhan,Cyril BOUSSES,Deuxième ligne,https://rugbyamateur.fr/joueur/cyril-bousses/
Régionale 3,Aureilhan,Bastien CAZAUBON,Centre,https://rugbyamateur.fr/joueur/bastien-cazaubon/
Régionale 3,Aureilhan,Mathias DANTIN,Demi d&#039;ouverture,https://rugbyamateur.fr/joueur/mathias-dantin/
Régionale 3,Aureilhan,Karl DE VRIES,Troisième ligne,https://rugbyamateur.fr/joueur/karl-de-vries/
Régionale 3,Aureilhan,Remi DULAC,Centre,https://rugbyamateur.fr/joueur/remi-dulac/
Régionale 3,Aureilhan,Guilhem FRIC,Troisième ligne,https://rugbyamateur.fr/joueur/guilhem-fric/
Régionale 3,Aureilhan,Steven GERLING,Pilier,https://rugbyamateur.fr/joueur/steven-gerling/
Régionale 3,Aureilhan,Paul LABISTE,Ailier,https://rugbyamateur.fr/joueur/paul-labiste/
Régionale 3,Aureilhan,Jeremy LAHARRAGUE,Demi d&#039;ouverture,https://rugbyamateur.fr/joueur/jeremy-laharrague/
Régionale 3,Aureilhan,Louis LECLERE,Demi de mêlée,https://rugbyamateur.fr/joueur/louis-leclere/
Régionale 3,Aureilhan,Yann M BOMBA,N/A,https://rugbyamateur.fr/joueur/yann-m-bomba/
Régionale 3,Aureilhan,Soane MACKENZIE,N/A,https://rugbyamateur.fr/joueur/soane-mackenzie/
Régionale 3,Aureilhan,Cyril MARCADIER,Talonneur,https://rugbyamateur.fr/joueur/cyril-marcadier/
Régionale 3,Aureilhan,Dylan MOREIRA,N/A,https://rugbyamateur.fr/joueur/dylan-moreira/
Régionale 3,Aureilhan,Clement MOUTON,Pilier,https://rugbyamateur.fr/joueur/clement-mouton/
Régionale 3,Aureilhan,Allan PHILIPPE,Ailier,https://rugbyamateur.fr/joueur/allan-philippe/
Régionale 3,Aureilhan,Raphael RIVA,Talonneur,https://rugbyamateur.fr/joueur/raphael-riva/
Régionale 3,Aureilhan,Amaury SANCHEZ,Pilier,https://rugbyamateur.fr/joueur/amaury-sanchez/
Régionale 3,Aureilhan,Marc SCHOL,Deuxième ligne,https://rugbyamateur.fr/joueur/marc-schol/
Régionale 3,Aureilhan,Dylan WENDT,Deuxième ligne,https://rugbyamateur.fr/joueur/dylan-wendt/
Régionale 3,Saint-André-de-Cubzac,Valentin BEAUMONT,Troisième ligne,N/A
Régionale 3,Saint-André-de-Cubzac,Alexis ANTOLINOS,Troisième ligne,https://rugbyamateur.fr/joueur/alexis-antolinos/
Régionale 3,Saint-André-de-Cubzac,Valentin ARBEZ,Demi de mêlée,https://rugbyamateur.fr/joueur/valentin-arbez/
Régionale 3,Saint-André-de-Cubzac,Mickael BARBIER,Pilier,https://rugbyamateur.fr/joueur/mickael-barbier/
Régionale 3,Saint-André-de-Cubzac,Kylian BARDEAU,Pilier,https://rugbyamateur.fr/joueur/kylian-bardeau/
Régionale 3,Saint-André-de-Cubzac,Lenny BERNARD,Arrière,https://rugbyamateur.fr/joueur/lenny-bernard/
Régionale 3,Saint-André-de-Cubzac,Matys BERNARD,Demi de mêlée,https://rugbyamateur.fr/joueur/matys-bernard/
Régionale 3,Saint-André-de-Cubzac,Pablo BISCAY,Pilier,https://rugbyamateur.fr/joueur/pablo-biscay/
Régionale 3,Saint-André-de-Cubzac,Quentin BONNEL,Troisième ligne,https://rugbyamateur.fr/joueur/quentin-bonnel/
Régionale 3,Saint-André-de-Cubzac,Loic BORDEZ,N/A,N/A
Régionale 3,Saint-André-de-Cubzac,Pauline BOUILLARD,Talonneur,https://rugbyamateur.fr/joueur/pauline-bouillard/
Régionale 3,Saint-André-de-Cubzac,Lena BUCETA,Demi de mêlée,https://rugbyamateur.fr/joueur/lena-buceta/
Régionale 3,Saint-André-de-Cubzac,Maude COUREAU,N/A,N/A
Régionale 3,Saint-André-de-Cubzac,Louis BARDESSOLLE,Arrière,https://rugbyamateur.fr/joueur/louis-bardessolle/
Régionale 3,Saint-André-de-Cubzac,Ewann BEAUSOLEIL MEIN,Pilier,N/A
Régionale 3,RUGBY OLYMPI,Clement BONDUELLE,Demi d&#039;ouverture,https://rugbyamateur.fr/joueur/clement-bonduelle/
Régionale 3,RUGBY OLYMPI,Guillaume BOULEAU,Troisième ligne,https://rugbyamateur.fr/joueur/guillaume-bouleau/
Régionale 3,RUGBY OLYMPI,Tony BRAULT,Pilier,https://rugbyamateur.fr/joueur/tony-brault/
Régionale 3,RUGBY OLYMPI,Cedric CHARLES,Deuxième ligne,https://rugbyamateur.fr/joueur/cedric-charles/
Régionale 3,RUGBY OLYMPI,Dimitri CHASSIN,N/A,https://rugbyamateur.fr/joueur/dimitri-chassin/
Régionale 3,RUGBY OLYMPI,David CRONIER,N/A,https://rugbyamateur.fr/joueur/david-cronier/
Régionale 3,RUGBY OLYMPI,Mavel D AVIAU DE TERNAY,N/A,https://rugbyamateur.fr/joueur/mavel-d-aviau-de-ternay/
Régionale 3,RUGBY OLYMPI,Anthony DELOGE,Troisième ligne,https://rugbyamateur.fr/joueur/anthony-deloge/
Régionale 3,RUGBY OLYMPI,Laurent DEMANGE,Ailier,https://rugbyamateur.fr/joueur/laurent-demange/
Régionale 3,RUGBY OLYMPI,Axel DUTHU,Centre,https://rugbyamateur.fr/joueur/axel-duthu/
Régionale 3,RUGBY OLYMPI,Anthony FAUQUE,Talonneur,https://rugbyamateur.fr/joueur/anthony-fauque/
Régionale 3,RUGBY OLYMPI,Thibaut HALLAUER,Talonneur,https://rugbyamateur.fr/joueur/thibaut-hallauer/
Régionale 3,RUGBY OLYMPI,Maxime HOUDAYER,Deuxième ligne,https://rugbyamateur.fr/joueur/maxime-houdayer/
Régionale 3,RUGBY OLYMPI,Kevin HUARD,N/A,https://rugbyamateur.fr/joueur/kevin-huard/
Régionale 3,RUGBY OLYMPI,Damien LAPORTE,Troisième ligne,https://rugbyamateur.fr/joueur/damien-laporte/
Régionale 3,RUGBY OLYMPI,Mathieu LAPORTE,Ailier,https://rugbyamateur.fr/joueur/mathieu-laporte/
Régionale 3,RUGBY OLYMPI,Ghislain LAURENT,Arrière,https://rugbyamateur.fr/joueur/ghislain-laurent/
Régionale 3,RUGBY OLYMPI,Paul LE GENTIL,N/A,https://rugbyamateur.fr/joueur/paul-le-gentil/
Régionale 3,RUGBY OLYMPI,Fabien LE TORREC,Ailier,https://rugbyamateur.fr/joueur/fabien-le-torrec/
Régionale 3,RUGBY OLYMPI,Hugo LEPELLERIN,Centre,https://rugbyamateur.fr/joueur/hugo-lepellerin/
Régionale 3,RUGBY OLYMPI,Hugo MAHE,Ailier,https://rugbyamateur.fr/joueur/hugo-mahe/
Régionale 3,RUGBY OLYMPI,Eddy MARTINET,Pilier,https://rugbyamateur.fr/joueur/eddy-martinet/
Régionale 3,RUGBY OLYMPI,Alexis PERSEILLE,Troisième ligne,https://rugbyamateur.fr/joueur/alexis-perseille/
Régionale 3,RUGBY OLYMPI,Clement POMAREDE,Demi de mêlée,https://rugbyamateur.fr/joueur/clement-pomarede/
Régionale 3,RUGBY OLYMPI,Johnny POTTIER,N/A,https://rugbyamateur.fr/joueur/johnny-pottier/
Régionale 3,RUGBY OLYMPI,Nathan RENOUARD,Talonneur,https://rugbyamateur.fr/joueur/nathan-renouard/
Régionale 3,RUGBY OLYMPI,Jordan RETROUVEY,Pilier,https://rugbyamateur.fr/joueur/jordan-retrouvey/
Régionale 3,RUGBY OLYMPI,Antoine ROUSSEAU,Pilier,https://rugbyamateur.fr/joueur/antoine-rousseau/
Régionale 3,RUGBY OLYMPI,Leandre VANNIER,Ailier,https://rugbyamateur.fr/joueur/leandre-vannier/
Régionale 3,Loudun,Hovsep ANDREASYAN,N/A,https://rugbyamateur.fr/joueur/hovsep-andreasyan/
Régionale 3,Loudun,Thomas AUSSEMS,Troisième ligne,https://rugbyamateur.fr/joueur/thomas-aussems/
Régionale 3,Loudun,Adrien AUVRAY,Deuxième ligne,https://rugbyamateur.fr/joueur/adrien-auvray/
Régionale 3,Loudun,Basile BENAZET,Ailier,https://rugbyamateur.fr/joueur/basile-benazet/
Régionale 3,Loudun,Benoit BODINEAU,N/A,https://rugbyamateur.fr/joueur/benoit-bodineau/
Régionale 3,Loudun,Mathis BONTEMPS,Ailier,https://rugbyamateur.fr/joueur/mathis-bontemps/
Régionale 3,Loudun,Tom BOUYER,Centre,https://rugbyamateur.fr/joueur/tom-bouyer/
Régionale 3,Loudun,Leo BOYER,N/A,https://rugbyamateur.fr/joueur/leo-boyer/
Régionale 3,Loudun,Baptiste BROCHAIN,Deuxième ligne,https://rugbyamateur.fr/joueur/baptiste-brochain/
Régionale 3,Loudun,Teddy CHAUVET,Troisième ligne,https://rugbyamateur.fr/joueur/teddy-chauvet/
Régionale 3,Loudun,Antoine DEBOEUF,N/A,https://rugbyamateur.fr/joueur/antoine-deboeuf/
Régionale 3,Loudun,Valentin DELISLE,N/A,https://rugbyamateur.fr/joueur/valentin-delisle/
Régionale 3,Loudun,Mathys DINAIS,Ailier,https://rugbyamateur.fr/joueur/mathys-dinais/
Régionale 3,Loudun,Lorenzo DONATI,Arrière,https://rugbyamateur.fr/joueur/lorenzo-donati/
Régionale 3,Loudun,Brandon DORISSE,N/A,https://rugbyamateur.fr/joueur/brandon-dorisse/
Régionale 3,Loudun,Tanguy DUBREUIL,Pilier,https://rugbyamateur.fr/joueur/tanguy-dubreuil/
Régionale 3,Loudun,Florian FOURNIER,N/A,https://rugbyamateur.fr/joueur/florian-fournier/
Régionale 3,Loudun,Yann GASTINEAU,Demi de mêlée,https://rugbyamateur.fr/joueur/yann-gastineau/
Régionale 3,Loudun,Firmin GUINEHEUX,Deuxième ligne,https://rugbyamateur.fr/joueur/firmin-guineheux/
Régionale 3,Loudun,Corentin HAYAU,Centre,https://rugbyamateur.fr/joueur/corentin-hayau/
Régionale 3,Loudun,Alexandre LAUDRIN,Centre,https://rugbyamateur.fr/joueur/alexandre-laudrin/
Régionale 3,Loudun,Eric LE DOUARIN,N/A,https://rugbyamateur.fr/joueur/eric-le-douarin/
Régionale 3,Loudun,Louis LELIEVRE,Pilier,https://rugbyamateur.fr/joueur/louis-lelievre/
Régionale 3,Loudun,Enzo LEMAITRE,N/A,https://rugbyamateur.fr/joueur/enzo-lemaitre/
Régionale 3,Loudun,Korentin LEMAITRE,Troisième ligne,https://rugbyamateur.fr/joueur/korentin-lemaitre/
Régionale 3,Loudun,Ludovic LEVESQUE,Pilier,https://rugbyamateur.fr/joueur/ludovic-levesque/
Régionale 3,Loudun,Raphael LOISON,Deuxième ligne,https://rugbyamateur.fr/joueur/raphael-loison/
Régionale 3,Loudun,Simon MALBRAND,Centre,https://rugbyamateur.fr/joueur/simon-malbrand/
Régionale 3,Loudun,Romain MERON,Pilier,https://rugbyamateur.fr/joueur/romain-meron/
Régionale 3,Loudun,Patrice MOREAU,N/A,https://rugbyamateur.fr/joueur/patrice-moreau/
Régionale 3,Loudun,Clement MOREL,Demi d&#039;ouverture,https://rugbyamateur.fr/joueur/clement-morel/
Régionale 3,Loudun,Etienne MOREL,Talonneur,https://rugbyamateur.fr/joueur/etienne-morel/
Régionale 3,Loudun,Zacharie MOTTET,Demi de mêlée,https://rugbyamateur.fr/joueur/zacharie-mottet/
Régionale 3,Loudun,Theo NOIRAULT,Talonneur,https://rugbyamateur.fr/joueur/theo-noirault/
Régionale 3,Loudun,Antoine PEREIRA DA CRUZ,Troisième ligne,https://rugbyamateur.fr/joueur/antoine-pereira-da-cruz/
Régionale 3,Loudun,Louison PETIT,Demi de mêlée,https://rugbyamateur.fr/joueur/louison-petit/
Régionale 3,Loudun,Cody PROD HOMME,Troisième ligne,https://rugbyamateur.fr/joueur/cody-prod-homme/
Régionale 3,Loudun,Kylian RENAULT,Pilier,https://rugbyamateur.fr/joueur/kylian-renault/
Régionale 3,Loudun,Benjamin ROUSSEAU,Centre,https://rugbyamateur.fr/joueur/benjamin-rousseau/
Régionale 3,Loudun,Bryan SAUVAGE,Talonneur,https://rugbyamateur.fr/joueur/bryan-sauvage/
Régionale 3,Loudun,Thomas VANNIER,Troisième ligne,https://rugbyamateur.fr/joueur/thomas-vannier/
Régionale 3,Loudun,Francois VIOT,Troisième ligne,https://rugbyamateur.fr/joueur/francois-viot/
Régionale 3,Argentan,Jean Olivier ADJA,Troisième ligne,N/A
