Équipe,Mouvement,Joueur,Nationalité,Poste,Âge,Club (Prov/Dest),Lien Joueur
Bayonne,Arrivées,Lasha MACHARASHVILI,Géorgie,Pilier,27 ans,JIFF,https://www.allrugby.com/joueurs/lasha-macharashvili-7300.html
Bayonne,Arrivées,Guillaume CRAMONT,France,Talonneur,25 ans,JIFF,https://www.allrugby.com/joueurs/guillaume-cramont-8140.html
Bayonne,Arrivées,Brian ALAINU'UESE,Samoa,2ème ligne,32 ans,NON JIFF,https://www.allrugby.com/joueurs/brian-alainu-uese-5125.html
Bayonne,Arrivées,Killian GÉRACI,France,2ème ligne,27 ans,JIFF,https://www.allrugby.com/joueurs/killian-geraci-5314.html
Bayonne,Arrivées,Matthieu UHILA,France,2ème ligne,24 ans,JIFF,https://www.allrugby.com/joueurs/matthieu-uhila-9798.html
Bayonne,Arrivées,Raphaël DARQUIER,France,3ème ligne,21 ans,ESPOIR,https://www.allrugby.com/joueurs/raphael-darquier-15049.html
Bayonne,Arrivées,Léo COLY,France,Mêlée,26 ans,JIFF,https://www.allrugby.com/joueurs/leo-coly-7290.html
Bayonne,Arrivées,Rob DU PREEZ,Afrique du sud,Ouverture,32 ans,NON JIFF,https://www.allrugby.com/joueurs/robert-du-preez-6120.html
Bayonne,Arrivées,Madosh TAMBWE,République démocratique du Congo,Ailier,29 ans,NON JIFF,https://www.allrugby.com/joueurs/michael-tambwe-6795.html
Bayonne,Arrivées,Viliame TUTUVULI,Fidji,Ailier,24 ans,JIFF,https://www.allrugby.com/joueurs/viliame-tutuvuli-13915.html
Bayonne,Départs,Pascal COTET,France,Pilier,32 ans,JIFF,https://www.allrugby.com/joueurs/pascal-cotet-1906.html
Bayonne,Départs,Vincent GIUDICELLI,France,Talonneur,29 ans,JIFF,https://www.allrugby.com/joueurs/vincent-giudicelli-4847.html
Bayonne,Départs,Alex MOON,Angleterre,2ème ligne,29 ans,NON JIFF,https://www.allrugby.com/joueurs/alex-moon-6201.html
Bayonne,Départs,Álvaro GARCÍA IANDOLINO,Argentine,2ème ligne,20 ans,ESPOIR NON JIFF,https://www.allrugby.com/joueurs/alvaro-garcia-iandolino-17394.html
Bayonne,Départs,Baptiste CHOUZENOUX,France,3ème ligne,32 ans,JIFF,https://www.allrugby.com/joueurs/baptiste-chouzenoux-2509.html
Bayonne,Départs,Manex ARICETA,Espagne,3ème ligne,22 ans,ESPOIR,https://www.allrugby.com/joueurs/manex-ariceta-12438.html
Bayonne,Départs,Nika LOMIDZE,Géorgie,3ème ligne,22 ans,ESPOIR,https://www.allrugby.com/joueurs/nika-lomidze-15265.html
Bayonne,Départs,Raphaël MARCHESIN,France,3ème ligne,20 ans,ESPOIR,https://www.allrugby.com/joueurs/raphael-marchesin-18338.html
Bayonne,Départs,Maxime MACHENAUD,France,Mêlée,37 ans,JIFF,https://www.allrugby.com/joueurs/maxime-machenaud-1202.html
Bayonne,Départs,Baptiste GERMAIN,France,Mêlée,25 ans,JIFF,https://www.allrugby.com/joueurs/baptiste-germain-7571.html
Bayonne,Départs,Gareth ANSCOMBE,Nouvelle-Zélande,Ouverture,35 ans,NON JIFF,https://www.allrugby.com/joueurs/gareth-anscombe-3354.html
Bayonne,Départs,Reece HODGE,Australie,Centre,31 ans,NON JIFF,https://www.allrugby.com/joueurs/reece-hodge-5007.html
Bayonne,Départs,Victor HANNOUN,France,Ailier,22 ans,JIFF,https://www.allrugby.com/joueurs/victor-hannoun-14460.html
Bayonne,Prolongations,Andy BORDELAI,France,Pilier,26 ans,JIFF,https://www.allrugby.com/joueurs/andy-bordelai-8888.html
Bayonne,Prolongations,Facundo BOSCH,Argentine,Talonneur,34 ans,NON JIFF,https://www.allrugby.com/joueurs/facundo-bosch-5142.html
Bayonne,Prolongations,Arthur ITURRIA,France,3ème ligne,32 ans,JIFF,https://www.allrugby.com/joueurs/arthur-iturria-3366.html
Bayonne,Prolongations,Baptiste TILLOLES,France,Mêlée,19 ans,ESPOIR,https://www.allrugby.com/joueurs/baptiste-tilloles-18994.html
Bayonne,Prolongations,Manu TUILAGI,Samoa,Centre,35 ans,NON JIFF,https://www.allrugby.com/joueurs/manu-tuilagi-2202.html
Bayonne,Prolongations,Guillaume MARTOCQ,France,Centre,26 ans,JIFF,https://www.allrugby.com/joueurs/guillaume-martocq-5844.html
Bayonne,Prolongations,Mateo CARRERAS,Argentine,Ailier,26 ans,NON JIFF,https://www.allrugby.com/joueurs/mateo-carreras-8163.html
Bayonne,Prolongations,Arnaud ERBINARTEGARAY,France,Ailier,25 ans,JIFF,https://www.allrugby.com/joueurs/arnaud-erbinartegaray-9716.html
Bayonne,Prolongations,Tom SPRING,France,Ailier,23 ans,JIFF,https://www.allrugby.com/joueurs/tom-spring-14458.html
Bayonne,Prolongations,Tom LÉVÊQUE,France,Ailier,20 ans,ESPOIR,https://www.allrugby.com/joueurs/tom-leveque-20196.html
Bayonne,Prolongations,Cheikh TIBERGHIEN,France,Arrière,26 ans,JIFF,https://www.allrugby.com/joueurs/cheikh-tiberghien-7315.html
Bayonne,Prolongations,Yohan ORABÉ,France,Arrière,24 ans,JIFF,https://www.allrugby.com/joueurs/yohan-orabe-13645.html
Castres,Arrivées,Alex BURIN,France,Pilier,26 ans,JIFF,https://www.allrugby.com/joueurs/alex-burin-7289.html
Castres,Arrivées,Maël TURPIN,France,Pilier,19 ans,ESPOIR,https://www.allrugby.com/joueurs/mael-turpin-20182.html
Castres,Arrivées,Chris GABRIEL,Nouvelle-Zélande,2ème ligne,26 ans,NON JIFF,https://www.allrugby.com/joueurs/chris-gabriel-15046.html
Castres,Arrivées,Alexey KONNOV,Russie,2ème ligne,22 ans,ESPOIR,https://www.allrugby.com/joueurs/alexey-konnov-13461.html
Castres,Arrivées,Hamish WATSON,Angleterre,3ème ligne,34 ans,NON JIFF,https://www.allrugby.com/joueurs/hamish-watson-3055.html
Castres,Arrivées,Dalton PAPALI'I,Nouvelle-Zélande,3ème ligne,28 ans,NON JIFF,https://www.allrugby.com/joueurs/dalton-papali-i-6861.html
Castres,Arrivées,Kyllian RINGUET,France,3ème ligne,22 ans,ESPOIR,https://www.allrugby.com/joueurs/kyllian-ringuet-12276.html
Castres,Arrivées,Théo VIDAL,France,Ouverture,26 ans,JIFF,https://www.allrugby.com/joueurs/theo-vidal-10007.html
Castres,Arrivées,Taylor GONTINEAC,France,Centre,25 ans,JIFF,https://www.allrugby.com/joueurs/taylor-gontineac-9301.html
Castres,Départs,Antoine TICHIT,France,Pilier,37 ans,JIFF,https://www.allrugby.com/joueurs/antoine-tichit-1061.html
Castres,Départs,Aurélien AZAR,France,Pilier,32 ans,JIFF,https://www.allrugby.com/joueurs/aurelien-azar-4379.html
Castres,Départs,Leone NAKARAWA,Fidji,2ème ligne,38 ans,NON JIFF,https://www.allrugby.com/joueurs/leone-nakarawa-2634.html
Castres,Départs,Romain MACURDY,France,2ème ligne,24 ans,JIFF,https://www.allrugby.com/joueurs/romain-macurdy-8650.html
Castres,Départs,Tyler ARDRON,Canada,3ème ligne,35 ans,NON JIFF,https://www.allrugby.com/joueurs/tyler-ardron-2763.html
Castres,Départs,Pierre POPELIN,France,Ouverture,31 ans,JIFF,https://www.allrugby.com/joueurs/pierre-popelin-4497.html
Castres,Départs,Enzo HERVÉ,France,Ouverture,27 ans,JIFF,https://www.allrugby.com/joueurs/enzo-herve-5599.html
Castres,Départs,Nathanaël HULLEU,France,Ailier,26 ans,JIFF,https://www.allrugby.com/joueurs/nathanael-hulleu-8266.html
Castres,Prolongations,Levan CHILACHAVA,Géorgie,Pilier,34 ans,JIFF,https://www.allrugby.com/joueurs/levan-chilachava-1300.html
Castres,Prolongations,Quentin WALCKER,France,Pilier,30 ans,JIFF,https://www.allrugby.com/joueurs/quentin-walcker-4339.html
Castres,Prolongations,Tom STANIFORTH,Australie,2ème ligne,31 ans,NON JIFF,https://www.allrugby.com/joueurs/thomas-staniforth-6723.html
Castres,Prolongations,Mathieu BABILLOT,France,3ème ligne,32 ans,JIFF,https://www.allrugby.com/joueurs/mathieu-babillot-1353.html
Castres,Prolongations,Baptiste COPE,France,3ème ligne,24 ans,JIFF,https://www.allrugby.com/joueurs/baptiste-cope-11125.html
Castres,Prolongations,Gauthier DOUBRÈRE,France,Mêlée,30 ans,JIFF,https://www.allrugby.com/joueurs/gauthier-doubrere-3460.html
Castres,Prolongations,Colin DUPUY,France,Mêlée,20 ans,ESPOIR,https://www.allrugby.com/joueurs/colin-dupuy-17322.html
Castres,Prolongations,Adrea COCAGI,Fidji,Centre,32 ans,JIFF,https://www.allrugby.com/joueurs/adrea-cocagi-1938.html
Castres,Prolongations,Vilimoni BOTITU,Fidji,Centre,28 ans,NON JIFF,https://www.allrugby.com/joueurs/vilimoni-botitu-9866.html
Castres,Prolongations,Geoffrey PALIS,France,Ailier,35 ans,JIFF,https://www.allrugby.com/joueurs/geoffrey-palis-1351.html
Castres,Prolongations,Christian AMBADIANG,Cameroun,Ailier,27 ans,NON JIFF,https://www.allrugby.com/joueurs/christian-ambadiang-11122.html
Castres,Prolongations,Vuate KARAWALEVU,Fidji,Ailier,25 ans,NON JIFF,https://www.allrugby.com/joueurs/vuate-karawalevu-15858.html
Lyon,Arrivées,Opeti HELU,Tonga,Pilier,27 ans,NON JIFF,https://www.allrugby.com/joueurs/opeti-helu-18728.html
Lyon,Arrivées,Thomas GALLO,Argentine,Pilier,27 ans,NON JIFF,https://www.allrugby.com/joueurs/thomas-gallo-8164.html
Lyon,Arrivées,Tim HOYT,Angleterre,Pilier,23 ans,NON JIFF,https://www.allrugby.com/joueurs/tim-hoyt-12335.html
Lyon,Arrivées,Fousseynou CISSOKHO,France,2ème ligne,21 ans,ESPOIR,https://www.allrugby.com/joueurs/fousseynou-cissokho-14190.html
Lyon,Arrivées,Marvin OKUYA,France,(*),3ème ligne,22 ans,https://www.allrugby.com/joueurs/marvin-okuya-11984.html
Lyon,Arrivées,Sanele NOHAMBA,Afrique du sud,Mêlée,27 ans,NON JIFF,https://www.allrugby.com/joueurs/sanele-nohamba-7519.html
Lyon,Arrivées,Adrien SÉGURET,France,Centre,27 ans,JIFF,https://www.allrugby.com/joueurs/adrien-seguret-5290.html
Lyon,Départs,Cedate GOMES SA,Portugal,Pilier,32 ans,JIFF,https://www.allrugby.com/joueurs/cedate-gomes-sa-3431.html
Lyon,Départs,Jermaine AINSLEY,Nouvelle-Zélande,Pilier,30 ans,NON JIFF,https://www.allrugby.com/joueurs/jermaine-ainsley-6654.html
Lyon,Départs,Killian GÉRACI,France,2ème ligne,27 ans,JIFF,https://www.allrugby.com/joueurs/killian-geraci-5314.html
Lyon,Départs,Arno BOTHA,Afrique du sud,3ème ligne,34 ans,NON JIFF,https://www.allrugby.com/joueurs/arno-botha-6204.html
Lyon,Départs,Vincent RATTEZ,France,Ailier,34 ans,JIFF,https://www.allrugby.com/joueurs/vincent-rattez-1466.html
Lyon,Prolongations,Irakli APTSIAURI,Géorgie,Pilier,23 ans,JIFF,https://www.allrugby.com/joueurs/irakli-aptsiauri-11938.html
Lyon,Prolongations,Thomas MARCELINE,France,Talonneur,21 ans,ESPOIR,https://www.allrugby.com/joueurs/thomas-marceline-17046.html
Lyon,Prolongations,Janse ROUX,Afrique du sud,2ème ligne,28 ans,NON JIFF,https://www.allrugby.com/joueurs/janse-roux-5543.html
Lyon,Prolongations,Esteban GONZALEZ,France,Mêlée,20 ans,ESPOIR,https://www.allrugby.com/joueurs/esteban-gonzalez-17045.html
Lyon,Prolongations,Paddy JACKSON,Irlande,Ouverture,34 ans,NON JIFF,https://www.allrugby.com/joueurs/paddy-jackson-2147.html
Lyon,Prolongations,Théo MILLET,France,Centre,29 ans,JIFF,https://www.allrugby.com/joueurs/theo-millet-3587.html
Lyon,Prolongations,Arthur MATHIRON,France,Ailier,23 ans,JIFF,https://www.allrugby.com/joueurs/arthur-mathiron-11787.html
Lyon,Prolongations,Charly MIGNOT,France,Ailier,20 ans,ESPOIR,https://www.allrugby.com/joueurs/charly-mignot-17838.html
La Rochelle,Arrivées,Sione AHIO,Nouvelle-Zélande,Pilier,25 ans,NON JIFF,https://www.allrugby.com/joueurs/sione-ahio-16099.html
La Rochelle,Arrivées,Nathan FRAISSENON,France,Pilier,23 ans,JIFF,https://www.allrugby.com/joueurs/nathan-fraissenon-9993.html
La Rochelle,Arrivées,Salmaan MOERAT,Afrique du sud,2ème ligne,28 ans,NON JIFF,https://www.allrugby.com/joueurs/salmaan-moerat-6800.html
La Rochelle,Arrivées,Thomas ADÉLAÏDE,France,2ème ligne,23 ans,ESPOIR,https://www.allrugby.com/joueurs/thomas-adelaide-14464.html
La Rochelle,Arrivées,Theo MCFARLAND,Samoa,3ème ligne,30 ans,NON JIFF,https://www.allrugby.com/joueurs/theo-mcfarland-10592.html
La Rochelle,Arrivées,Sam TUIFUA,Nouvelle-Zélande,3ème ligne,24 ans,NON JIFF,https://www.allrugby.com/joueurs/sam-tuifua-15961.html
La Rochelle,Arrivées,Christophe LOUSTALOT,France,Mêlée,34 ans,JIFF,https://www.allrugby.com/joueurs/christophe-loustalot-1112.html
La Rochelle,Arrivées,George MOALA,Tonga,Centre,35 ans,NON JIFF,https://www.allrugby.com/joueurs/george-moala-4998.html
La Rochelle,Arrivées,David KRIEL,Afrique du sud,Centre,27 ans,NON JIFF,https://www.allrugby.com/joueurs/david-kriel-8056.html
La Rochelle,Départs,Joel SCLAVI,Argentine,Pilier,32 ans,NON JIFF,https://www.allrugby.com/joueurs/joel-sclavi-4428.html
La Rochelle,Départs,Reda WARDI,France,Pilier,30 ans,JIFF,https://www.allrugby.com/joueurs/reda-wardi-4286.html
La Rochelle,Départs,Gael GALVÁN,Argentine,Pilier,21 ans,ESPOIR NON JIFF,https://www.allrugby.com/joueurs/gael-galvan-17399.html
La Rochelle,Départs,Kane DOUGLAS,Australie,2ème ligne,37 ans,NON JIFF,https://www.allrugby.com/joueurs/kane-douglas-2696.html
La Rochelle,Départs,Ultan DILLANE,Irlande,2ème ligne,32 ans,NON JIFF,https://www.allrugby.com/joueurs/ultan-dillane-4095.html
La Rochelle,Départs,Simon HUCHET,France,2ème ligne,22 ans,ESPOIR,https://www.allrugby.com/joueurs/simon-huchet-14766.html
La Rochelle,Départs,Judicaël CANCORIET,France,3ème ligne,30 ans,JIFF,https://www.allrugby.com/joueurs/judicael-cancoriet-2512.html
La Rochelle,Départs,Ihaia WEST,Nouvelle-Zélande,Ouverture,34 ans,NON JIFF,https://www.allrugby.com/joueurs/ihaia-west-5880.html
La Rochelle,Départs,Adrien SÉGURET,France,Centre,27 ans,JIFF,https://www.allrugby.com/joueurs/adrien-seguret-5290.html
La Rochelle,Départs,Suliasi VUNIVALU,Fidji,Ailier,30 ans,NON JIFF,https://www.allrugby.com/joueurs/suliasi-vunivalu-9055.html
La Rochelle,Prolongations,Aleksandre KUNTELIA,Géorgie,Pilier,24 ans,JIFF,https://www.allrugby.com/joueurs/aleksandre-kuntelia-11766.html
La Rochelle,Prolongations,Louis PENVERNE,France,Pilier,23 ans,JIFF,https://www.allrugby.com/joueurs/louis-penverne-12229.html
La Rochelle,Prolongations,Alexandre KADDOURI,France,Pilier,22 ans,ESPOIR,https://www.allrugby.com/joueurs/alexandre-kaddouri-13460.html
La Rochelle,Prolongations,Karl SORIN,France,Pilier,22 ans,JIFF,https://www.allrugby.com/joueurs/karl-sorin-14166.html
La Rochelle,Prolongations,Upaleto FEAO,Tonga,Pilier,21 ans,ESPOIR,https://www.allrugby.com/joueurs/upaleto-feao-17173.html
La Rochelle,Prolongations,Tolu LATU,Tonga,Talonneur,33 ans,NON JIFF,https://www.allrugby.com/joueurs/tolu-latu-5010.html
La Rochelle,Prolongations,Nika SUTIDZE,Géorgie,Talonneur,22 ans,JIFF,https://www.allrugby.com/joueurs/nika-sutidze-13788.html
La Rochelle,Prolongations,Charles KANTÉ-SAMBA,France,2ème ligne,21 ans,ESPOIR,https://www.allrugby.com/joueurs/charles-kante-samba-16880.html
La Rochelle,Prolongations,Kirill FRAINDT,Russie,2ème ligne,19 ans,ESPOIR NON JIFF,https://www.allrugby.com/joueurs/kirill-fraindt-21567.html
La Rochelle,Prolongations,Levani BOTIA,Fidji,3ème ligne,37 ans,NON JIFF,https://www.allrugby.com/joueurs/levani-botia-2213.html
La Rochelle,Prolongations,Andy TIMO,France,3ème ligne,22 ans,JIFF,https://www.allrugby.com/joueurs/andy-timo-13856.html
La Rochelle,Prolongations,Lucas ANDJISSERAMATCHI,France,3ème ligne,20 ans,ESPOIR,https://www.allrugby.com/joueurs/lucas-andjisseramatchi-17859.html
La Rochelle,Prolongations,Nolhann COUILLAUD,France,Mêlée,19 ans,ESPOIR,https://www.allrugby.com/joueurs/nolhann-couillaud-18566.html
La Rochelle,Prolongations,Diego JURD,France,Ouverture,19 ans,ESPOIR,https://www.allrugby.com/joueurs/diego-jurd-17171.html
La Rochelle,Prolongations,Simeli DAUNIVUCU,Fidji,Centre,21 ans,ESPOIR,https://www.allrugby.com/joueurs/simeli-daunivucu-16339.html
La Rochelle,Prolongations,Nathan BOLLENGIER,France,Ailier,22 ans,ESPOIR,https://www.allrugby.com/joueurs/nathan-bollengier-16338.html
Racing 92,Arrivées,Benjamin BOUDOU,France,Talonneur,24 ans,JIFF,https://www.allrugby.com/joueurs/benjamin-boudou-8044.html
Racing 92,Arrivées,Seru URU,Fidji,3ème ligne,29 ans,NON JIFF,https://www.allrugby.com/joueurs/seru-uru-9119.html
Racing 92,Arrivées,Nicolas MARTINS,France,3ème ligne,27 ans,JIFF,https://www.allrugby.com/joueurs/nicolas-martins-14149.html
Racing 92,Arrivées,Noa ZINZEN,France,3ème ligne,22 ans,ESPOIR,https://www.allrugby.com/joueurs/noa-zinzen-15287.html
Racing 92,Arrivées,Maxime MACHENAUD,France,Mêlée,37 ans,JIFF,https://www.allrugby.com/joueurs/maxime-machenaud-1202.html
Racing 92,Arrivées,Paul COSTES,France,Centre,23 ans,JIFF,https://www.allrugby.com/joueurs/paul-costes-14642.html
Racing 92,Départs,Feleti KAITU'U,Australie,Talonneur,31 ans,NON JIFF,https://www.allrugby.com/joueurs/feleti-kaitu-u-10428.html
Racing 92,Départs,Will ROWLANDS,Angleterre,2ème ligne,34 ans,NON JIFF,https://www.allrugby.com/joueurs/will-rowlands-4079.html
Racing 92,Départs,Kléo LABARBE,France,Mêlée,21 ans,ESPOIR,https://www.allrugby.com/joueurs/kleo-labarbe-17034.html
Racing 92,Départs,Gaël FICKOU,France,Centre,32 ans,JIFF,https://www.allrugby.com/joueurs/gael-fickou-1087.html
Racing 92,Prolongations,Guram GOGICHASHVILI,Géorgie,Pilier,27 ans,JIFF,https://www.allrugby.com/joueurs/guram-gogichashvili-7031.html
Racing 92,Prolongations,Yanis BASSE,France,Talonneur,19 ans,ESPOIR,https://www.allrugby.com/joueurs/yanis-basse-20184.html
Racing 92,Prolongations,Romain TAOFIFENUA,France,2ème ligne,35 ans,JIFF,https://www.allrugby.com/joueurs/romain-taofifenua-1147.html
Racing 92,Prolongations,Soumaila CAMARA,France,3ème ligne,22 ans,JIFF,https://www.allrugby.com/joueurs/soumaila-camara-18375.html
Racing 92,Prolongations,Josua TUISOVA,Fidji,Centre,32 ans,JIFF,https://www.allrugby.com/joueurs/josua-tuisova-1254.html
Racing 92,Prolongations,Wame NAITUVI,Fidji,Ailier,30 ans,NON JIFF,https://www.allrugby.com/joueurs/wame-naituvi-5192.html
Racing 92,Prolongations,Vinaya HABOSI,Fidji,Ailier,26 ans,NON JIFF,https://www.allrugby.com/joueurs/vinaya-habosi-13097.html
Racing 92,Prolongations,Max SPRING,France,Arrière,25 ans,JIFF,https://www.allrugby.com/joueurs/max-spring-7727.html
Montpellier,Arrivées,Reda WARDI,France,Pilier,30 ans,JIFF,https://www.allrugby.com/joueurs/reda-wardi-4286.html
Montpellier,Arrivées,Luca TABAROT,France,Pilier,22 ans,JIFF,https://www.allrugby.com/joueurs/luca-tabarot-12094.html
Montpellier,Arrivées,Ruben VAN HEERDEN,Afrique du sud,2ème ligne,28 ans,NON JIFF,https://www.allrugby.com/joueurs/ruben-van-heerden-6855.html
Montpellier,Arrivées,Maël PERRIN,France,2ème ligne,22 ans,ESPOIR,https://www.allrugby.com/joueurs/mael-perrin-16346.html
Montpellier,Arrivées,Sébastien BÉZY,France,Mêlée,34 ans,JIFF,https://www.allrugby.com/joueurs/sebastien-bezy-1091.html
Montpellier,Arrivées,Adam HASTINGS,Ecosse,Ouverture,29 ans,NON JIFF,https://www.allrugby.com/joueurs/adam-hastings-4904.html
Montpellier,Arrivées,Dimitri DELIBES,France,Ailier,27 ans,JIFF,https://www.allrugby.com/joueurs/dimitri-delibes-6053.html
Montpellier,Départs,Enzo FORLETTA,France,Pilier,32 ans,JIFF,https://www.allrugby.com/joueurs/enzo-forletta-2448.html
Montpellier,Départs,Nika ABULADZE,Géorgie,Pilier,30 ans,NON JIFF,https://www.allrugby.com/joueurs/nika-abuladze-11275.html
Montpellier,Départs,Matthieu UHILA,France,2ème ligne,24 ans,JIFF,https://www.allrugby.com/joueurs/matthieu-uhila-9798.html
Montpellier,Départs,Mahamadou DIABY,France,3ème ligne,35 ans,JIFF,https://www.allrugby.com/joueurs/mahamadou-diaby-1262.html
Montpellier,Départs,Marco TAULEIGNE,France,3ème ligne,32 ans,JIFF,https://www.allrugby.com/joueurs/marco-tauleigne-1398.html
Montpellier,Départs,Léo COLY,France,Mêlée,26 ans,JIFF,https://www.allrugby.com/joueurs/leo-coly-7290.html
Montpellier,Départs,Thomas VINCENT,France,Ouverture,26 ans,JIFF,https://www.allrugby.com/joueurs/thomas-vincent-5905.html
Montpellier,Départs,Thomas DARMON,France,Centre,28 ans,JIFF,https://www.allrugby.com/joueurs/thomas-darmon-5256.html
Montpellier,Prolongations,Wilfrid HOUNKPATIN,France,Pilier,34 ans,JIFF,https://www.allrugby.com/joueurs/wilfrid-hounkpatin-1476.html
Montpellier,Prolongations,Mohamed HAOUAS,France,Pilier,32 ans,JIFF,https://www.allrugby.com/joueurs/mohammed-houas-4681.html
Montpellier,Prolongations,Baptiste ERDOCIO,France,Pilier,26 ans,JIFF,https://www.allrugby.com/joueurs/baptiste-erdocio-8150.html
Montpellier,Prolongations,Christopher TOLOFUA,France,Talonneur,32 ans,JIFF,https://www.allrugby.com/joueurs/christopher-tolofua-1082.html
Montpellier,Prolongations,Lyam AKRAB,France,Talonneur,20 ans,ESPOIR,https://www.allrugby.com/joueurs/lyam-akrab-16341.html
Montpellier,Prolongations,Billy VUNIPOLA,Australie,3ème ligne,33 ans,NON JIFF,https://www.allrugby.com/joueurs/billy-vunipola-2111.html
Montpellier,Prolongations,Lenni NOUCHI,France,3ème ligne,22 ans,ESPOIR,https://www.allrugby.com/joueurs/lenni-nouchi-11986.html
Montpellier,Prolongations,Ali PRICE,Angleterre,Mêlée,33 ans,NON JIFF,https://www.allrugby.com/joueurs/ali-price-2635.html
Montpellier,Prolongations,Domingo MIOTTI,Argentine,Ouverture,30 ans,NON JIFF,https://www.allrugby.com/joueurs/domingo-miotti-7497.html
Montpellier,Prolongations,Auguste CADOT,France,Centre,24 ans,JIFF,https://www.allrugby.com/joueurs/auguste-cadot-8147.html
Montpellier,Prolongations,Justo PICCARDO,Argentine,Centre,24 ans,NON JIFF,https://www.allrugby.com/joueurs/justo-piccardo-18814.html
Montpellier,Prolongations,Gabriel N'GANDEBE,France,Ailier,29 ans,JIFF,https://www.allrugby.com/joueurs/gabriel-n-gandebe-5291.html
Montpellier,Prolongations,Maël MOUSTIN,France,Ailier,23 ans,JIFF,https://www.allrugby.com/joueurs/mael-moustin-9193.html
Montpellier,Prolongations,Tom BANKS,Australie,Arrière,32 ans,NON JIFF,https://www.allrugby.com/joueurs/thomas-banks-6684.html
Pau,Arrivées,Alexandre ETCHEBÉHÈRE,France,Pilier,21 ans,ESPOIR,https://www.allrugby.com/joueurs/alexandre-etchebehere-14270.html
Pau,Arrivées,Baptiste PESENTI,France,2ème ligne,29 ans,JIFF,https://www.allrugby.com/joueurs/baptiste-pesenti-4430.html
Pau,Arrivées,Bastien VERGNES-TAILLEFER,France,3ème ligne,29 ans,JIFF,https://www.allrugby.com/joueurs/bastien-vergnes-taillefer-7192.html
Pau,Arrivées,Santiago GRONDONA,Argentine,3ème ligne,27 ans,NON JIFF,https://www.allrugby.com/joueurs/santiago-grondona-7505.html
Pau,Arrivées,Rémi COUTY,France,3ème ligne,19 ans,ESPOIR,https://www.allrugby.com/joueurs/remi-couty-20755.html
Pau,Arrivées,Gonzalo GARCIA,Argentine,Mêlée,27 ans,NON JIFF,https://www.allrugby.com/joueurs/gonzalo-garcia-8160.html
Pau,Arrivées,Rodrigo MARTA,Portugal,Ailier,26 ans,NON JIFF,https://www.allrugby.com/joueurs/rodrigo-marta-9298.html
Pau,Arrivées,Joachim SENGA KOUO,France,Arrière,18 ans,ESPOIR,https://www.allrugby.com/joueurs/joachim-senga-20312.html
Pau,Départs,Luke WHITELOCK,Nouvelle-Zélande,3ème ligne,35 ans,NON JIFF,https://www.allrugby.com/joueurs/luke-whitelock-5849.html
Pau,Départs,Carwyn TUIPULOTU,Pays-de-Galles,3ème ligne,24 ans,NON JIFF,https://www.allrugby.com/joueurs/carwyn-tuipulotu-10945.html
Pau,Départs,Dan ROBSON,Angleterre,Mêlée,34 ans,NON JIFF,https://www.allrugby.com/joueurs/dan-robson-3143.html
Pau,Départs,Olivier KLEMENCZAK,France,Centre,30 ans,JIFF,https://www.allrugby.com/joueurs/olivier-klemenczak-2477.html
Pau,Départs,Thomas CAROL,France,Ailier,25 ans,JIFF,https://www.allrugby.com/joueurs/thomas-carol-8406.html
Pau,Départs,Toshi BUTLIN,Australie,Ailier,21 ans,ESPOIR,https://www.allrugby.com/joueurs/toshi-butlin-15711.html
Pau,Départs,Aymeric LUC,France,Arrière,28 ans,JIFF,https://www.allrugby.com/joueurs/aymeric-luc-6046.html
Pau,Prolongations,Siate TOKOLAHI,Tonga,Pilier,34 ans,NON JIFF,https://www.allrugby.com/joueurs/siate-tokolahi-6627.html
Pau,Prolongations,Jon ZABALA,Espagne,Pilier,29 ans,JIFF,https://www.allrugby.com/joueurs/jon-zabala-4407.html
Pau,Prolongations,Thomas JOLMÈS,France,2ème ligne,30 ans,JIFF,https://www.allrugby.com/joueurs/thomas-jolmes-4382.html
Pau,Prolongations,Hugo AURADOU,France,2ème ligne,22 ans,JIFF,https://www.allrugby.com/joueurs/hugo-auradou-11782.html
Pau,Prolongations,Reece HEWAT,Australie,3ème ligne,28 ans,JIFF,https://www.allrugby.com/joueurs/reece-hewat-7304.html
Pau,Prolongations,Loïc CRÉDOZ,France,3ème ligne,27 ans,JIFF,https://www.allrugby.com/joueurs/loic-credoz-8872.html
Pau,Prolongations,Sacha ZEGUEUR,France,3ème ligne,27 ans,JIFF,https://www.allrugby.com/joueurs/sacha-zegueur-5913.html
Pau,Prolongations,Thibault DAUBAGNA,France,Mêlée,32 ans,JIFF,https://www.allrugby.com/joueurs/thibault-daubagna-1515.html
Pau,Prolongations,Thomas SOUVERBIE,France,Mêlée,22 ans,ESPOIR,https://www.allrugby.com/joueurs/thomas-souverbie-14271.html
Pau,Prolongations,Émilien GAILLETON,France,Centre,22 ans,JIFF,https://www.allrugby.com/joueurs/emilien-gailleton-11773.html
Pau,Prolongations,Aaron GRANDIDIER,France,Ailier,26 ans,JIFF,https://www.allrugby.com/joueurs/aaron-grandidier-8316.html
Pau,Prolongations,Théo ATTISSOGBE,France,Ailier,21 ans,ESPOIR,https://www.allrugby.com/joueurs/theo-attissogbe-13652.html
Perpignan,Arrivées,Cedate GOMES SA,Portugal,Pilier,32 ans,JIFF,https://www.allrugby.com/joueurs/cedate-gomes-sa-3431.html
Perpignan,Arrivées,Enzo FORLETTA,France,Pilier,32 ans,JIFF,https://www.allrugby.com/joueurs/enzo-forletta-2448.html
Perpignan,Arrivées,Marco RICCIONI,Italie,Pilier,28 ans,NON JIFF,https://www.allrugby.com/joueurs/marco-riccioni-4191.html
Perpignan,Arrivées,Brad AMITUANAI,Australie,Pilier,27 ans,NON JIFF,https://www.allrugby.com/joueurs/bradley-amituanai-17327.html
Perpignan,Arrivées,Lachlan SWINTON,Australie,3ème ligne,29 ans,NON JIFF,https://www.allrugby.com/joueurs/lachlan-swinton-7538.html
Perpignan,Arrivées,José MADEIRA,Portugal,3ème ligne,25 ans,JIFF,https://www.allrugby.com/joueurs/jose-madeira-9269.html
Perpignan,Arrivées,Jovan SRECKOVIC,France,3ème ligne,19 ans,ESPOIR,https://www.allrugby.com/joueurs/jovan-sreckovic-18834.html
Perpignan,Arrivées,Luke MCGRATH,Irlande,Mêlée,33 ans,NON JIFF,https://www.allrugby.com/joueurs/luke-mcgrath-2703.html
Perpignan,Arrivées,Paolo GARBISI,Italie,Ouverture,26 ans,NON JIFF,https://www.allrugby.com/joueurs/paolo-garbisi-7397.html
Perpignan,Arrivées,Maëlan RABUT,France,Centre,29 ans,JIFF,https://www.allrugby.com/joueurs/maelan-rabut-5539.html
Perpignan,Arrivées,Braydon ENNOR,Nouvelle-Zélande,Centre,28 ans,NON JIFF,https://www.allrugby.com/joueurs/braydon-ennor-6834.html
Perpignan,Arrivées,Sevu REECE,Fidji,Ailier,29 ans,NON JIFF,https://www.allrugby.com/joueurs/sevu-reece-7664.html
Perpignan,Départs,Kieran BROOKES,Angleterre,Pilier,35 ans,NON JIFF,https://www.allrugby.com/joueurs/kieran-brookes-3219.html
Perpignan,Départs,Nemo ROELOFSE,Afrique du sud,Pilier,31 ans,NON JIFF,https://www.allrugby.com/joueurs/nemo-roelofse-4982.html
Perpignan,Départs,Giorgi BERIA,France,Pilier,26 ans,JIFF,https://www.allrugby.com/joueurs/giorgi-beria-7000.html
Perpignan,Départs,Akato FAKATIKA,France,Pilier,25 ans,JIFF,https://www.allrugby.com/joueurs/akato-fakatika-10941.html
Perpignan,Départs,Jamie RITCHIE,Ecosse,3ème ligne,29 ans,NON JIFF,https://www.allrugby.com/joueurs/jamie-ritchie-4245.html
Perpignan,Départs,Max HICKS,Nouvelle-Zélande,3ème ligne,26 ans,NON JIFF,https://www.allrugby.com/joueurs/max-hicks-12580.html
Perpignan,Départs,Gela APRASIDZE,Géorgie,Mêlée,28 ans,JIFF,https://www.allrugby.com/joueurs/gela-aprasidze-5464.html
Perpignan,Départs,Tommaso ALLAN,Italie,Ouverture,33 ans,JIFF,https://www.allrugby.com/joueurs/tommy-allan-1270.html
Perpignan,Départs,Duncan PAIA'AUA,Nouvelle-Zélande,Centre,31 ans,NON JIFF,https://www.allrugby.com/joueurs/duncan-paia-aua-6664.html
Perpignan,Départs,Alivereti DUGUIVALU,Fidji,Centre,28 ans,JIFF,https://www.allrugby.com/joueurs/alifereti-duguivalu-5910.html
Perpignan,Départs,Tavite VEREDAMU,Fidji,Ailier,36 ans,NON JIFF,https://www.allrugby.com/joueurs/tavite-veredamu-10572.html
Perpignan,Départs,Jordan PETAIA,Australie,Ailier,26 ans,NON JIFF,https://www.allrugby.com/joueurs/jordan-petaia-6865.html
Perpignan,Prolongations,Giorgi TETRASHVILI,Géorgie,Pilier,32 ans,JIFF,https://www.allrugby.com/joueurs/giorgi-tetrashvili-1492.html
Perpignan,Prolongations,Bruce DEVAUX,France,Pilier,29 ans,JIFF,https://www.allrugby.com/joueurs/bruce-devaux-7318.html
Perpignan,Prolongations,Lorencio BOYER GALLARDO,France,Pilier,20 ans,ESPOIR,https://www.allrugby.com/joueurs/lorencio-boyer-gallardo-17518.html
Perpignan,Prolongations,Victor MONTGAILLARD,France,Talonneur,23 ans,JIFF,https://www.allrugby.com/joueurs/victor-montgaillard-9847.html
Perpignan,Prolongations,Mathys LOTRIAN,France,Talonneur,22 ans,ESPOIR,https://www.allrugby.com/joueurs/mathys-lotrian-16459.html
Perpignan,Prolongations,Jonny GRAY,Ecosse,2ème ligne,32 ans,NON JIFF,https://www.allrugby.com/joueurs/jonny-gray-2174.html
Perpignan,Prolongations,Patrick SOBÉLA,France,3ème ligne,33 ans,JIFF,https://www.allrugby.com/joueurs/patrick-sobela-2547.html
Perpignan,Prolongations,Noé DELLA SCHIAVA,France,3ème ligne,24 ans,JIFF,https://www.allrugby.com/joueurs/noe-della-schiava-12052.html
Perpignan,Prolongations,Tom ECOCHARD,France,Mêlée,33 ans,JIFF,https://www.allrugby.com/joueurs/tom-ecochard-1273.html
Perpignan,Prolongations,James HALL,Afrique du sud,Mêlée,30 ans,JIFF,https://www.allrugby.com/joueurs/james-hall-4520.html
Perpignan,Prolongations,Benjamin URDAPILLETA,Argentine,Ouverture,40 ans,NON JIFF,https://www.allrugby.com/joueurs/benjamin-urdapilleta-1068.html
Perpignan,Prolongations,Jake MCINTYRE,Australie,Ouverture,32 ans,NON JIFF,https://www.allrugby.com/joueurs/jake-mcintyre-5475.html
Perpignan,Prolongations,Jerónimo DE LA FUENTE,Argentine,Centre,35 ans,NON JIFF,https://www.allrugby.com/joueurs/jeronimo-de-la-fuente-3865.html
Perpignan,Prolongations,Riko BULIRUARUA,Fidji,Centre,29 ans,JIFF,https://www.allrugby.com/joueurs/rico-buliruarua-4482.html
Perpignan,Prolongations,Job POULET,France,Centre,23 ans,JIFF,https://www.allrugby.com/joueurs/job-poulet-12332.html
Perpignan,Prolongations,Diego MASCARENC,France,Centre,19 ans,ESPOIR,https://www.allrugby.com/joueurs/diego-mascarenc-22084.html
Paris,Arrivées,Thomas BUÉ,France,Pilier,23 ans,JIFF,https://www.allrugby.com/joueurs/thomas-bue-12275.html
Paris,Arrivées,Tomasi MAKA,Australie,Talonneur,23 ans,NON JIFF,https://www.allrugby.com/joueurs/tomasi-maka-16837.html
Paris,Arrivées,Petero MAILULU,Fidji,2ème ligne,23 ans,JIFF,https://www.allrugby.com/joueurs/petero-mailulu-12377.html
Paris,Arrivées,Ihaia WEST,Nouvelle-Zélande,Ouverture,34 ans,NON JIFF,https://www.allrugby.com/joueurs/ihaia-west-5880.html
Paris,Arrivées,Alivereti DUGUIVALU,Fidji,Centre,28 ans,JIFF,https://www.allrugby.com/joueurs/alifereti-duguivalu-5910.html
Paris,Arrivées,Rufus MCLEAN,Etats-Unis,Ailier,26 ans,NON JIFF,https://www.allrugby.com/joueurs/rufus-mclean-7380.html
Paris,Arrivées,Israel LEOTA,Samoa,Ailier,21 ans,ESPOIR NON JIFF,https://www.allrugby.com/joueurs/israel-leota-21706.html
Paris,Départs,Yanis LUX,France,Pilier,21 ans,ESPOIR,https://www.allrugby.com/joueurs/yanis-lux-15460.html
Paris,Départs,Baptiste PESENTI,France,2ème ligne,29 ans,JIFF,https://www.allrugby.com/joueurs/baptiste-pesenti-4430.html
Paris,Départs,Zack HENRY,Angleterre,Ouverture,31 ans,NON JIFF,https://www.allrugby.com/joueurs/zack-henry-6020.html
Paris,Départs,Joe MARCHANT,Angleterre,Centre,29 ans,NON JIFF,https://www.allrugby.com/joueurs/joe-marchant-4165.html
Paris,Départs,Charles LALOI,France,Ailier,22 ans,JIFF,https://www.allrugby.com/joueurs/charles-laloi-13660.html
Paris,Prolongations,Thierry PAÏVA,France,Pilier,30 ans,JIFF,https://www.allrugby.com/joueurs/thierry-paiva-4364.html
Paris,Prolongations,Jack ISCARO,Etats-Unis,Pilier,28 ans,NON JIFF,https://www.allrugby.com/joueurs/jack-iscaro-10586.html
Paris,Prolongations,Lucas PEYRESBLANQUES,France,Talonneur,28 ans,JIFF,https://www.allrugby.com/joueurs/lucas-peyresblanques-4610.html
Paris,Prolongations,Paul GABRILLAGUES,France,2ème ligne,33 ans,JIFF,https://www.allrugby.com/joueurs/paul-gabrillagues-2374.html
Paris,Prolongations,Setareki TURAGACOKE,Fidji,2ème ligne,20 ans,ESPOIR NON JIFF,https://www.allrugby.com/joueurs/setareki-turagacoke-18328.html
Paris,Prolongations,Ryan CHAPUIS,France,3ème ligne,28 ans,JIFF,https://www.allrugby.com/joueurs/ryan-chapuis-6008.html
Paris,Prolongations,Thibaut MOTASSI,France,Mêlée,21 ans,ESPOIR,https://www.allrugby.com/joueurs/thibaut-motassi-15196.html
Paris,Prolongations,Louis CARBONEL,France,Ouverture,27 ans,JIFF,https://www.allrugby.com/joueurs/louis-carbonel-5175.html
Paris,Prolongations,Jeremy WARD,Afrique du sud,Centre,30 ans,NON JIFF,https://www.allrugby.com/joueurs/jeremy-ward-7508.html
Paris,Prolongations,Julien DELBOUIS,France,Centre,26 ans,JIFF,https://www.allrugby.com/joueurs/julien-delbouis-5538.html
Paris,Prolongations,Peniasi DAKUWAQA,Fidji,Ailier,29 ans,NON JIFF,https://www.allrugby.com/joueurs/peniasi-dakuwaqa-14612.html
Toulon,Arrivées,Rabah SLIMANI,France,Pilier,36 ans,JIFF,https://www.allrugby.com/joueurs/rabah-slimani-1115.html
Toulon,Arrivées,Luciano ASEVEDO,Argentine,2ème ligne,22 ans,NON JIFF,https://www.allrugby.com/joueurs/luciano-asevedo-17400.html
Toulon,Arrivées,Judicaël CANCORIET,France,3ème ligne,30 ans,JIFF,https://www.allrugby.com/joueurs/judicael-cancoriet-2512.html
Toulon,Arrivées,Luka KELETAONA,France,Ouverture,20 ans,ESPOIR,https://www.allrugby.com/joueurs/luka-keletaona-15392.html
Toulon,Arrivées,Gaël FICKOU,France,Centre,32 ans,JIFF,https://www.allrugby.com/joueurs/gael-fickou-1087.html
Toulon,Arrivées,Huw JONES,Ecosse,Centre,32 ans,NON JIFF,https://www.allrugby.com/joueurs/huw-jones-5030.html
Toulon,Arrivées,Apete NAROGO,Fidji,Ailier,24 ans,NON JIFF,https://www.allrugby.com/joueurs/apete-narogo-22529.html
Toulon,Départs,Daniel BRENNAN,Irlande,Pilier,27 ans,JIFF,https://www.allrugby.com/joueurs/daniel-brennan-4493.html
Toulon,Départs,Brian ALAINU'UESE,Samoa,2ème ligne,32 ans,NON JIFF,https://www.allrugby.com/joueurs/brian-alainu-uese-5125.html
Toulon,Départs,Giorgi JAVAKHIA,Géorgie,2ème ligne,29 ans,JIFF,https://www.allrugby.com/joueurs/giorgi-javakhia-4391.html
Toulon,Départs,Jovan SRECKOVIC,France,3ème ligne,19 ans,ESPOIR,https://www.allrugby.com/joueurs/jovan-sreckovic-18834.html
Toulon,Départs,Paolo GARBISI,Italie,Ouverture,26 ans,NON JIFF,https://www.allrugby.com/joueurs/paolo-garbisi-7397.html
Toulon,Départs,Lohan SABBIA,France,Ouverture,22 ans,ESPOIR,https://www.allrugby.com/joueurs/lohan-sabbia-18002.html
Toulon,Départs,Ma'a NONU,Nouvelle-Zélande,Centre,44 ans,NON JIFF,https://www.allrugby.com/joueurs/ma-a-nonu-3386.html
Toulon,Départs,Barnabé MÉCHENTEL,France,Arrière,21 ans,ESPOIR,https://www.allrugby.com/joueurs/barnabe-mechentel-16365.html
Toulon,Prolongations,Gianmarco LUCCHESI,Italie,Talonneur,25 ans,NON JIFF,https://www.allrugby.com/joueurs/gianmarco-lucchesi-7388.html
Toulon,Prolongations,Corentin MÉZOU,France,2ème ligne,21 ans,ESPOIR,https://www.allrugby.com/joueurs/corentin-mezou-15261.html
Toulon,Prolongations,Junior KPOKU,Angleterre,2ème ligne,20 ans,ESPOIR,https://www.allrugby.com/joueurs/junior-kpoku-16834.html
Toulon,Prolongations,Baptiste SERIN,France,Mêlée,32 ans,JIFF,https://www.allrugby.com/joueurs/baptiste-serin-1380.html
Toulon,Prolongations,Ben WHITE,Angleterre,Mêlée,28 ans,NON JIFF,https://www.allrugby.com/joueurs/ben-white-4776.html
Toulon,Prolongations,Jérémy SINZELLE,France,Centre,36 ans,JIFF,https://www.allrugby.com/joueurs/jeremy-sinzelle-1370.html
Toulon,Prolongations,Rayan REBBADJ,France,Centre,26 ans,JIFF,https://www.allrugby.com/joueurs/rayan-rebbadj-8436.html
Toulon,Prolongations,Gabin VILLIÈRE,France,Ailier,30 ans,JIFF,https://www.allrugby.com/joueurs/gabin-villiere-7728.html
Toulouse,Arrivées,Malachi HAWKES,Australie,Pilier,23 ans,JIFF,https://www.allrugby.com/joueurs/malachi-hawkes-11727.html
Toulouse,Arrivées,Valentin DELPY,France,Ouverture,22 ans,ESPOIR,https://www.allrugby.com/joueurs/valentin-delpy-15037.html
Toulouse,Arrivées,Tommaso MENONCELLO,Italie,Centre,23 ans,NON JIFF,https://www.allrugby.com/joueurs/tommaso-menoncello-11071.html
Toulouse,Départs,Guillaume CRAMONT,France,Talonneur,25 ans,JIFF,https://www.allrugby.com/joueurs/guillaume-cramont-8140.html
Toulouse,Départs,Naoto SAITO,Japon,Mêlée,28 ans,NON JIFF,https://www.allrugby.com/joueurs/naoto-saito-9182.html
Toulouse,Départs,Lucien RICHARDIS,France,Ouverture,21 ans,ESPOIR,https://www.allrugby.com/joueurs/lucien-richardis-17747.html
Toulouse,Départs,Paul COSTES,France,Centre,23 ans,JIFF,https://www.allrugby.com/joueurs/paul-costes-14642.html
Toulouse,Départs,Lucas VIGNÈRES,France,Centre,20 ans,ESPOIR,https://www.allrugby.com/joueurs/lucas-vigneres-18169.html
Toulouse,Départs,Dimitri DELIBES,France,Ailier,27 ans,JIFF,https://www.allrugby.com/joueurs/dimitri-delibes-6053.html
Toulouse,Départs,Thomas ALARY,France,Arrière,19 ans,ESPOIR,https://www.allrugby.com/joueurs/thomas-alary-18172.html
Toulouse,Prolongations,Rodrigue NETI,France,Pilier,31 ans,JIFF,https://www.allrugby.com/joueurs/rodrigue-neti-2375.html
Toulouse,Prolongations,Paul MALLEZ,France,Pilier,25 ans,JIFF,https://www.allrugby.com/joueurs/paul-mallez-7696.html
Toulouse,Prolongations,Benjamin BERTRAND,France,Pilier,22 ans,ESPOIR,https://www.allrugby.com/joueurs/benjamin-bertrand-15364.html
Toulouse,Prolongations,Thibaud FLAMENT,France,2ème ligne,29 ans,NON JIFF,https://www.allrugby.com/joueurs/thibaud-flament-8962.html
Toulouse,Prolongations,Joshua BRENNAN,Irlande,2ème ligne,24 ans,JIFF,https://www.allrugby.com/joueurs/joshua-brennan-8294.html
Toulouse,Prolongations,Léo BANOS,France,3ème ligne,23 ans,JIFF,https://www.allrugby.com/joueurs/leo-banos-10745.html
Toulouse,Prolongations,Roméo MARTIN-BONNARD,France,3ème ligne,19 ans,ESPOIR,https://www.allrugby.com/joueurs/romeo-martin-bonnard-18173.html
Toulouse,Prolongations,Antoine DUPONT,France,Mêlée,29 ans,JIFF,https://www.allrugby.com/joueurs/antoine-dupont-2558.html
Toulouse,Prolongations,Célian POUZELGUES,France,Centre,22 ans,ESPOIR,https://www.allrugby.com/joueurs/celian-pouzelgues-14148.html
Toulouse,Prolongations,Matthis LEBEL,France,Ailier,27 ans,JIFF,https://www.allrugby.com/joueurs/matthis-lebel-6346.html
Toulouse,Prolongations,Jérémy NEMOR,France,Ailier,20 ans,ESPOIR,https://www.allrugby.com/joueurs/jeremy-nemor-18171.html
Toulouse,Prolongations,Juan Cruz MALLÍA,Argentine,Arrière,29 ans,NON JIFF,https://www.allrugby.com/joueurs/juan-cruz-mallia-6408.html
Toulouse,Prolongations,Matias REMUE,Belgique,Arrière,23 ans,JIFF,https://www.allrugby.com/joueurs/matias-remue-12512.html
Clermont,Arrivées,Peniami Nasali NARISIA,Fidji,Talonneur,29 ans,JIFF,https://www.allrugby.com/joueurs/peniami-nasali-narisia-4088.html
Clermont,Arrivées,Darcy SWAIN,Australie,2ème ligne,29 ans,NON JIFF,https://www.allrugby.com/joueurs/darcy-swain-6880.html
Clermont,Arrivées,Kévin NOAH,France,3ème ligne,24 ans,JIFF,https://www.allrugby.com/joueurs/kevin-noah-6072.html
Clermont,Arrivées,Baptiste GERMAIN,France,Mêlée,25 ans,JIFF,https://www.allrugby.com/joueurs/baptiste-germain-7571.html
Clermont,Arrivées,Justin BOURAUX,France,Ouverture,24 ans,JIFF,https://www.allrugby.com/joueurs/justin-bouraux-12429.html
Clermont,Arrivées,AJ LAM,Nouvelle-Zélande,Centre,27 ans,NON JIFF,https://www.allrugby.com/joueurs/aj-lam-11102.html
Clermont,Arrivées,Mathys BELAUBRE,France,Centre,21 ans,ESPOIR,https://www.allrugby.com/joueurs/mathys-belaubre-15383.html
Clermont,Arrivées,Etene NANAI-SETURO,Nouvelle-Zélande,Arrière,26 ans,NON JIFF,https://www.allrugby.com/joueurs/etene-nanai-seturo-7488.html
Clermont,Départs,Etienne FALGOUX,France,Pilier,33 ans,JIFF,https://www.allrugby.com/joueurs/etienne-falgoux-1969.html
Clermont,Départs,Seilala LAM,Samoa,Talonneur,37 ans,NON JIFF,https://www.allrugby.com/joueurs/seilala-lam-5092.html
Clermont,Départs,Tom BELKESSA,France,Talonneur,19 ans,ESPOIR,https://www.allrugby.com/joueurs/tom-belkessa-15386.html
Clermont,Départs,Rob SIMMONS,Australie,2ème ligne,37 ans,NON JIFF,https://www.allrugby.com/joueurs/rob-simmons-3880.html
Clermont,Départs,Lucas DESSAIGNE,France,3ème ligne,27 ans,JIFF,https://www.allrugby.com/joueurs/lucas-dessaigne-7955.html
Clermont,Départs,Sébastien BÉZY,France,Mêlée,34 ans,JIFF,https://www.allrugby.com/joueurs/sebastien-bezy-1091.html
Clermont,Départs,Tom RAFFY,France,Ouverture,21 ans,ESPOIR,https://www.allrugby.com/joueurs/tom-raffy-10862.html
Clermont,Départs,George MOALA,Tonga,Centre,35 ans,NON JIFF,https://www.allrugby.com/joueurs/george-moala-4998.html
Clermont,Départs,Pierre FOUYSSAC,France,Centre,31 ans,JIFF,https://www.allrugby.com/joueurs/pierre-fouyssac-3530.html
Clermont,Départs,Irae SIMONE,Nouvelle-Zélande,Centre,30 ans,NON JIFF,https://www.allrugby.com/joueurs/irae-simone-6915.html
Clermont,Départs,Lucas TAUZIN,France,Ailier,28 ans,JIFF,https://www.allrugby.com/joueurs/lucas-tauzin-4384.html
Clermont,Départs,Alex NEWSOME,Australie,Arrière,31 ans,NON JIFF,https://www.allrugby.com/joueurs/alex-newsome-6732.html
Clermont,Prolongations,Cristian OJOVAN,Moldavie,Pilier,29 ans,JIFF,https://www.allrugby.com/joueurs/cristian-ojovan-5550.html
Clermont,Prolongations,Giorgi AKHALADZE,Géorgie,Pilier,27 ans,JIFF,https://www.allrugby.com/joueurs/giorgi-akhaladze-7305.html
Clermont,Prolongations,Mathéo FRISACH,France,Pilier,20 ans,ESPOIR,https://www.allrugby.com/joueurs/matheo-frisach-15389.html
Clermont,Prolongations,Etienne FOURCADE,France,Talonneur,29 ans,JIFF,https://www.allrugby.com/joueurs/etienne-fourcade-4381.html
Clermont,Prolongations,Barnabé MASSA,France,Talonneur,22 ans,ESPOIR,https://www.allrugby.com/joueurs/barnabe-massa-14198.html
Clermont,Prolongations,Thomas CEYTE,France,2ème ligne,35 ans,JIFF,https://www.allrugby.com/joueurs/thomas-ceyte-3465.html
Clermont,Prolongations,Léo MICHAUX,France,2ème ligne,18 ans,ESPOIR,https://www.allrugby.com/joueurs/leo-michaux-21576.html
Clermont,Prolongations,Killian TIXERONT,France,3ème ligne,24 ans,JIFF,https://www.allrugby.com/joueurs/killian-tixeront-8041.html
Clermont,Prolongations,Baptiste JAUNEAU,France,Mêlée,22 ans,JIFF,https://www.allrugby.com/joueurs/baptiste-jauneau-10021.html
Clermont,Prolongations,Alivereti RAKA,Fidji,Ailier,31 ans,JIFF,https://www.allrugby.com/joueurs/alivereti-raka-3567.html
Bordeaux,Arrivées,Lasha PKHAKADZE,Géorgie,Pilier,22 ans,JIFF,https://www.allrugby.com/joueurs/lasha-pkhakadze-15173.html
Bordeaux,Arrivées,Zaccharie AFFANE,France,Pilier,21 ans,ESPOIR,https://www.allrugby.com/joueurs/zaccharie-affane-13842.html
Bordeaux,Arrivées,Alex MOON,Angleterre,2ème ligne,29 ans,NON JIFF,https://www.allrugby.com/joueurs/alex-moon-6201.html
Bordeaux,Arrivées,Tom WILLIS,Angleterre,3ème ligne,27 ans,NON JIFF,https://www.allrugby.com/joueurs/tom-willis-6195.html
Bordeaux,Arrivées,Dan DU PLESSIS,Afrique du sud,Centre,31 ans,NON JIFF,https://www.allrugby.com/joueurs/dan-du-plessis-7523.html
Bordeaux,Arrivées,Hugo AVOGADRO,France,Ailier,19 ans,ESPOIR,https://www.allrugby.com/joueurs/hugo-avogadro-21849.html
Bordeaux,Arrivées,Thomas DELPEUCH,France,Ailier,19 ans,ESPOIR,https://www.allrugby.com/joueurs/thomas-delpeuch-20756.html
Bordeaux,Départs,Ugo BONIFACE,France,Pilier,27 ans,JIFF,https://www.allrugby.com/joueurs/ugo-boniface-4465.html
Bordeaux,Départs,Bastien VERGNES-TAILLEFER,France,3ème ligne,29 ans,JIFF,https://www.allrugby.com/joueurs/bastien-vergnes-taillefer-7192.html
Bordeaux,Départs,Lachlan SWINTON,Australie,3ème ligne,29 ans,NON JIFF,https://www.allrugby.com/joueurs/lachlan-swinton-7538.html
Bordeaux,Départs,Bobby BISSU,France,3ème ligne,19 ans,ESPOIR,https://www.allrugby.com/joueurs/bobby-bissu-18406.html
Bordeaux,Départs,Joey CARBERY,Nouvelle-Zélande,Ouverture,30 ans,NON JIFF,https://www.allrugby.com/joueurs/joey-carbery-4830.html
Bordeaux,Départs,Joseph LAHARRAGUE,France,Ouverture,20 ans,ESPOIR,https://www.allrugby.com/joueurs/joseph-laharrague-18067.html
Bordeaux,Départs,Madosh TAMBWE,République démocratique du Congo,Ailier,29 ans,NON JIFF,https://www.allrugby.com/joueurs/michael-tambwe-6795.html
Bordeaux,Prolongations,Toma'Akino TAUFA,Tonga,Pilier,31 ans,NON JIFF,https://www.allrugby.com/joueurs/toma-akino-taufa-3605.html
Bordeaux,Prolongations,Carlü SADIE,Afrique du sud,Pilier,29 ans,NON JIFF,https://www.allrugby.com/joueurs/carlu-sadie-6597.html
Bordeaux,Prolongations,Sipili FALATEA,France,Pilier,29 ans,JIFF,https://www.allrugby.com/joueurs/sipili-falatea-5435.html
Bordeaux,Prolongations,Temo MATIU,France,3ème ligne,24 ans,JIFF,https://www.allrugby.com/joueurs/temo-matiu-14357.html
Bordeaux,Prolongations,Tiaan JACOBS,Afrique du sud,3ème ligne,21 ans,ESPOIR,https://www.allrugby.com/joueurs/tiaan-jacobs-14107.html
Bordeaux,Prolongations,Maxime LUCU,France,Mêlée,33 ans,JIFF,https://www.allrugby.com/joueurs/maxime-lucu-2453.html
Bordeaux,Prolongations,Martin PAGE-RELO,France,Mêlée,27 ans,JIFF,https://www.allrugby.com/joueurs/martin-page-relo-7169.html
Bordeaux,Prolongations,Hugo REUS,France,Ouverture,22 ans,JIFF,https://www.allrugby.com/joueurs/hugo-reus-14138.html
Bordeaux,Prolongations,Pablo UBERTI,France,Centre,28 ans,JIFF,https://www.allrugby.com/joueurs/pablo-uberti-4664.html
Bordeaux,Prolongations,Adrien DRAULT,France,Centre,20 ans,ESPOIR,https://www.allrugby.com/joueurs/adrien-drault-18068.html
Bordeaux,Prolongations,Salesi RAYASI,Nouvelle-Zélande,Ailier,29 ans,NON JIFF,https://www.allrugby.com/joueurs/salesi-rayasi-7471.html
Bordeaux,Prolongations,Romain BUROS,France,Arrière,28 ans,JIFF,https://www.allrugby.com/joueurs/romain-buros-4151.html
Vannes,Arrivées,Sione MAFILEO,Nouvelle-Zélande,Pilier,33 ans,NON JIFF,https://www.allrugby.com/joueurs/sione-mafileo-6852.html
Vannes,Arrivées,Ugo BONIFACE,France,Pilier,27 ans,JIFF,https://www.allrugby.com/joueurs/ugo-boniface-4465.html
Vannes,Arrivées,Giorgi BERIA,France,Pilier,26 ans,JIFF,https://www.allrugby.com/joueurs/giorgi-beria-7000.html
Vannes,Arrivées,Mills SANERIVI,Nouvelle-Zélande,Talonneur,26 ans,NON JIFF,https://www.allrugby.com/joueurs/mills-sanerivi-15122.html
Vannes,Arrivées,Matías ALEMANNO,Argentine,2ème ligne,34 ans,NON JIFF,https://www.allrugby.com/joueurs/matias-alemanno-3925.html
Vannes,Arrivées,Thomas PLOYET,France,2ème ligne,24 ans,JIFF,https://www.allrugby.com/joueurs/thomas-ployet-8931.html
Vannes,Arrivées,Ioane IASHAGASHVILI,Géorgie,3ème ligne,26 ans,JIFF,https://www.allrugby.com/joueurs/ioane-iashagashvili-8111.html
Vannes,Arrivées,Simi KURUVOLI,Fidji,Mêlée,27 ans,NON JIFF,https://www.allrugby.com/joueurs/simione-kuruvoli-8002.html
Vannes,Arrivées,Pierre POPELIN,France,Ouverture,31 ans,JIFF,https://www.allrugby.com/joueurs/pierre-popelin-4497.html
Vannes,Arrivées,Ray NU'U,Nouvelle-Zélande,Centre,28 ans,NON JIFF,https://www.allrugby.com/joueurs/ray-nu-u-12588.html
Vannes,Arrivées,Inia TABUAVOU,Fidji,Centre,23 ans,JIFF,https://www.allrugby.com/joueurs/inia-tabuavou-11014.html
Vannes,Arrivées,Nathanaël HULLEU,France,Ailier,26 ans,JIFF,https://www.allrugby.com/joueurs/nathanael-hulleu-8266.html
Vannes,Arrivées,Joe JONAS,Afrique du sud,Arrière,25 ans,JIFF,https://www.allrugby.com/joueurs/joe-jonas-9971.html
Vannes,Départs,Paga TAFILI,France,Pilier,39 ans,JIFF,https://www.allrugby.com/joueurs/paga-tafili-5115.html
Vannes,Départs,Mako VUNIPOLA,Nouvelle-Zélande,Pilier,35 ans,NON JIFF,https://www.allrugby.com/joueurs/mako-vunipola-2121.html
Vannes,Départs,Charlesty BERGUET,Belgique,Pilier,26 ans,JIFF,https://www.allrugby.com/joueurs/charlesty-berguet-7652.html
Vannes,Départs,Alovisio KOLIVAÏ,France,Pilier,22 ans,ESPOIR,https://www.allrugby.com/joueurs/alovisio-kolivai-17150.html
Vannes,Départs,Thomas DUCHÊNE,France,Pilier,21 ans,ESPOIR,https://www.allrugby.com/joueurs/thomas-duchene-11165.html
Vannes,Départs,Cyril BLANCHARD,France,Talonneur,36 ans,JIFF,https://www.allrugby.com/joueurs/cyril-blanchard-5267.html
Vannes,Départs,Tom SARTHOU,France,Talonneur,22 ans,ESPOIR,https://www.allrugby.com/joueurs/tom-sarthou-21827.html
Vannes,Départs,Fabrice METZ,France,2ème ligne,35 ans,JIFF,https://www.allrugby.com/joueurs/fabrice-metz-1197.html
Vannes,Départs,Kitione KAMIKAMICA,Fidji,3ème ligne,30 ans,JIFF,https://www.allrugby.com/joueurs/kitione-kamikamica-3499.html
Vannes,Départs,Jules LE BAIL,France,Mêlée,34 ans,JIFF,https://www.allrugby.com/joueurs/jules-le-bail-2029.html
Vannes,Départs,Richard JUDD,Nouvelle-Zélande,Mêlée,34 ans,NON JIFF,https://www.allrugby.com/joueurs/richard-judd-6805.html
Vannes,Départs,Thibault DEBAËS,France,Ouverture,24 ans,JIFF,https://www.allrugby.com/joueurs/thibault-debaes-9051.html
Vannes,Départs,Francis SAILI,Nouvelle-Zélande,Centre,35 ans,NON JIFF,https://www.allrugby.com/joueurs/francis-saili-4037.html
Vannes,Départs,Iñaki AYARZA,Chili,Centre,26 ans,JIFF,https://www.allrugby.com/joueurs/inaki-ayarza-8999.html
Vannes,Départs,Gwenaël DUPLENNE,France,Arrière,32 ans,JIFF,https://www.allrugby.com/joueurs/gwenael-duplenne-4719.html
Vannes,Départs,Joachim SENGA KOUO,France,Arrière,18 ans,ESPOIR,https://www.allrugby.com/joueurs/joachim-senga-20312.html
Vannes,Prolongations,Hugo DJEHI,France,Pilier,28 ans,JIFF,https://www.allrugby.com/joueurs/hugo-djehi-8926.html
Vannes,Prolongations,Simon BOURGEOIS,France,Pilier,24 ans,JIFF,https://www.allrugby.com/joueurs/simon-bourgeois-12282.html
Vannes,Prolongations,Rayane TAFILI,France,Pilier,22 ans,ESPOIR,https://www.allrugby.com/joueurs/rayane-tafili-22375.html
Vannes,Prolongations,Hayam EL BIBOUJI,France,Talonneur,24 ans,ESPOIR,https://www.allrugby.com/joueurs/hayam-el-bibouji-13718.html
Vannes,Prolongations,Mattéo DESJEUX,France,2ème ligne,24 ans,JIFF,https://www.allrugby.com/joueurs/matteo-desjeux-11436.html
Vannes,Prolongations,Sione KALAMAFONI,Tonga,3ème ligne,38 ans,NON JIFF,https://www.allrugby.com/joueurs/sione-kalafamoni-3131.html
Vannes,Prolongations,Steeve BLANC-MAPPAZ,France,3ème ligne,36 ans,JIFF,https://www.allrugby.com/joueurs/steeve-blanc-mappaz-5214.html
Vannes,Prolongations,Michael RURU,Nouvelle-Zélande,Mêlée,35 ans,NON JIFF,https://www.allrugby.com/joueurs/michael-ruru-6661.html
Vannes,Prolongations,Jean COTARMANAC'H,France,Ouverture,21 ans,ESPOIR,https://www.allrugby.com/joueurs/jean-cotarmanac-h-15404.html
Vannes,Prolongations,Robin TACCOLA,France,Centre,21 ans,ESPOIR,https://www.allrugby.com/joueurs/robin-taccola-15405.html
Agen,Arrivées,Enrique PIERETTO HEILAND,Argentine,Pilier,31 ans,NON JIFF,https://www.allrugby.com/joueurs/enrique-pieretto-heiland-5029.html
Agen,Arrivées,Akato FAKATIKA,France,Pilier,25 ans,JIFF,https://www.allrugby.com/joueurs/akato-fakatika-10941.html
Agen,Arrivées,Nail AUDOIRE,France,Pilier,25 ans,JIFF,https://www.allrugby.com/joueurs/nail-audoire-12280.html
Agen,Arrivées,Adam BOUARÉ,France,Pilier,21 ans,ESPOIR,https://www.allrugby.com/joueurs/adam-mountaga-bouare-14639.html
Agen,Arrivées,Gael GALVÁN,Argentine,Pilier,21 ans,ESPOIR NON JIFF,https://www.allrugby.com/joueurs/gael-galvan-17399.html
Agen,Arrivées,Damien BOZIC,France,2ème ligne,23 ans,JIFF,https://www.allrugby.com/joueurs/damien-bozic-15052.html
Agen,Arrivées,Romain DELEMARLE,France,3ème ligne,22 ans,ESPOIR,https://www.allrugby.com/joueurs/romain-delemarle-14726.html
Agen,Arrivées,Hugo BOUYSSOU,France,Mêlée,30 ans,JIFF,https://www.allrugby.com/joueurs/hugo-bouyssou-4345.html
Agen,Arrivées,Jules SOULAN,France,Ouverture,32 ans,JIFF,https://www.allrugby.com/joueurs/jules-soulan-4560.html
Agen,Arrivées,Lucien RICHARDIS,France,Ouverture,21 ans,ESPOIR,https://www.allrugby.com/joueurs/lucien-richardis-17747.html
Agen,Arrivées,Charles LALOI,France,Ailier,22 ans,JIFF,https://www.allrugby.com/joueurs/charles-laloi-13660.html
Agen,Départs,Omar ODISHVILI,Géorgie,Pilier,29 ans,JIFF,https://www.allrugby.com/joueurs/omar-odishvili-5172.html
Agen,Départs,Lasha MACHARASHVILI,Géorgie,Pilier,27 ans,JIFF,https://www.allrugby.com/joueurs/lasha-macharashvili-7300.html
Agen,Départs,Alex BURIN,France,Pilier,26 ans,JIFF,https://www.allrugby.com/joueurs/alex-burin-7289.html
Agen,Départs,Beau FARRANCE,Angleterre,Pilier,25 ans,JIFF,https://www.allrugby.com/joueurs/beau-farrance-8270.html
Agen,Départs,Mamuka MSTOIANI,Géorgie,Pilier,25 ans,JIFF,https://www.allrugby.com/joueurs/mamuka-mstoiani-11285.html
Agen,Départs,Luca TABAROT,France,Pilier,22 ans,JIFF,https://www.allrugby.com/joueurs/luca-tabarot-12094.html
Agen,Départs,Evan OLMSTEAD,Canada,2ème ligne,35 ans,NON JIFF,https://www.allrugby.com/joueurs/evan-olmstead-3931.html
Agen,Départs,Mathieu DE GIOVANNI,France,2ème ligne,32 ans,JIFF,https://www.allrugby.com/joueurs/mathieu-de-giovanni-2552.html
Agen,Départs,Lomig JOUANNY,France,3ème ligne,22 ans,JIFF,https://www.allrugby.com/joueurs/lomig-jouanny-14147.html
Agen,Départs,Jack MAUNDER,Angleterre,Mêlée,29 ans,NON JIFF,https://www.allrugby.com/joueurs/jack-maunder-4836.html
Agen,Départs,Théo IDJELLIDAINE,France,Mêlée,25 ans,JIFF,https://www.allrugby.com/joueurs/theo-idjellidaine-8290.html
Agen,Départs,Andrea LUCCHINI,France,Mêlée,21 ans,ESPOIR,https://www.allrugby.com/joueurs/andrea-lucchini-13923.html
Agen,Départs,Franck POURTEAU,France,Ouverture,30 ans,JIFF,https://www.allrugby.com/joueurs/franck-pourteau-4619.html
Agen,Départs,Émile DAYRAL,France,Ouverture,23 ans,JIFF,https://www.allrugby.com/joueurs/emile-dayral-11471.html
Agen,Départs,Gautier LAVIE,France,Ouverture,19 ans,ESPOIR,https://www.allrugby.com/joueurs/gautier-lavie-15454.html
Agen,Départs,Loris TOLOT,France,Ailier,33 ans,JIFF,https://www.allrugby.com/joueurs/loris-tolot-3502.html
Agen,Départs,Romain DARCHEN,France,Arrière,24 ans,JIFF,https://www.allrugby.com/joueurs/romain-darchen-9354.html
Agen,Prolongations,Florent GUION,France,Pilier,33 ans,JIFF,https://www.allrugby.com/joueurs/florent-guion-5163.html
Agen,Prolongations,Santi SOCINO,Argentine,Talonneur,34 ans,NON JIFF,https://www.allrugby.com/joueurs/santi-socino-5724.html
Agen,Prolongations,William DEMOTTE,France,2ème ligne,35 ans,JIFF,https://www.allrugby.com/joueurs/william-demotte-1654.html
Agen,Prolongations,John MADIGAN,Irlande,2ème ligne,31 ans,NON JIFF,https://www.allrugby.com/joueurs/john-madigan-5207.html
Agen,Prolongations,Julien LEBIAN,France,3ème ligne,25 ans,JIFF,https://www.allrugby.com/joueurs/julien-lebian-9937.html
Agen,Prolongations,Enzo SÉRIEYSSOL,France,3ème ligne,22 ans,ESPOIR,https://www.allrugby.com/joueurs/enzo-serieyssol-18332.html
Agen,Prolongations,Dylan CAZEMAJOU,France,Ailier,20 ans,ESPOIR,https://www.allrugby.com/joueurs/dylan-cazemajou-18331.html
Agen,Prolongations,Mathias JEAN,France,Arrière,23 ans,JIFF,https://www.allrugby.com/joueurs/mathias-jean-13854.html
Aurillac,Arrivées,Jean-Baptiste DE CLERCQ,Belgique,Pilier,32 ans,JIFF,https://www.allrugby.com/joueurs/jean-baptiste-de-clercq-3644.html
Aurillac,Arrivées,Lasha TABIDZE,Géorgie,Pilier,29 ans,JIFF,https://www.allrugby.com/joueurs/lasha-tabidze-3568.html
Aurillac,Arrivées,Stephan LE ROUX,Afrique du sud,2ème ligne,26 ans,JIFF,https://www.allrugby.com/joueurs/stephan-le-roux-11228.html
Aurillac,Arrivées,Guga GANIASHVILI,Géorgie,2ème ligne,23 ans,JIFF,https://www.allrugby.com/joueurs/guga-ganiashvili-11939.html
Aurillac,Arrivées,Mattéo COUSTALAT,France,3ème ligne,24 ans,JIFF,https://www.allrugby.com/joueurs/matteo-coustalat-10042.html
Aurillac,Arrivées,Ruben COURTIÈS,France,Mêlée,23 ans,ESPOIR,https://www.allrugby.com/joueurs/ruben-courties-17037.html
Aurillac,Arrivées,Kléo LABARBE,France,Mêlée,21 ans,ESPOIR,https://www.allrugby.com/joueurs/kleo-labarbe-17034.html
Aurillac,Arrivées,Nathan AZAÏS,France,Ouverture,22 ans,JIFF,https://www.allrugby.com/joueurs/nathan-azais-12228.html
Aurillac,Arrivées,Thomas CAROL,France,Ailier,25 ans,JIFF,https://www.allrugby.com/joueurs/thomas-carol-8406.html
Aurillac,Arrivées,Enzo MARZOCCA,France,Arrière,27 ans,JIFF,https://www.allrugby.com/joueurs/enzo-marzocca-10126.html
Aurillac,Départs,Dominic ROBERTSON-MCCOY,Nouvelle-Zélande,Pilier,32 ans,NON JIFF,https://www.allrugby.com/joueurs/dominic-robertson-mccoy-4796.html
Aurillac,Départs,Wesley TAPUELUELU,Tonga,Pilier,26 ans,JIFF,https://www.allrugby.com/joueurs/wesley-tapueluelu-8778.html
Aurillac,Départs,Koen BLOEMEN,Pays-Bas,2ème ligne,28 ans,JIFF,https://www.allrugby.com/joueurs/koen-bloemen-6973.html
Aurillac,Départs,Mosa'ati MOALA,Tonga,2ème ligne,24 ans,JIFF,https://www.allrugby.com/joueurs/mosa-ati-moala-9780.html
Aurillac,Départs,Maël PERRIN,France,2ème ligne,22 ans,ESPOIR,https://www.allrugby.com/joueurs/mael-perrin-16346.html
Aurillac,Départs,Abongile NONKONTWANA,Afrique du sud,3ème ligne,31 ans,NON JIFF,https://www.allrugby.com/joueurs/abongile-nonkontwana-7068.html
Aurillac,Départs,Lucas OUDARD,France,3ème ligne,25 ans,JIFF,https://www.allrugby.com/joueurs/lucas-oudard-15385.html
Aurillac,Départs,Rémi COUTY,France,3ème ligne,19 ans,ESPOIR,https://www.allrugby.com/joueurs/remi-couty-20755.html
Aurillac,Départs,David DELARUE,France,Mêlée,29 ans,JIFF,https://www.allrugby.com/joueurs/david-delarue-4086.html
Aurillac,Départs,Léo SALVAN,France,Mêlée,23 ans,ESPOIR,https://www.allrugby.com/joueurs/leo-salvan-10669.html
Aurillac,Départs,Jean-Luc CILLIERS,Afrique du sud,Ouverture,28 ans,NON JIFF,https://www.allrugby.com/joueurs/jean-luc-cilliers-11637.html
Aurillac,Départs,Aurélien BARREAU,France,Ouverture,21 ans,ESPOIR,https://www.allrugby.com/joueurs/aurelien-barreau-16342.html
Aurillac,Départs,AJ COERTZEN,Afrique du sud,Ailier,35 ans,NON JIFF,https://www.allrugby.com/joueurs/aj-coertzen-6086.html
Aurillac,Départs,Jordon JANSE VAN RENSBURG,Afrique du sud,Ailier,26 ans,JIFF,https://www.allrugby.com/joueurs/jordon-janse-van-rensburg-8892.html
Aurillac,Départs,Axel BÉVIA,France,Ailier,24 ans,JIFF,https://www.allrugby.com/joueurs/axel-bevia-9670.html
Aurillac,Départs,Thomas DELPEUCH,France,Ailier,19 ans,ESPOIR,https://www.allrugby.com/joueurs/thomas-delpeuch-20756.html
Aurillac,Départs,Dachi PAPUNASHVILI,Géorgie,Arrière,24 ans,JIFF,https://www.allrugby.com/joueurs/dachi-papunashvili-8121.html
Aurillac,Prolongations,Gymaël JEAN-JACQUES,France,Pilier,27 ans,JIFF,https://www.allrugby.com/joueurs/gymael-jean-jacques-5201.html
Aurillac,Prolongations,Luka NIORADZE,Géorgie,Talonneur,27 ans,JIFF,https://www.allrugby.com/joueurs/luka-nioradze-8108.html
Aurillac,Prolongations,Martial ROLLAND,France,2ème ligne,27 ans,JIFF,https://www.allrugby.com/joueurs/martial-rolland-6950.html
Aurillac,Prolongations,Hugo HUURMAN,Pays-Bas,3ème ligne,25 ans,JIFF,https://www.allrugby.com/joueurs/hugo-huurman-8890.html
Aurillac,Prolongations,Lucas DELORT,France,3ème ligne,23 ans,JIFF,https://www.allrugby.com/joueurs/lucas-delort-20209.html
Aurillac,Prolongations,Tedo ABZHANDADZE,Géorgie,Ouverture,27 ans,JIFF,https://www.allrugby.com/joueurs/tedo-abzhandadze-7212.html
Aurillac,Prolongations,Noé BRUNE,France,Ouverture,22 ans,ESPOIR,https://www.allrugby.com/joueurs/noe-brune-15168.html
Aurillac,Prolongations,Hugo BASTARD,France,Centre,24 ans,JIFF,https://www.allrugby.com/joueurs/hugo-bastard-14375.html
Béziers,Arrivées,Luka AZARIASHVILI,Géorgie,Pilier,26 ans,JIFF,https://www.allrugby.com/joueurs/luka-azariashvili-8100.html
Béziers,Arrivées,Killian TAOFIFENUA,France,Pilier,25 ans,JIFF,https://www.allrugby.com/joueurs/killian-taofifenua-8874.html
Béziers,Arrivées,Ian KITWANGA,République démocratique du Congo,2ème ligne,27 ans,JIFF,https://www.allrugby.com/joueurs/ian-kitwanga-8405.html
Béziers,Arrivées,Mackenzie MARTIN,Pays-de-Galles,3ème ligne,22 ans,NON JIFF,https://www.allrugby.com/joueurs/mackenzie-martin-14023.html
Béziers,Arrivées,David DELARUE,France,Mêlée,29 ans,JIFF,https://www.allrugby.com/joueurs/david-delarue-4086.html
Béziers,Arrivées,Joseph LAHARRAGUE,France,Ouverture,20 ans,ESPOIR,https://www.allrugby.com/joueurs/joseph-laharrague-18067.html
Béziers,Arrivées,Malakai FEKITOA,Tonga,Centre,34 ans,NON JIFF,https://www.allrugby.com/joueurs/malakai-fekitoa-3906.html
Béziers,Arrivées,Guillaume GALLETIER,France,Centre,29 ans,JIFF,https://www.allrugby.com/joueurs/guillaume-galletier-4433.html
Béziers,Arrivées,Paul GADÉA,France,Centre,24 ans,JIFF,https://www.allrugby.com/joueurs/paul-gadea-10859.html
Béziers,Arrivées,Jordon JANSE VAN RENSBURG,Afrique du sud,Ailier,26 ans,JIFF,https://www.allrugby.com/joueurs/jordon-janse-van-rensburg-8892.html
Béziers,Arrivées,Barnabé MÉCHENTEL,France,Arrière,21 ans,ESPOIR,https://www.allrugby.com/joueurs/barnabe-mechentel-16365.html
Béziers,Départs,Christian JUDGE,Angleterre,Pilier,33 ans,NON JIFF,https://www.allrugby.com/joueurs/christian-judge-7060.html
Béziers,Départs,Youssef AMROUNI,France,Pilier,31 ans,JIFF,https://www.allrugby.com/joueurs/youssef-amrouni-3676.html
Béziers,Départs,John Henry FINCHAM,Afrique du sud,Pilier,27 ans,JIFF,https://www.allrugby.com/joueurs/john-henry-fincham-8673.html
Béziers,Départs,Yannick ARROYO,France,Pilier,27 ans,JIFF,https://www.allrugby.com/joueurs/yannick-arroyo-7739.html
Béziers,Départs,Marco TRAUTH,France,Pilier,25 ans,JIFF,https://www.allrugby.com/joueurs/marco-trauth-10677.html
Béziers,Départs,Wilmar ARNOLDI,Afrique du sud,Talonneur,31 ans,NON JIFF,https://www.allrugby.com/joueurs/wilmar-arnoldi-9017.html
Béziers,Départs,Louis ESPIGUE,France,Talonneur,20 ans,ESPOIR,https://www.allrugby.com/joueurs/louis-espigue-18215.html
Béziers,Départs,Pierre GAYRAUD,France,2ème ligne,34 ans,JIFF,https://www.allrugby.com/joueurs/pierre-gayraud-1096.html
Béziers,Départs,Petero MAILULU,Fidji,2ème ligne,23 ans,JIFF,https://www.allrugby.com/joueurs/petero-mailulu-12377.html
Béziers,Départs,Clément DOUMENC,France,3ème ligne,29 ans,JIFF,https://www.allrugby.com/joueurs/clement-doumenc-4543.html
Béziers,Départs,Otunuku PAUTA,Tonga,3ème ligne,27 ans,NON JIFF,https://www.allrugby.com/joueurs/otunuku-pauta-15464.html
Béziers,Départs,Baptiste ABESCAT,France,3ème ligne,25 ans,JIFF,https://www.allrugby.com/joueurs/baptiste-abescat-9647.html
Béziers,Départs,Samuel MARQUÈS,France,Mêlée,37 ans,JIFF,https://www.allrugby.com/joueurs/samuel-marques-1485.html
Béziers,Départs,Hugo CAMACHO,France,Mêlée,22 ans,ESPOIR,https://www.allrugby.com/joueurs/hugo-camacho-15271.html
Béziers,Départs,Romain URUTY,France,Ouverture,27 ans,JIFF,https://www.allrugby.com/joueurs/romain-uruty-8646.html
Béziers,Départs,Hugo AUBRY,France,Ouverture,23 ans,ESPOIR,https://www.allrugby.com/joueurs/hugo-aubry-14948.html
Béziers,Départs,Taylor GONTINEAC,France,Centre,25 ans,JIFF,https://www.allrugby.com/joueurs/taylor-gontineac-9301.html
Béziers,Départs,Théo VASSALLO,France,Centre,22 ans,ESPOIR,https://www.allrugby.com/joueurs/theo-vassallo-16404.html
Béziers,Départs,Aminiasi TUIMABA,Fidji,Ailier,31 ans,NON JIFF,https://www.allrugby.com/joueurs/aminiasi-tuimaba-9731.html
Béziers,Départs,Sireli MASIWINI,Fidji,Ailier,22 ans,ESPOIR NON JIFF,https://www.allrugby.com/joueurs/sireli-masiwini-15634.html
Béziers,Départs,Enslin CLAASEN,Afrique du sud,Ailier,20 ans,ESPOIR NON JIFF,https://www.allrugby.com/joueurs/enslin-claasen-21395.html
Béziers,Départs,Baltazar AMAYA,Uruguay,Arrière,27 ans,NON JIFF,https://www.allrugby.com/joueurs/baltazar-amaya-12486.html
Béziers,Départs,Timéo LABAT,France,Arrière,20 ans,ESPOIR,https://www.allrugby.com/joueurs/timeo-labat-18216.html
Béziers,Prolongations,Yanis LOCKWOOD,France,Talonneur,21 ans,ESPOIR,https://www.allrugby.com/joueurs/yanis-lockwood-18213.html
Béziers,Prolongations,Shahn ERU,Îles Cook,2ème ligne,36 ans,NON JIFF,https://www.allrugby.com/joueurs/eru-shahn-5154.html
Béziers,Prolongations,Cam DODSON,Angleterre,2ème ligne,29 ans,NON JIFF,https://www.allrugby.com/joueurs/cameron-dodson-11053.html
Béziers,Prolongations,Paul RÉAU,France,Ailier,25 ans,JIFF,https://www.allrugby.com/joueurs/paul-reau-13711.html
Biarritz,Arrivées,Regi CHURCHWARD,Australie,Pilier,29 ans,NON JIFF,https://www.allrugby.com/joueurs/regi-churchward-17336.html
Biarritz,Arrivées,Kakhaber DARBAIDZE,Géorgie,Pilier,26 ans,NON JIFF,https://www.allrugby.com/joueurs/kakhaber-darbaidze-21838.html
Biarritz,Arrivées,Iban HIRIART-URRUTY,France,Talonneur,33 ans,JIFF,https://www.allrugby.com/joueurs/iban-hiriart-urruty-16447.html
Biarritz,Arrivées,Luka BEGIC,France,Talonneur,25 ans,JIFF,https://www.allrugby.com/joueurs/luka-begic-13713.html
Biarritz,Arrivées,Raynard ROETS,Afrique du sud,2ème ligne,25 ans,NON JIFF,https://www.allrugby.com/joueurs/raynard-roets-16924.html
Biarritz,Arrivées,Álvaro GARCÍA IANDOLINO,Argentine,2ème ligne,20 ans,ESPOIR NON JIFF,https://www.allrugby.com/joueurs/alvaro-garcia-iandolino-17394.html
Biarritz,Arrivées,Sione VAILANU,Tonga,3ème ligne,31 ans,NON JIFF,https://www.allrugby.com/joueurs/sione-vailanu-5838.html
Biarritz,Arrivées,Iban LACLAU,France,Ouverture,21 ans,ESPOIR,https://www.allrugby.com/joueurs/iban-laclau-20236.html
Biarritz,Arrivées,Duncan PAIA'AUA,Nouvelle-Zélande,Centre,31 ans,NON JIFF,https://www.allrugby.com/joueurs/duncan-paia-aua-6664.html
Biarritz,Arrivées,Lukas DOYHENARD,France,Centre,25 ans,JIFF,https://www.allrugby.com/joueurs/lukas-doyhenard-14117.html
Biarritz,Arrivées,Mosese DAWAI,Fidji,Ailier,28 ans,NON JIFF,https://www.allrugby.com/joueurs/mosese-dawai-12581.html
Biarritz,Départs,Clément MARTINEZ,France,Talonneur,30 ans,JIFF,https://www.allrugby.com/joueurs/clement-martinez-5465.html
Biarritz,Départs,Piula FA'ASALELE,Samoa,2ème ligne,38 ans,NON JIFF,https://www.allrugby.com/joueurs/piula-faasalele-1337.html
Biarritz,Départs,Cornell DU PREEZ,Afrique du sud,3ème ligne,35 ans,NON JIFF,https://www.allrugby.com/joueurs/cornell-du-preez-3036.html
Biarritz,Départs,Filimo TAOFIFENUA,France,3ème ligne,32 ans,JIFF,https://www.allrugby.com/joueurs/filimo-taofifenua-3662.html
Biarritz,Départs,Imanol BISCAY,France,Mêlée,24 ans,JIFF,https://www.allrugby.com/joueurs/imanol-biscay-15782.html
Biarritz,Départs,Enzo SELPONI,France,Ouverture,33 ans,JIFF,https://www.allrugby.com/joueurs/enzo-selponi-1381.html
Biarritz,Départs,Eliott ARANDIGA,France,Ouverture,22 ans,ESPOIR,https://www.allrugby.com/joueurs/eliott-arandiga-18314.html
Biarritz,Départs,Yann DAVID,France,Centre,38 ans,JIFF,https://www.allrugby.com/joueurs/yann-david-810.html
Biarritz,Départs,Tom HENDRICKSON,Nouvelle-Zélande,Centre,31 ans,NON JIFF,https://www.allrugby.com/joueurs/tom-hendrickson-5632.html
Biarritz,Départs,Jules EVEN,France,Centre,27 ans,JIFF,https://www.allrugby.com/joueurs/jules-even-4615.html
Biarritz,Départs,Sam SPRING,France,Centre,23 ans,ESPOIR,https://www.allrugby.com/joueurs/sam-spring-20538.html
Biarritz,Départs,Steeve BARRY,France,Ailier,35 ans,JIFF,https://www.allrugby.com/joueurs/steeve-barry-4385.html
Biarritz,Départs,Zach KIBIRIGE,Angleterre,Ailier,31 ans,NON JIFF,https://www.allrugby.com/joueurs/zach-kibirige-3230.html
Biarritz,Départs,Joe JONAS,Afrique du sud,Arrière,25 ans,JIFF,https://www.allrugby.com/joueurs/joe-jonas-9971.html
Biarritz,Prolongations,Giorgi NUTSUBIDZE,Géorgie,Pilier,27 ans,JIFF,https://www.allrugby.com/joueurs/giorgi-nutsubidze-6739.html
Biarritz,Prolongations,François MUR,France,Pilier,22 ans,ESPOIR,https://www.allrugby.com/joueurs/francois-mur-14534.html
Biarritz,Prolongations,Adrien SONZOGNI,France,Talonneur,23 ans,JIFF,https://www.allrugby.com/joueurs/adrien-sonzogni-11169.html
Biarritz,Prolongations,Millian OULDJI,France,Talonneur,20 ans,ESPOIR,https://www.allrugby.com/joueurs/millian-ouldji-18571.html
Biarritz,Prolongations,Thomas HÉBERT,France,3ème ligne,26 ans,JIFF,https://www.allrugby.com/joueurs/thomas-hebert-10112.html
Biarritz,Prolongations,Ekain IMAZ,Espagne,3ème ligne,23 ans,JIFF,https://www.allrugby.com/joueurs/ekain-imaz-11726.html
Biarritz,Prolongations,Andréa SACCO,France,3ème ligne,21 ans,ESPOIR,https://www.allrugby.com/joueurs/andrea-sacco-18404.html
Biarritz,Prolongations,Anoa LAURENT,France,Mêlée,19 ans,ESPOIR,https://www.allrugby.com/joueurs/anoa-laurent-20150.html
Biarritz,Prolongations,Dorian LABORDE,France,Centre,29 ans,JIFF,https://www.allrugby.com/joueurs/dorian-laborde-3702.html
Biarritz,Prolongations,Mathieu ACÉBÈS,France,Ailier,38 ans,JIFF,https://www.allrugby.com/joueurs/mathieu-acebes-581.html
Biarritz,Prolongations,Bastien GUILLEMIN,France,Ailier,28 ans,JIFF,https://www.allrugby.com/joueurs/bastien-guillemin-4759.html
Biarritz,Prolongations,Baptiste FARISCOT,France,Arrière,24 ans,JIFF,https://www.allrugby.com/joueurs/baptiste-fariscot-10052.html
Brive,Arrivées,Christian JUDGE,Angleterre,Pilier,33 ans,NON JIFF,https://www.allrugby.com/joueurs/christian-judge-7060.html
Brive,Arrivées,Louis MARY,France,Pilier,26 ans,JIFF,https://www.allrugby.com/joueurs/louis-mary-12162.html
Brive,Arrivées,Lucas OUDARD,France,3ème ligne,25 ans,JIFF,https://www.allrugby.com/joueurs/lucas-oudard-15385.html
Brive,Arrivées,Gatien MASSÉ,France,Centre,24 ans,JIFF,https://www.allrugby.com/joueurs/gatien-masse-12297.html
Brive,Arrivées,Aymeric LUC,France,Arrière,28 ans,JIFF,https://www.allrugby.com/joueurs/aymeric-luc-6046.html
Brive,Départs,Henzo KITEAU,France,Pilier,24 ans,JIFF,https://www.allrugby.com/joueurs/henzo-kiteau-10753.html
Brive,Départs,Nathan FRAISSENON,France,Pilier,23 ans,JIFF,https://www.allrugby.com/joueurs/nathan-fraissenon-9993.html
Brive,Départs,Zaccharie AFFANE,France,Pilier,21 ans,ESPOIR,https://www.allrugby.com/joueurs/zaccharie-affane-13842.html
Brive,Départs,Benjamin BOUDOU,France,Talonneur,24 ans,JIFF,https://www.allrugby.com/joueurs/benjamin-boudou-8044.html
Brive,Départs,Hendré STASSEN,Afrique du sud,2ème ligne,28 ans,NON JIFF,https://www.allrugby.com/joueurs/hendre-stassen-6836.html
Brive,Départs,Courtney LAWES,Angleterre,3ème ligne,37 ans,NON JIFF,https://www.allrugby.com/joueurs/courtney-lawes-2108.html
Brive,Départs,Asier USARRAGA,Espagne,3ème ligne,31 ans,JIFF,https://www.allrugby.com/joueurs/asier-usarraga-3341.html
Brive,Départs,Hugo VERDU,France,Ouverture,29 ans,JIFF,https://www.allrugby.com/joueurs/hugo-verdu-5137.html
Brive,Départs,Luka KELETAONA,France,Ouverture,20 ans,ESPOIR,https://www.allrugby.com/joueurs/luka-keletaona-15392.html
Brive,Départs,Ben TAPUAI,Australie,Centre,37 ans,NON JIFF,https://www.allrugby.com/joueurs/ben-tapuai-5122.html
Brive,Départs,Paul PIMIENTA,France,Centre,30 ans,JIFF,https://www.allrugby.com/joueurs/paul-pimienta-5575.html
Brive,Départs,Kévin FABIEN,Haïti,Centre,23 ans,JIFF,https://www.allrugby.com/joueurs/kevin-fabien-13830.html
Brive,Départs,Erwan DRIDI,France,Ailier,26 ans,JIFF,https://www.allrugby.com/joueurs/erwan-dridi-7316.html
Brive,Départs,Curwin BOSCH,Afrique du sud,Arrière,29 ans,NON JIFF,https://www.allrugby.com/joueurs/curwin-bosch-5576.html
Brive,Départs,Thomas ZÉNON,France,Arrière,27 ans,JIFF,https://www.allrugby.com/joueurs/thomas-zenon-8262.html
Brive,Prolongations,Simoté MOALA,France,Pilier,21 ans,ESPOIR,https://www.allrugby.com/joueurs/simote-moala-20551.html
Brive,Prolongations,Konstantine MIKAUTADZE,Géorgie,2ème ligne,35 ans,JIFF,https://www.allrugby.com/joueurs/konstantine-mikautadze-1279.html
Brive,Prolongations,Samuel MAXIMIN,France,3ème ligne,25 ans,JIFF,https://www.allrugby.com/joueurs/samuel-maximin-8651.html
Brive,Prolongations,Geoffrey MALATERRE,France,3ème ligne,20 ans,ESPOIR,https://www.allrugby.com/joueurs/geoffrey-malaterre-12173.html
Brive,Prolongations,Maxime SIDOBRE,France,Mêlée,27 ans,JIFF,https://www.allrugby.com/joueurs/maxime-sidobre-5792.html
Brive,Prolongations,Eto BAINIVALU,Fidji,Centre,25 ans,JIFF,https://www.allrugby.com/joueurs/eto-bainivalu-11488.html
Brive,Prolongations,Lewis NOON,Angleterre,Arrière,21 ans,ESPOIR,https://www.allrugby.com/joueurs/lewis-noon-15394.html
Colomiers,Arrivées,Mamuka MSTOIANI,Géorgie,Pilier,25 ans,JIFF,https://www.allrugby.com/joueurs/mamuka-mstoiani-11285.html
Colomiers,Arrivées,Steven CUMMINS,Australie,2ème ligne,34 ans,NON JIFF,https://www.allrugby.com/joueurs/steven-cummins-5869.html
Colomiers,Arrivées,Richard HARDWICK,Namibie,3ème ligne,32 ans,NON JIFF,https://www.allrugby.com/joueurs/richard-hardwick-5319.html
Colomiers,Arrivées,Tuaina Taii TUALIMA,Nouvelle-Zélande,3ème ligne,29 ans,NON JIFF,https://www.allrugby.com/joueurs/tuaina-taii-tualima-9116.html
Colomiers,Arrivées,Thibault DEBAËS,France,Ouverture,24 ans,JIFF,https://www.allrugby.com/joueurs/thibault-debaes-9051.html
Colomiers,Arrivées,Seamus BARDOUL,Nouvelle-Zélande,Centre,29 ans,NON JIFF,https://www.allrugby.com/joueurs/seamus-bardoul-16111.html
Colomiers,Arrivées,Lucas VIGNÈRES,France,Centre,20 ans,ESPOIR,https://www.allrugby.com/joueurs/lucas-vigneres-18169.html
Colomiers,Arrivées,Viliami FINE,Tonga,Ailier,28 ans,NON JIFF,https://www.allrugby.com/joueurs/viliami-fine-12113.html
Colomiers,Arrivées,Simão BENTO,Portugal,Arrière,25 ans,JIFF,https://www.allrugby.com/joueurs/simao-bento-12350.html
Colomiers,Départs,Alexandre ETCHEBÉHÈRE,France,Pilier,21 ans,ESPOIR,https://www.allrugby.com/joueurs/alexandre-etchebehere-14270.html
Colomiers,Départs,Thomas ADÉLAÏDE,France,2ème ligne,23 ans,ESPOIR,https://www.allrugby.com/joueurs/thomas-adelaide-14464.html
Colomiers,Départs,Caleb TIMU,Nouvelle-Zélande,3ème ligne,32 ans,NON JIFF,https://www.allrugby.com/joueurs/caleb-timu-6142.html
Colomiers,Départs,Nicolas MARTINS,France,3ème ligne,27 ans,JIFF,https://www.allrugby.com/joueurs/nicolas-martins-14149.html
Colomiers,Départs,Arthur DIAZ,France,Mêlée,22 ans,JIFF,https://www.allrugby.com/joueurs/arthur-diaz-15026.html
Colomiers,Départs,Valentin DELPY,France,Ouverture,22 ans,ESPOIR,https://www.allrugby.com/joueurs/valentin-delpy-15037.html
Colomiers,Départs,Matías OSADCZUK,Argentine,Centre,29 ans,NON JIFF,https://www.allrugby.com/joueurs/matias-osadczuk-21697.html
Colomiers,Départs,Ray NU'U,Nouvelle-Zélande,Centre,28 ans,NON JIFF,https://www.allrugby.com/joueurs/ray-nu-u-12588.html
Colomiers,Départs,Anzelo TUITAVUKI,Nouvelle-Zélande,Ailier,27 ans,NON JIFF,https://www.allrugby.com/joueurs/anzelo-tuitavuki-13089.html
Colomiers,Départs,Rodrigo MARTA,Portugal,Ailier,26 ans,NON JIFF,https://www.allrugby.com/joueurs/rodrigo-marta-9298.html
Colomiers,Départs,Max AURIAC,France,Arrière,23 ans,JIFF,https://www.allrugby.com/joueurs/max-auriac-12988.html
Colomiers,Prolongations,Eliès EL ANSARI,France,Pilier,29 ans,JIFF,https://www.allrugby.com/joueurs/elies-el-ansari-5138.html
Colomiers,Prolongations,Michaël SIMUTOGA,France,Pilier,29 ans,JIFF,https://www.allrugby.com/joueurs/michael-simutoga-3466.html
Colomiers,Prolongations,Théo LACHAUD,France,Talonneur,25 ans,JIFF,https://www.allrugby.com/joueurs/theo-lachaud-7985.html
Colomiers,Prolongations,Maxime GRANOUILLET,France,2ème ligne,34 ans,JIFF,https://www.allrugby.com/joueurs/maxime-granouillet-1055.html
Colomiers,Prolongations,Jean THOMAS,France,2ème ligne,32 ans,JIFF,https://www.allrugby.com/joueurs/jean-thomas-2223.html
Colomiers,Prolongations,Théo PÉDÉMONS,France,2ème ligne,21 ans,ESPOIR,https://www.allrugby.com/joueurs/theo-pedemons-17049.html
Colomiers,Prolongations,Grégoire BAZIN,France,3ème ligne,26 ans,JIFF,https://www.allrugby.com/joueurs/gregoire-bazin-8877.html
Colomiers,Prolongations,Paolo PARPAGIOLA,France,3ème ligne,23 ans,ESPOIR,https://www.allrugby.com/joueurs/paolo-parpagiola-15288.html
Colomiers,Prolongations,Natan CULINAT,France,Mêlée,20 ans,ESPOIR,https://www.allrugby.com/joueurs/natan-culinat-18315.html
Colomiers,Prolongations,Alberto CARMONA,Espagne,Ailier,22 ans,ESPOIR,https://www.allrugby.com/joueurs/alberto-carmona-14058.html
Colomiers,Prolongations,Rayan HOUARI,France,Ailier,21 ans,ESPOIR,https://www.allrugby.com/joueurs/rayan-houari-20550.html
Dax,Arrivées,Ian BOUBILA,France,Talonneur,24 ans,ESPOIR,https://www.allrugby.com/joueurs/ian-boubila-11087.html
Dax,Arrivées,Théo MERCADIER,France,2ème ligne,23 ans,ESPOIR,https://www.allrugby.com/joueurs/theo-mercadier-15246.html
Dax,Arrivées,Ben SA'U,Nouvelle-Zélande,3ème ligne,NON JIFF,Ponsonby (NZL),https://www.allrugby.com/joueurs/ben-sa-u-23147.html
Dax,Départs,Dino CASADEÏ,France,Pilier,25 ans,JIFF,https://www.allrugby.com/joueurs/dino-casadei-12669.html
Dax,Départs,Thomas CRÉTU,France,Pilier,24 ans,JIFF,https://www.allrugby.com/joueurs/thomas-cretu-10176.html
Dax,Départs,Iban HIRIART-URRUTY,France,Talonneur,33 ans,JIFF,https://www.allrugby.com/joueurs/iban-hiriart-urruty-16447.html
Dax,Départs,Lucas GUILLAUME,France,2ème ligne,35 ans,JIFF,https://www.allrugby.com/joueurs/lucas-guillaume-3684.html
Dax,Départs,Amine MAALLA,France,2ème ligne,23 ans,ESPOIR,https://www.allrugby.com/joueurs/amine-maalla-14380.html
Dax,Départs,Genesis MAMEA LEMALU,Samoa,3ème ligne,37 ans,NON JIFF,https://www.allrugby.com/joueurs/genesis-mamea-2063.html
Dax,Départs,Tom DOURTHE,France,Mêlée,22 ans,ESPOIR,https://www.allrugby.com/joueurs/tom-dourthe-18194.html
Dax,Départs,Diego MIRANDA,France,Ailier,22 ans,ESPOIR,https://www.allrugby.com/joueurs/diego-miranda-17492.html
Dax,Prolongations,Thibaud DRÉAN,France,Pilier,34 ans,JIFF,https://www.allrugby.com/joueurs/thibaud-drean-2824.html
Dax,Prolongations,Mathys VIGEON,France,Pilier,22 ans,ESPOIR,https://www.allrugby.com/joueurs/mathys-vigeon-21034.html
Dax,Prolongations,Paul Arnaud AUSSET,France,3ème ligne,27 ans,JIFF,https://www.allrugby.com/joueurs/paul-arnaud-ausset-8291.html
Dax,Prolongations,Malo HANNOYER,France,3ème ligne,23 ans,JIFF,https://www.allrugby.com/joueurs/malo-hannoyer-17907.html
Dax,Prolongations,Julien LAVERAN,France,3ème ligne,22 ans,ESPOIR,https://www.allrugby.com/joueurs/julien-laveran-15419.html
Dax,Prolongations,Mathys PARDIES,France,Ouverture,20 ans,ESPOIR,https://www.allrugby.com/joueurs/mathys-pardies-21790.html
Dax,Prolongations,Louis COUGET,France,Ailier,21 ans,ESPOIR,https://www.allrugby.com/joueurs/louis-couget-17610.html
Dax,Prolongations,Théo DUPRAT,France,Arrière,26 ans,JIFF,https://www.allrugby.com/joueurs/theo-duprat-11037.html
Grenoble,Arrivées,Manuel LEINDEKAR,Uruguay,2ème ligne,29 ans,JIFF,https://www.allrugby.com/joueurs/manuel-leindekar-5612.html
Grenoble,Arrivées,James FENDER,Pays-de-Galles,2ème ligne,24 ans,NON JIFF,https://www.allrugby.com/joueurs/james-fender-9125.html
Grenoble,Arrivées,Fergus LEE-WARNER,Australie,3ème ligne,32 ans,NON JIFF,https://www.allrugby.com/joueurs/fergus-lee-warner-10429.html
Grenoble,Arrivées,Steven DAVID,France,3ème ligne,31 ans,JIFF,https://www.allrugby.com/joueurs/steven-david-5536.html
Grenoble,Arrivées,Otunuku PAUTA,Tonga,3ème ligne,27 ans,NON JIFF,https://www.allrugby.com/joueurs/otunuku-pauta-15464.html
Grenoble,Arrivées,Baptiste ABESCAT,France,3ème ligne,25 ans,JIFF,https://www.allrugby.com/joueurs/baptiste-abescat-9647.html
Grenoble,Arrivées,Eddie SAWAILAU,Fidji,Centre,30 ans,JIFF,https://www.allrugby.com/joueurs/edward-sawailau-4750.html
Grenoble,Arrivées,Lalomilo LALOMILO,Nouvelle-Zélande,Centre,27 ans,NON JIFF,https://www.allrugby.com/joueurs/lalomilo-lalomilo-8090.html
Grenoble,Arrivées,Lucas TAUZIN,France,Ailier,28 ans,JIFF,https://www.allrugby.com/joueurs/lucas-tauzin-4384.html
Grenoble,Arrivées,Thomas ALARY,France,Arrière,19 ans,ESPOIR,https://www.allrugby.com/joueurs/thomas-alary-18172.html
Grenoble,Départs,Louis MARY,France,Pilier,26 ans,JIFF,https://www.allrugby.com/joueurs/louis-mary-12162.html
Grenoble,Départs,Giorgi MAMAIASHVILI,Géorgie,Pilier,23 ans,ESPOIR,https://www.allrugby.com/joueurs/giorgi-mamaiashvili-13839.html
Grenoble,Départs,Thomas PLOYET,France,2ème ligne,24 ans,JIFF,https://www.allrugby.com/joueurs/thomas-ployet-8931.html
Grenoble,Départs,Richard HARDWICK,Namibie,3ème ligne,32 ans,NON JIFF,https://www.allrugby.com/joueurs/richard-hardwick-5319.html
Grenoble,Départs,Hanru SIRGEL,Afrique du sud,3ème ligne,28 ans,NON JIFF,https://www.allrugby.com/joueurs/hanru-sirgel-16738.html
Grenoble,Départs,Thibaut MARTEL,France,3ème ligne,27 ans,JIFF,https://www.allrugby.com/joueurs/thibaut-martel-5317.html
Grenoble,Départs,José MADEIRA,Portugal,3ème ligne,25 ans,JIFF,https://www.allrugby.com/joueurs/jose-madeira-9269.html
Grenoble,Départs,Yan LESTRADE,France,Centre,29 ans,JIFF,https://www.allrugby.com/joueurs/yan-lestrade-6042.html
Grenoble,Départs,Giorgi KVESELADZE,Géorgie,Centre,28 ans,NON JIFF,https://www.allrugby.com/joueurs/giorgi-kveseladze-5815.html
Grenoble,Départs,Romain TROUILLOUD,France,Centre,26 ans,JIFF,https://www.allrugby.com/joueurs/romain-trouilloud-10920.html
Grenoble,Départs,Samuel BIELLE-BIARREY,France,Centre,21 ans,ESPOIR,https://www.allrugby.com/joueurs/samuel-bielle-biarrey-21786.html
Grenoble,Départs,Hugo AVOGADRO,France,Ailier,19 ans,ESPOIR,https://www.allrugby.com/joueurs/hugo-avogadro-21849.html
Grenoble,Départs,Julien FARNOUX,France,Arrière,33 ans,JIFF,https://www.allrugby.com/joueurs/julien-farnoux-2501.html
Grenoble,Prolongations,Johannes JONKER,Afrique du sud,Pilier,31 ans,NON JIFF,https://www.allrugby.com/joueurs/johannes-jonker-5801.html
Grenoble,Prolongations,Cody THOMAS,Afrique du sud,Pilier,30 ans,JIFF,https://www.allrugby.com/joueurs/cody-thomas-5555.html
Grenoble,Prolongations,Bastien SOURY,France,Talonneur,31 ans,JIFF,https://www.allrugby.com/joueurs/bastien-soury-3643.html
Grenoble,Prolongations,Jérémy TOEVALU,France,Talonneur,21 ans,ESPOIR,https://www.allrugby.com/joueurs/jeremy-toevalu-18003.html
Grenoble,Prolongations,Maël NAVIZET,France,Ouverture,19 ans,ESPOIR,https://www.allrugby.com/joueurs/mael-navizet-21615.html
Grenoble,Prolongations,Gerswin MOUTON,Namibie,Centre,26 ans,NON JIFF,https://www.allrugby.com/joueurs/gerswin-mouton-16072.html
Montauban,Arrivées,Christopher VAOTOA,France,Pilier,29 ans,JIFF,https://www.allrugby.com/joueurs/christopher-vaotoa-4693.html
Montauban,Arrivées,Daniel BRENNAN,Irlande,Pilier,27 ans,JIFF,https://www.allrugby.com/joueurs/daniel-brennan-4493.html
Montauban,Arrivées,Sidi-Mohammed DIALLO,France,Pilier,22 ans,ESPOIR,https://www.allrugby.com/joueurs/sidi-mohammed-diallo-9799.html
Montauban,Arrivées,Johnny MATTHEWS,Angleterre,Talonneur,33 ans,NON JIFF,https://www.allrugby.com/joueurs/johnny-matthews-8995.html
Montauban,Arrivées,Romain MACURDY,France,2ème ligne,24 ans,JIFF,https://www.allrugby.com/joueurs/romain-macurdy-8650.html
Montauban,Arrivées,Youssouf SOUCOUNA,France,2ème ligne,22 ans,ESPOIR,https://www.allrugby.com/joueurs/youssouf-soucouna-13881.html
Montauban,Arrivées,Lucas DESSAIGNE,France,3ème ligne,27 ans,JIFF,https://www.allrugby.com/joueurs/lucas-dessaigne-7955.html
Montauban,Arrivées,Vaiolini EKUASI,Tonga,3ème ligne,24 ans,NON JIFF,https://www.allrugby.com/joueurs/vaiolini-ekuasi-13520.html
Montauban,Arrivées,Lomig JOUANNY,France,3ème ligne,22 ans,JIFF,https://www.allrugby.com/joueurs/lomig-jouanny-14147.html
Montauban,Arrivées,Enzo HERVÉ,France,Ouverture,27 ans,JIFF,https://www.allrugby.com/joueurs/enzo-herve-5599.html
Montauban,Arrivées,Jack WALSH,Australie,Ouverture,26 ans,NON JIFF,https://www.allrugby.com/joueurs/jack-walsh-9310.html
Montauban,Arrivées,Joey WALTON,Australie,Centre,26 ans,NON JIFF,https://www.allrugby.com/joueurs/joey-walton-8036.html
Montauban,Arrivées,Dachi PAPUNASHVILI,Géorgie,Arrière,24 ans,JIFF,https://www.allrugby.com/joueurs/dachi-papunashvili-8121.html
Montauban,Départs,Facundo POMPONIO,Argentine,Pilier,34 ans,NON JIFF,https://www.allrugby.com/joueurs/facundo-pomponio-7335.html
Montauban,Départs,Sione MAFILEO,Nouvelle-Zélande,Pilier,33 ans,NON JIFF,https://www.allrugby.com/joueurs/sione-mafileo-6852.html
Montauban,Départs,Luka AZARIASHVILI,Géorgie,Pilier,26 ans,JIFF,https://www.allrugby.com/joueurs/luka-azariashvili-8100.html
Montauban,Départs,Thomas BUÉ,France,Pilier,23 ans,JIFF,https://www.allrugby.com/joueurs/thomas-bue-12275.html
Montauban,Départs,Jérémie MAUROUARD,France,Talonneur,33 ans,JIFF,https://www.allrugby.com/joueurs/jeremie-maurouard-1909.html
Montauban,Départs,Vakhtang JINTCHARADZE,Géorgie,Talonneur,26 ans,JIFF,https://www.allrugby.com/joueurs/vakhtang-jincharadze-8109.html
Montauban,Départs,Tjiuee UANIVI,Namibie,2ème ligne,35 ans,NON JIFF,https://www.allrugby.com/joueurs/tjiuee-uanivi-1314.html
Montauban,Départs,Clément BITZ,France,2ème ligne,31 ans,JIFF,https://www.allrugby.com/joueurs/clement-bitz-4392.html
Montauban,Départs,Mateo LORENZO,Argentine,2ème ligne,22 ans,ESPOIR NON JIFF,https://www.allrugby.com/joueurs/mateo-lorenzo-15489.html
Montauban,Départs,Sikhumbuzo NOTSHE,Afrique du sud,3ème ligne,33 ans,NON JIFF,https://www.allrugby.com/joueurs/sikhumbuzo-notshe-6110.html
Montauban,Départs,Tomás LEZANA,Argentine,3ème ligne,32 ans,NON JIFF,https://www.allrugby.com/joueurs/tomas-lezana-5027.html
Montauban,Départs,Corentin COULARIS,France,3ème ligne,23 ans,ESPOIR,https://www.allrugby.com/joueurs/corentin-coularis-14795.html
Montauban,Départs,Kyllian RINGUET,France,3ème ligne,22 ans,ESPOIR,https://www.allrugby.com/joueurs/kyllian-ringuet-12276.html
Montauban,Départs,Jean PÉNÉTRO,France,Mêlée,20 ans,ESPOIR,https://www.allrugby.com/joueurs/jean-penetro-21587.html
Montauban,Départs,Jérôme BOSVIEL,France,Ouverture,36 ans,JIFF,https://www.allrugby.com/joueurs/jerome-bosviel-1964.html
Montauban,Départs,Maxime MATHY,France,Centre,33 ans,JIFF,https://www.allrugby.com/joueurs/maxime-mathy-1861.html
Montauban,Départs,Segundo TUCULET,Argentine,Arrière,32 ans,NON JIFF,https://www.allrugby.com/joueurs/segundo-tuculet-5272.html
Montauban,Départs,Thomas LARREGAIN,France,Arrière,29 ans,JIFF,https://www.allrugby.com/joueurs/thomas-larregain-3493.html
Montauban,Prolongations,Valentin SIMUTOGA,France,Pilier,23 ans,JIFF,https://www.allrugby.com/joueurs/valentin-simutoga-8043.html
Montauban,Prolongations,Ru-Hann GREYLING,Afrique du sud,Talonneur,27 ans,JIFF,https://www.allrugby.com/joueurs/ru-hann-greyling-10307.html
Montauban,Prolongations,Fred QUERCY,France,3ème ligne,35 ans,JIFF,https://www.allrugby.com/joueurs/fred-quercy-1904.html
Montauban,Prolongations,Thomas FORTUNEL,France,Ouverture,31 ans,JIFF,https://www.allrugby.com/joueurs/thomas-fortunel-2462.html
Montauban,Prolongations,JT JACKSON,Afrique du sud,Centre,29 ans,NON JIFF,https://www.allrugby.com/joueurs/jt-jackson-6898.html
Montauban,Prolongations,Maxime ESPEUT,France,Centre,26 ans,JIFF,https://www.allrugby.com/joueurs/maxime-espeut-6581.html
Montauban,Prolongations,Simon RENDA,France,Centre,26 ans,JIFF,https://www.allrugby.com/joueurs/simon-renda-8289.html
Montauban,Prolongations,Josua VICI,Fidji,Ailier,32 ans,NON JIFF,https://www.allrugby.com/joueurs/josua-vici-7774.html
Montauban,Prolongations,Paul VALLÉE,France,Ailier,24 ans,JIFF,https://www.allrugby.com/joueurs/paul-vallee-10081.html
Montauban,Prolongations,Baptiste MOUCHOUS,France,Arrière,27 ans,JIFF,https://www.allrugby.com/joueurs/baptiste-mouchous-5184.html
Narbonne,Arrivées,Facundo POMPONIO,Argentine,Pilier,34 ans,NON JIFF,https://www.allrugby.com/joueurs/facundo-pomponio-7335.html
Narbonne,Arrivées,Thomas VERNET,France,Pilier,31 ans,JIFF,https://www.allrugby.com/joueurs/thomas-vernet-3314.html
Narbonne,Arrivées,Abraham POLE,Nouvelle-Zélande,Pilier,28 ans,NON JIFF,https://www.allrugby.com/joueurs/abraham-pole-13457.html
Narbonne,Arrivées,Charlesty BERGUET,Belgique,Pilier,26 ans,JIFF,https://www.allrugby.com/joueurs/charlesty-berguet-7652.html
Narbonne,Arrivées,Baptiste COLLET,France,Pilier,25 ans,JIFF,https://www.allrugby.com/joueurs/baptiste-collet-10078.html
Narbonne,Arrivées,Thomas CRÉTU,France,Pilier,24 ans,JIFF,https://www.allrugby.com/joueurs/thomas-cretu-10176.html
Narbonne,Arrivées,Stefan BURUIANA,France,Talonneur,23 ans,JIFF,https://www.allrugby.com/joueurs/stefan-buruiana-17166.html
Narbonne,Arrivées,Clément BITZ,France,2ème ligne,31 ans,JIFF,https://www.allrugby.com/joueurs/clement-bitz-4392.html
Narbonne,Arrivées,Ruben SCHOEMAN,Afrique du sud,2ème ligne,30 ans,NON JIFF,https://www.allrugby.com/joueurs/ruben-schoeman-9137.html
Narbonne,Arrivées,Mattéo FAINTRENIE,France,2ème ligne,22 ans,ESPOIR,https://www.allrugby.com/joueurs/matteo-faintrenie-21184.html
Narbonne,Arrivées,Simon HUCHET,France,2ème ligne,22 ans,ESPOIR,https://www.allrugby.com/joueurs/simon-huchet-14766.html
Narbonne,Arrivées,Caleb TIMU,Nouvelle-Zélande,3ème ligne,32 ans,NON JIFF,https://www.allrugby.com/joueurs/caleb-timu-6142.html
Narbonne,Arrivées,Jeff GOUFAN,France,3ème ligne,27 ans,JIFF,https://www.allrugby.com/joueurs/jeff-goufan-7712.html
Narbonne,Arrivées,Chlayton FRANS,Nouvelle-Zélande,3ème ligne,24 ans,NON JIFF,https://www.allrugby.com/joueurs/chlayton-frans-16155.html
Narbonne,Arrivées,Imanol BISCAY,France,Mêlée,24 ans,JIFF,https://www.allrugby.com/joueurs/imanol-biscay-15782.html
Narbonne,Arrivées,Lubabalo DOBELA,Afrique du sud,Ouverture,28 ans,NON JIFF,https://www.allrugby.com/joueurs/lubabalo-dobela-20160.html
Narbonne,Arrivées,Solomon ALAIMALO,Nouvelle-Zélande,Centre,30 ans,NON JIFF,https://www.allrugby.com/joueurs/solomona-alaimalo-6708.html
Narbonne,Arrivées,Faletoi PENI,Samoa,Centre,26 ans,NON JIFF,https://www.allrugby.com/joueurs/faletoi-peni-18304.html
Narbonne,Arrivées,Hugo NAVIZET,France,Centre,24 ans,JIFF,https://www.allrugby.com/joueurs/hugo-navizet-11006.html
Narbonne,Arrivées,Axel BÉVIA,France,Ailier,24 ans,JIFF,https://www.allrugby.com/joueurs/axel-bevia-9670.html
Narbonne,Arrivées,Victor HANNOUN,France,Ailier,22 ans,JIFF,https://www.allrugby.com/joueurs/victor-hannoun-14460.html
Narbonne,Départs,Grégory FICHTEN,France,Pilier,35 ans,JIFF,https://www.allrugby.com/joueurs/gregory-fichten-1470.html
Narbonne,Départs,Chris TALAKAI,Australie,Pilier,32 ans,NON JIFF,https://www.allrugby.com/joueurs/chris-talakai-7613.html
Narbonne,Départs,Mohamed LOUKIA,France,Pilier,32 ans,JIFF,https://www.allrugby.com/joueurs/mohamed-loukia-3675.html
Narbonne,Départs,Théo CASTINEL,France,Pilier,32 ans,JIFF,https://www.allrugby.com/joueurs/theo-castinel-3330.html
Narbonne,Départs,Brad AMITUANAI,Australie,Pilier,27 ans,NON JIFF,https://www.allrugby.com/joueurs/bradley-amituanai-17327.html
Narbonne,Départs,Benito DELACRUZ,France,Pilier,22 ans,JIFF,https://www.allrugby.com/joueurs/benito-delacruz-11734.html
Narbonne,Départs,Yann DARMON,France,Pilier,21 ans,ESPOIR,https://www.allrugby.com/joueurs/yann-darmon-20667.html
Narbonne,Départs,Clément ESTÉRIOLA,France,Talonneur,35 ans,JIFF,https://www.allrugby.com/joueurs/clement-esteriola-1852.html
Narbonne,Départs,Leva FIFITA,Tonga,2ème ligne,36 ans,NON JIFF,https://www.allrugby.com/joueurs/halaleva-fifita-5387.html
Narbonne,Départs,Dennis VISSER,Afrique du sud,2ème ligne,33 ans,NON JIFF,https://www.allrugby.com/joueurs/dennis-visser-6297.html
Narbonne,Départs,Marius ANTONESCU,Roumanie,2ème ligne,33 ans,NON JIFF,https://www.allrugby.com/joueurs/marius-antonescu-2439.html
Narbonne,Départs,Lucas BACHELIER,France,3ème ligne,31 ans,JIFF,https://www.allrugby.com/joueurs/lucas-bachelier-3427.html
Narbonne,Départs,Nicolas MOUSTIES,France,3ème ligne,28 ans,JIFF,https://www.allrugby.com/joueurs/nicolas-mousties-7054.html
Narbonne,Départs,Thibault CLAUZADE,France,3ème ligne,28 ans,JIFF,https://www.allrugby.com/joueurs/thibault-clauzade-14170.html
Narbonne,Départs,Grégoire LABIT,France,3ème ligne,22 ans,JIFF,https://www.allrugby.com/joueurs/gregoire-labit-15213.html
Narbonne,Départs,Romain DELEMARLE,France,3ème ligne,22 ans,ESPOIR,https://www.allrugby.com/joueurs/romain-delemarle-14726.html
Narbonne,Départs,Mattéo ALONSO,France,3ème ligne,21 ans,ESPOIR,https://www.allrugby.com/joueurs/matteo-alonso-15725.html
Narbonne,Départs,Pierrick NOVA,France,Mêlée,32 ans,JIFF,https://www.allrugby.com/joueurs/pierrick-nova-3418.html
Narbonne,Départs,Joris PIALOT,France,Ouverture,23 ans,JIFF,https://www.allrugby.com/joueurs/joris-pialot-11320.html
Narbonne,Départs,Peter BETHAM,Samoa,Centre,37 ans,NON JIFF,https://www.allrugby.com/joueurs/peter-betham-4021.html
Narbonne,Départs,Pierre NUENO,France,Centre,30 ans,JIFF,https://www.allrugby.com/joueurs/pierre-nueno-5608.html
Narbonne,Départs,Branden HOLDER,Afrique du sud,Centre,29 ans,NON JIFF,https://www.allrugby.com/joueurs/branden-holder-5604.html
Narbonne,Départs,Axel MULLER,Argentine,Ailier,32 ans,NON JIFF,https://www.allrugby.com/joueurs/axel-muller-aranda-4532.html
Narbonne,Départs,Pierre-Hugo DUCOM,France,Ailier,31 ans,JIFF,https://www.allrugby.com/joueurs/pierre-hugo-ducom-8248.html
Narbonne,Départs,Sébastien GIORGIS,France,Ailier,31 ans,JIFF,https://www.allrugby.com/joueurs/sebastien-giorgis-3632.html
Narbonne,Départs,Étienne DUCOM,France,Ailier,29 ans,JIFF,https://www.allrugby.com/joueurs/etienne-ducom-8247.html
Narbonne,Départs,Iliavi Masori NASOVA,Fidji,Ailier,23 ans,NON JIFF,https://www.allrugby.com/joueurs/iliavi-masori-nasova-20605.html
Narbonne,Départs,Boris GOUTARD,France,Arrière,28 ans,JIFF,https://www.allrugby.com/joueurs/boris-goutard-8235.html
Narbonne,Prolongations,Jules VEYRIER,France,Talonneur,21 ans,ESPOIR,https://www.allrugby.com/joueurs/jules-veyrier-16348.html
Narbonne,Prolongations,Victor MOREAUX,France,2ème ligne,32 ans,JIFF,https://www.allrugby.com/joueurs/victor-moreaux-2376.html
Narbonne,Prolongations,Morgan MAGA,France,2ème ligne,24 ans,JIFF,https://www.allrugby.com/joueurs/morgan-maga-13805.html
Narbonne,Prolongations,Paul BELZONS,France,3ème ligne,31 ans,JIFF,https://www.allrugby.com/joueurs/paul-belzons-2186.html
Narbonne,Prolongations,Matéo LAVASELÉ,France,3ème ligne,22 ans,ESPOIR,https://www.allrugby.com/joueurs/mateo-lavasele-14496.html
Narbonne,Prolongations,Théo BÉVIA,France,Mêlée,19 ans,ESPOIR,https://www.allrugby.com/joueurs/theo-bevia-20502.html
Narbonne,Prolongations,Tom CHAUVET,France,Ouverture,25 ans,JIFF,https://www.allrugby.com/joueurs/tom-chauvet-8129.html
Narbonne,Prolongations,Théo GOMEZ,France,Centre,22 ans,JIFF,https://www.allrugby.com/joueurs/theo-gomez-13967.html
Narbonne,Prolongations,Aphiwe DYANTYI,Afrique du sud,Ailier,31 ans,NON JIFF,https://www.allrugby.com/joueurs/aphiwe-dyantyi-6138.html
Nice,Arrivées,Etienne FALGOUX,France,Pilier,33 ans,JIFF,https://www.allrugby.com/joueurs/etienne-falgoux-1969.html
Nice,Arrivées,Beau FARRANCE,Angleterre,Pilier,25 ans,JIFF,https://www.allrugby.com/joueurs/beau-farrance-8270.html
Nice,Arrivées,Clément MARTINEZ,France,Talonneur,30 ans,JIFF,https://www.allrugby.com/joueurs/clement-martinez-5465.html
Nice,Arrivées,Baptiste MORÉNO,France,Talonneur,23 ans,JIFF,https://www.allrugby.com/joueurs/baptiste-moreno-15447.html
Nice,Arrivées,Evan OLMSTEAD,Canada,2ème ligne,35 ans,NON JIFF,https://www.allrugby.com/joueurs/evan-olmstead-3931.html
Nice,Arrivées,Lucas BACHELIER,France,3ème ligne,31 ans,JIFF,https://www.allrugby.com/joueurs/lucas-bachelier-3427.html
Nice,Arrivées,Hanru SIRGEL,Afrique du sud,3ème ligne,28 ans,NON JIFF,https://www.allrugby.com/joueurs/hanru-sirgel-16738.html
Nice,Arrivées,Théo IDJELLIDAINE,France,Mêlée,25 ans,JIFF,https://www.allrugby.com/joueurs/theo-idjellidaine-8290.html
Nice,Arrivées,Francis SAILI,Nouvelle-Zélande,Centre,35 ans,NON JIFF,https://www.allrugby.com/joueurs/francis-saili-4037.html
Nice,Arrivées,Bautista EZCURRA,Argentine,Centre,31 ans,NON JIFF,https://www.allrugby.com/joueurs/bautista-ezcurra-6407.html
Nice,Arrivées,Pablo PATILLA,France,Centre,23 ans,ESPOIR,https://www.allrugby.com/joueurs/pablo-patilla-12160.html
Nice,Arrivées,Samuel BIELLE-BIARREY,France,Centre,21 ans,ESPOIR,https://www.allrugby.com/joueurs/samuel-bielle-biarrey-21786.html
Nice,Arrivées,Vincent RATTEZ,France,Ailier,34 ans,JIFF,https://www.allrugby.com/joueurs/vincent-rattez-1466.html
Nice,Arrivées,Julien FARNOUX,France,Arrière,33 ans,JIFF,https://www.allrugby.com/joueurs/julien-farnoux-2501.html
Nice,Arrivées,Boris GOUTARD,France,Arrière,28 ans,JIFF,https://www.allrugby.com/joueurs/boris-goutard-8235.html
Nice,Départs,Sione ANGA'AELANGI,Nouvelle-Zélande,Talonneur,37 ans,NON JIFF,https://www.allrugby.com/joueurs/sione-anga-aelangi-4762.html
Nice,Départs,Rayne BARKA,France,Talonneur,27 ans,JIFF,https://www.allrugby.com/joueurs/rayne-barka-6109.html
Nice,Départs,Tom MURDAY,Australie,2ème ligne,37 ans,NON JIFF,https://www.allrugby.com/joueurs/tom-murday-3575.html
Nice,Départs,Josh TYRELL,Samoa,2ème ligne,35 ans,NON JIFF,https://www.allrugby.com/joueurs/josh-tyrell-5822.html
Nice,Départs,Martin FREYTES,Argentine,3ème ligne,34 ans,NON JIFF,https://www.allrugby.com/joueurs/martin-freytes-6108.html
Nice,Départs,Jonah MAU'U,Australie,3ème ligne,27 ans,NON JIFF,https://www.allrugby.com/joueurs/jonah-mau-u-14956.html
Nice,Départs,Waisea NAYACALEVU,Fidji,Centre,36 ans,NON JIFF,https://www.allrugby.com/joueurs/waisea-nayacalevu-1120.html
Nice,Départs,Henry PURDY,Angleterre,Ailier,32 ans,NON JIFF,https://www.allrugby.com/joueurs/henry-purdy-3142.html
Nice,Départs,Arthur DUHAU,France,Ailier,28 ans,JIFF,https://www.allrugby.com/joueurs/arthur-duhau-5363.html
Nice,Départs,Alexis BOUTON,France,Ailier,21 ans,ESPOIR,https://www.allrugby.com/joueurs/alexis-bouton-18246.html
Nice,Départs,David ODIETE,Italie,Arrière,33 ans,NON JIFF,https://www.allrugby.com/joueurs/david-odiete-3298.html
Nice,Prolongations,Farai MUDARIKI,Zimbabwe,Pilier,31 ans,NON JIFF,https://www.allrugby.com/joueurs/farai-mudariki-5433.html
Nice,Prolongations,Léo CHAUVIN,France,Talonneur,22 ans,ESPOIR,https://www.allrugby.com/joueurs/leo-chauvin-14382.html
Nice,Prolongations,Thibaud REY,France,2ème ligne,34 ans,JIFF,https://www.allrugby.com/joueurs/thibaud-rey-1389.html
Nice,Prolongations,Joel KPOKU,Angleterre,2ème ligne,27 ans,NON JIFF,https://www.allrugby.com/joueurs/joel-kpoku-7138.html
Nice,Prolongations,Bastien BERENGUEL,France,3ème ligne,32 ans,JIFF,https://www.allrugby.com/joueurs/bastien-berenguel-4368.html
Nice,Prolongations,Enzo LABADIE,France,3ème ligne,25 ans,JIFF,https://www.allrugby.com/joueurs/enzo-labadie-13778.html
Nice,Prolongations,Hugo SARRASIN,France,3ème ligne,23 ans,ESPOIR,https://www.allrugby.com/joueurs/hugo-sarrasin-11162.html
Nice,Prolongations,Tyler MORGAN,Pays-de-Galles,Centre,30 ans,NON JIFF,https://www.allrugby.com/joueurs/tyler-morgan-3269.html
Nice,Prolongations,Baptiste LAFOND,France,Centre,28 ans,JIFF,https://www.allrugby.com/joueurs/baptiste-lafond-6009.html
Nice,Prolongations,Inoke NALAGA,Fidji,Ailier,26 ans,JIFF,https://www.allrugby.com/joueurs/inoke-kurukuruvakatini-11286.html
Nice,Prolongations,Clément EGIZIANO,France,Ailier,24 ans,JIFF,https://www.allrugby.com/joueurs/clement-egiziano-10730.html
Oyonnax,Arrivées,Yannick ARROYO,France,Pilier,27 ans,JIFF,https://www.allrugby.com/joueurs/yannick-arroyo-7739.html
Oyonnax,Arrivées,Feleti KAITU'U,Australie,Talonneur,31 ans,NON JIFF,https://www.allrugby.com/joueurs/feleti-kaitu-u-10428.html
Oyonnax,Arrivées,Koen BLOEMEN,Pays-Bas,2ème ligne,28 ans,JIFF,https://www.allrugby.com/joueurs/koen-bloemen-6973.html
Oyonnax,Arrivées,Thomas VINCENT,France,Ouverture,26 ans,JIFF,https://www.allrugby.com/joueurs/thomas-vincent-5905.html
Oyonnax,Arrivées,Thomas DARMON,France,Centre,28 ans,JIFF,https://www.allrugby.com/joueurs/thomas-darmon-5256.html
Oyonnax,Arrivées,Iñaki AYARZA,Chili,Centre,26 ans,JIFF,https://www.allrugby.com/joueurs/inaki-ayarza-8999.html
Oyonnax,Arrivées,Liam COOMBES-FABLING,Nouvelle-Zélande,Ailier,28 ans,NON JIFF,https://www.allrugby.com/joueurs/liam-coombes-fabling-13453.html
Oyonnax,Arrivées,Alex NEWSOME,Australie,Arrière,31 ans,NON JIFF,https://www.allrugby.com/joueurs/alex-newsome-6732.html
Oyonnax,Départs,Adrien BORDENAVE,France,Pilier,32 ans,JIFF,https://www.allrugby.com/joueurs/adrien-bordenave-3704.html
Oyonnax,Départs,Paulo TAFILI,France,Pilier,30 ans,JIFF,https://www.allrugby.com/joueurs/paulo-tafili-4766.html
Oyonnax,Départs,Christopher VAOTOA,France,Pilier,29 ans,JIFF,https://www.allrugby.com/joueurs/christopher-vaotoa-4693.html
Oyonnax,Départs,Adam LLINARES,France,Pilier,21 ans,ESPOIR,https://www.allrugby.com/joueurs/adam-llinares-17733.html
Oyonnax,Départs,Peniami Nasali NARISIA,Fidji,Talonneur,29 ans,JIFF,https://www.allrugby.com/joueurs/peniami-nasali-narisia-4088.html
Oyonnax,Départs,Robin COULY,France,Talonneur,22 ans,ESPOIR,https://www.allrugby.com/joueurs/robin-couly-16323.html
Oyonnax,Départs,Victor LEBAS,France,2ème ligne,33 ans,JIFF,https://www.allrugby.com/joueurs/victor-lebas-1304.html
Oyonnax,Départs,Manuel LEINDEKAR,Uruguay,2ème ligne,29 ans,JIFF,https://www.allrugby.com/joueurs/manuel-leindekar-5612.html
Oyonnax,Départs,Zack HOLMES,Australie,Ouverture,36 ans,NON JIFF,https://www.allrugby.com/joueurs/zack-holmes-3543.html
Oyonnax,Départs,Justin BOURAUX,France,Ouverture,24 ans,JIFF,https://www.allrugby.com/joueurs/justin-bouraux-12429.html
Oyonnax,Départs,Eddie SAWAILAU,Fidji,Centre,30 ans,JIFF,https://www.allrugby.com/joueurs/edward-sawailau-4750.html
Oyonnax,Départs,Maëlan RABUT,France,Centre,29 ans,JIFF,https://www.allrugby.com/joueurs/maelan-rabut-5539.html
Oyonnax,Départs,Darren SWEETNAM,Irlande,Arrière,33 ans,NON JIFF,https://www.allrugby.com/joueurs/darren-sweetnam-4040.html
Oyonnax,Départs,Martin BOGADO,Argentine,Arrière,28 ans,NON JIFF,https://www.allrugby.com/joueurs/martin-bogado-14608.html
Oyonnax,Prolongations,Antoine ABRAHAM,France,Pilier,31 ans,JIFF,https://www.allrugby.com/joueurs/antoine-abraham-2826.html
Oyonnax,Prolongations,Mayco VIVAS,Argentine,Pilier,28 ans,NON JIFF,https://www.allrugby.com/joueurs/mayco-vivas-7502.html
Oyonnax,Prolongations,Mohamed MEGHERBI,France,Pilier,21 ans,ESPOIR,https://www.allrugby.com/joueurs/mohamed-megherbi-18717.html
Oyonnax,Prolongations,Sacha LONCHAMPT,France,Talonneur,20 ans,ESPOIR,https://www.allrugby.com/joueurs/sacha-lonchampt-17550.html
Oyonnax,Prolongations,Phoenix BATTYE,Australie,2ème ligne,35 ans,NON JIFF,https://www.allrugby.com/joueurs/phoenix-battye-2380.html
Oyonnax,Prolongations,Antonin CORSO,France,2ème ligne,22 ans,ESPOIR,https://www.allrugby.com/joueurs/antonin-corso-14696.html
Oyonnax,Prolongations,Uzair CASSIEM,Afrique du sud,3ème ligne,36 ans,NON JIFF,https://www.allrugby.com/joueurs/uzair-cassiem-5104.html
Oyonnax,Prolongations,Wandrille PICAULT,France,3ème ligne,31 ans,JIFF,https://www.allrugby.com/joueurs/wandrille-picault-5129.html
Oyonnax,Prolongations,Pierre-Samuel PACHECO,France,3ème ligne,26 ans,JIFF,https://www.allrugby.com/joueurs/pierre-pacheco-6586.html
Oyonnax,Prolongations,Cyriac GUILLY,France,3ème ligne,23 ans,JIFF,https://www.allrugby.com/joueurs/cyriac-guilly-11218.html
Oyonnax,Prolongations,Vasil LOBZHANIDZE,Géorgie,Mêlée,29 ans,JIFF,https://www.allrugby.com/joueurs/vasil-lobzhanidze-3734.html
Oyonnax,Prolongations,François JOLY,France,Centre,24 ans,JIFF,https://www.allrugby.com/joueurs/francois-joly-21132.html
Oyonnax,Prolongations,Louis MORLAND,France,Centre,22 ans,JIFF,https://www.allrugby.com/joueurs/louis-morland-14215.html
Oyonnax,Prolongations,Gavin STARK,Nouvelle-Zélande,Ailier,30 ans,NON JIFF,https://www.allrugby.com/joueurs/gavin-stark-7954.html
Oyonnax,Prolongations,Karim QADIRI,France,Ailier,30 ans,JIFF,https://www.allrugby.com/joueurs/karim-qadiri-3457.html
Oyonnax,Prolongations,Enzo REYBIER,France,Ailier,24 ans,JIFF,https://www.allrugby.com/joueurs/enzo-reybier-10408.html
Oyonnax,Prolongations,Sacha COURTHALIAC,France,Ailier,22 ans,ESPOIR,https://www.allrugby.com/joueurs/sacha-courthaliac-14319.html
Nevers,Arrivées,Yan ARNOLD,France,Pilier,25 ans,JIFF,https://www.allrugby.com/joueurs/yan-arnold-13924.html
Nevers,Arrivées,Henzo KITEAU,France,Pilier,24 ans,JIFF,https://www.allrugby.com/joueurs/henzo-kiteau-10753.html
Nevers,Arrivées,Ahmed KANE,Suisse,2ème ligne,25 ans,JIFF,https://www.allrugby.com/joueurs/ahmed-kane-11259.html
Nevers,Arrivées,Victor TEMPLIER,France,2ème ligne,23 ans,JIFF,https://www.allrugby.com/joueurs/victor-templier-14262.html
Nevers,Arrivées,Arno BOTHA,Afrique du sud,3ème ligne,34 ans,NON JIFF,https://www.allrugby.com/joueurs/arno-botha-6204.html
Nevers,Arrivées,Guillem CALMON,France,3ème ligne,26 ans,JIFF,https://www.allrugby.com/joueurs/guillem-calmon-9959.html
Nevers,Arrivées,Anselme CELLIER,France,Ouverture,25 ans,JIFF,https://www.allrugby.com/joueurs/anselme-cellier-20700.html
Nevers,Arrivées,Raphaël SANCHEZ,France,Centre,27 ans,JIFF,https://www.allrugby.com/joueurs/raphael-sanchez-10483.html
Nevers,Départs,Ilya KAIKATSISHVILI,Géorgie,Pilier,33 ans,NON JIFF,https://www.allrugby.com/joueurs/ilya-kaikatsishvili-5223.html
Nevers,Départs,Keynan KNOX,Afrique du sud,Pilier,27 ans,NON JIFF,https://www.allrugby.com/joueurs/keynan-knox-8987.html
Nevers,Départs,Aselo IKAHEHEGI,France,Pilier,26 ans,JIFF,https://www.allrugby.com/joueurs/aselo-ikahehegi-9273.html
Nevers,Départs,Lasha PKHAKADZE,Géorgie,Pilier,22 ans,JIFF,https://www.allrugby.com/joueurs/lasha-pkhakadze-15173.html
Nevers,Départs,Davit MTCHEDLIDZE,Géorgie,Pilier,21 ans,ESPOIR,https://www.allrugby.com/joueurs/davit-mchedlidze-14217.html
Nevers,Départs,Zak FARRANCE,Angleterre,2ème ligne,30 ans,JIFF,https://www.allrugby.com/joueurs/zack-farrance-5492.html
Nevers,Départs,Chris GABRIEL,Nouvelle-Zélande,2ème ligne,26 ans,NON JIFF,https://www.allrugby.com/joueurs/chris-gabriel-15046.html
Nevers,Départs,Steven DAVID,France,3ème ligne,31 ans,JIFF,https://www.allrugby.com/joueurs/steven-david-5536.html
Nevers,Départs,Kévin NOAH,France,3ème ligne,24 ans,JIFF,https://www.allrugby.com/joueurs/kevin-noah-6072.html
Nevers,Départs,Hugo BOUYSSOU,France,Mêlée,30 ans,JIFF,https://www.allrugby.com/joueurs/hugo-bouyssou-4345.html
Nevers,Départs,Yohan LE BOURHIS,France,Ouverture,32 ans,JIFF,https://www.allrugby.com/joueurs/yohan-le-bourhis-2828.html
Nevers,Départs,Léonard PARIS,France,Centre,30 ans,JIFF,https://www.allrugby.com/joueurs/leonard-paris-5393.html
Nevers,Départs,Atu MANU,Tonga,Centre,27 ans,JIFF,https://www.allrugby.com/joueurs/atu-manu-6070.html
Nevers,Départs,Mathys BELAUBRE,France,Centre,21 ans,ESPOIR,https://www.allrugby.com/joueurs/mathys-belaubre-15383.html
Nevers,Prolongations,Kamaliele TUFELE,France,Pilier,30 ans,JIFF,https://www.allrugby.com/joueurs/kamaliele-tufele-4752.html
Nevers,Prolongations,Aitor KITUTU,France,Pilier,28 ans,JIFF,https://www.allrugby.com/joueurs/aitor-kitutu-6051.html
Nevers,Prolongations,Luka UNGIADZE,Géorgie,Pilier,22 ans,ESPOIR,https://www.allrugby.com/joueurs/luka-ungiadze-15266.html
Nevers,Prolongations,Jean-Maxence JULES-ROSETTE,France,Talonneur,22 ans,ESPOIR,https://www.allrugby.com/joueurs/jean-maxence-jules-rosette-11166.html
Nevers,Prolongations,Charlie FRANCOZ,France,2ème ligne,28 ans,JIFF,https://www.allrugby.com/joueurs/charlie-francoz-5124.html
Nevers,Prolongations,Ted CONDON,Australie,2ème ligne,23 ans,ESPOIR,https://www.allrugby.com/joueurs/ted-condon-16809.html
Nevers,Prolongations,Jason FRASER,Afrique du sud,3ème ligne,35 ans,NON JIFF,https://www.allrugby.com/joueurs/jason-fraser-5231.html
Nevers,Prolongations,Hugues BASTIDE,France,3ème ligne,34 ans,JIFF,https://www.allrugby.com/joueurs/hugues-bastide-5508.html
Nevers,Prolongations,Phillip KLEYNHANS,Afrique du sud,3ème ligne,23 ans,JIFF,https://www.allrugby.com/joueurs/phillip-kleynhans-12290.html
Nevers,Prolongations,Manaïa LAPE,France,3ème ligne,19 ans,ESPOIR,https://www.allrugby.com/joueurs/manaia-lape-22092.html
Nevers,Prolongations,Guillaume MANEVY,France,Mêlée,29 ans,JIFF,https://www.allrugby.com/joueurs/guillaume-manevy-6996.html
Nevers,Prolongations,Jules BOUSQUET,France,Mêlée,21 ans,ESPOIR,https://www.allrugby.com/joueurs/jules-bousquet-15086.html
Nevers,Prolongations,Shaun REYNOLDS,Afrique du sud,Ouverture,31 ans,NON JIFF,https://www.allrugby.com/joueurs/shaun-reynolds-6828.html
Nevers,Prolongations,Dylan JAMINET,France,Arrière,24 ans,JIFF,https://www.allrugby.com/joueurs/dylan-jaminet-10180.html
Nevers,Prolongations,Perry MAYO,France,Arrière,24 ans,JIFF,https://www.allrugby.com/joueurs/perry-mayo-13745.html
Aix,Arrivées,Aurélien AZAR,France,Pilier,32 ans,JIFF,https://www.allrugby.com/joueurs/aurelien-azar-4379.html
Aix,Arrivées,Pascal COTET,France,Pilier,32 ans,JIFF,https://www.allrugby.com/joueurs/pascal-cotet-1906.html
Aix,Arrivées,Andréa PONTANIER,France,Pilier,24 ans,JIFF,https://www.allrugby.com/joueurs/andrea-pontanier-11943.html
Aix,Arrivées,Noam PION,France,Pilier,21 ans,ESPOIR,https://www.allrugby.com/joueurs/noam-pion-20333.html
Aix,Arrivées,Vincent GIUDICELLI,France,Talonneur,29 ans,JIFF,https://www.allrugby.com/joueurs/vincent-giudicelli-4847.html
Aix,Arrivées,Tyler ARDRON,Canada,3ème ligne,35 ans,NON JIFF,https://www.allrugby.com/joueurs/tyler-ardron-2763.html
Aix,Arrivées,Etonia WAQA,Fidji,3ème ligne,27 ans,NON JIFF,https://www.allrugby.com/joueurs/etonia-waqa-7989.html
Aix,Arrivées,Thibaut MARTEL,France,3ème ligne,27 ans,JIFF,https://www.allrugby.com/joueurs/thibaut-martel-5317.html
Aix,Arrivées,Bobby BISSU,France,3ème ligne,19 ans,ESPOIR,https://www.allrugby.com/joueurs/bobby-bissu-18406.html
Aix,Arrivées,Romain TROUILLOUD,France,Centre,26 ans,JIFF,https://www.allrugby.com/joueurs/romain-trouilloud-10920.html
Aix,Arrivées,Sireli MASIWINI,Fidji,Ailier,22 ans,ESPOIR NON JIFF,https://www.allrugby.com/joueurs/sireli-masiwini-15634.html
Aix,Arrivées,Martin BOGADO,Argentine,Arrière,28 ans,NON JIFF,https://www.allrugby.com/joueurs/martin-bogado-14608.html
Aix,Départs,Tomas FRANCIS,Angleterre,Pilier,34 ans,NON JIFF,https://www.allrugby.com/joueurs/tom-francis-3066.html
Aix,Départs,Thomas VERNET,France,Pilier,31 ans,JIFF,https://www.allrugby.com/joueurs/thomas-vernet-3314.html
Aix,Départs,Malachi HAWKES,Australie,Pilier,23 ans,JIFF,https://www.allrugby.com/joueurs/malachi-hawkes-11727.html
Aix,Départs,Thomas SAUVETERRE,France,Talonneur,33 ans,JIFF,https://www.allrugby.com/joueurs/thomas-sauveterre-3579.html
Aix,Départs,Joseph LAGET,France,Talonneur,26 ans,JIFF,https://www.allrugby.com/joueurs/joseph-laget-7792.html
Aix,Départs,Baptiste BELHADJ,France,3ème ligne,22 ans,ESPOIR,https://www.allrugby.com/joueurs/baptiste-belhadj-14793.html
Aix,Départs,Diego PINHEIRO RUIZ,France,3ème ligne,22 ans,ESPOIR,https://www.allrugby.com/joueurs/diego-pinheiro-ruiz-16471.html
Aix,Départs,Marvin OKUYA,France,(*),3ème ligne,22 ans,https://www.allrugby.com/joueurs/marvin-okuya-11984.html
Aix,Départs,Noa ZINZEN,France,3ème ligne,22 ans,ESPOIR,https://www.allrugby.com/joueurs/noa-zinzen-15287.html
Aix,Départs,Jules PLISSON,France,Ouverture,34 ans,JIFF,https://www.allrugby.com/joueurs/jules-plisson-1117.html
Aix,Départs,Jules SOULAN,France,Ouverture,32 ans,JIFF,https://www.allrugby.com/joueurs/jules-soulan-4560.html
Aix,Départs,Guillaume GALLETIER,France,Centre,29 ans,JIFF,https://www.allrugby.com/joueurs/guillaume-galletier-4433.html
Aix,Départs,George NORTH,Pays-de-Galles,Ailier,34 ans,NON JIFF,https://www.allrugby.com/joueurs/george-north-2078.html
Aix,Prolongations,Julius NOSTADT,Allemagne,Pilier,33 ans,JIFF,https://www.allrugby.com/joueurs/julius-nostadt-5812.html
Aix,Prolongations,Federico WEGRZYN,Argentine,Pilier,30 ans,NON JIFF,https://www.allrugby.com/joueurs/federico-wegrzyn-11780.html
Aix,Prolongations,Eliott YEMSI,France,Pilier,24 ans,JIFF,https://www.allrugby.com/joueurs/eliott-yemsi-9651.html
Aix,Prolongations,Lino JULIEN,France,Pilier,21 ans,ESPOIR,https://www.allrugby.com/joueurs/lino-julien-14125.html
Aix,Prolongations,Izack RODDA,Australie,2ème ligne,29 ans,NON JIFF,https://www.allrugby.com/joueurs/izack-rodda-5595.html
Aix,Prolongations,Yannick YOUYOUTTE,France,2ème ligne,26 ans,JIFF,https://www.allrugby.com/joueurs/yannick-youyoutte-8295.html
Aix,Prolongations,Raphaël PORTAT,France,2ème ligne,22 ans,ESPOIR,https://www.allrugby.com/joueurs/raphael-portat-12989.html
Aix,Prolongations,Guillaume PIAZZOLI,France,3ème ligne,28 ans,JIFF,https://www.allrugby.com/joueurs/guillaume-piazzoli-7167.html
Aix,Prolongations,Tornike JALAGONIA,Géorgie,3ème ligne,27 ans,JIFF,https://www.allrugby.com/joueurs/tornike-jalagonia-6174.html
Aix,Prolongations,Joris CAZENAVE,France,Mêlée,31 ans,JIFF,https://www.allrugby.com/joueurs/joris-cazenave-2463.html
Aix,Prolongations,Arthur COVILLE,France,Mêlée,28 ans,JIFF,https://www.allrugby.com/joueurs/arthur-coville-4422.html
Aix,Prolongations,Tom NOBLE,France,Mêlée,18 ans,ESPOIR,https://www.allrugby.com/joueurs/tom-noble-17315.html
Aix,Prolongations,Thomas SALLES,France,Ouverture,29 ans,JIFF,https://www.allrugby.com/joueurs/thomas-salles-5148.html
Aix,Prolongations,Baptiste LENOIR,France,Centre,19 ans,ESPOIR,https://www.allrugby.com/joueurs/baptiste-lenoir-18178.html
Aix,Prolongations,Setareki BITUNIYATA,Fidji,Ailier,30 ans,NON JIFF,https://www.allrugby.com/joueurs/setareki-bituniyata-5258.html
Aix,Prolongations,Adrien LAPÈGUE,France,Ailier,27 ans,JIFF,https://www.allrugby.com/joueurs/adrien-lapegue-6069.html
Aix,Prolongations,Sione TUI,Australie,Ailier,27 ans,JIFF,https://www.allrugby.com/joueurs/sione-tui-8025.html
Aix,Prolongations,Léo DROUET,France,Ailier,22 ans,ESPOIR,https://www.allrugby.com/joueurs/leo-drouet-11791.html
Aix,Prolongations,Mathias COLOMBET,France,Arrière,29 ans,JIFF,https://www.allrugby.com/joueurs/mathias-colombet-5151.html
Aix,Prolongations,Manuel VAREIRO,Portugal,Arrière,21 ans,ESPOIR NON JIFF,https://www.allrugby.com/joueurs/manuel-vareiro-18056.html
Soyaux-Angoulême,Arrivées,Élias COULIBALY,France,Pilier,25 ans,JIFF,https://www.allrugby.com/joueurs/elias-coulibaly-12191.html
Soyaux-Angoulême,Arrivées,Mathieu BONNOT,France,Talonneur,31 ans,JIFF,https://www.allrugby.com/joueurs/mathieu-bonnot-2484.html
Soyaux-Angoulême,Arrivées,Giorgi JAVAKHIA,Géorgie,2ème ligne,29 ans,JIFF,https://www.allrugby.com/joueurs/giorgi-javakhia-4391.html
Soyaux-Angoulême,Arrivées,Lucas COSTA,France,3ème ligne,24 ans,JIFF,https://www.allrugby.com/joueurs/lucas-costa-12041.html
Soyaux-Angoulême,Arrivées,Gela APRASIDZE,Géorgie,Mêlée,28 ans,JIFF,https://www.allrugby.com/joueurs/gela-aprasidze-5464.html
Soyaux-Angoulême,Départs,Vivien DEVISME,France,Pilier,34 ans,JIFF,https://www.allrugby.com/joueurs/vivien-devisme-4523.html
Soyaux-Angoulême,Départs,Omar DAHIR,France,Pilier,32 ans,JIFF,https://www.allrugby.com/joueurs/omar-dahir-8704.html
Soyaux-Angoulême,Départs,Motu MATU'U,Samoa,Talonneur,39 ans,NON JIFF,https://www.allrugby.com/joueurs/motu-matu-u-3804.html
Soyaux-Angoulême,Départs,Maël AUGRY,France,Talonneur,21 ans,ESPOIR,https://www.allrugby.com/joueurs/mael-augry-14072.html
Soyaux-Angoulême,Départs,Sikeli NABOU,Nouvelle-Zélande,2ème ligne,38 ans,NON JIFF,https://www.allrugby.com/joueurs/sikeli-nabou-4377.html
Soyaux-Angoulême,Départs,Ian KITWANGA,République démocratique du Congo,2ème ligne,27 ans,JIFF,https://www.allrugby.com/joueurs/ian-kitwanga-8405.html
Soyaux-Angoulême,Départs,Gautier GIBOUIN,France,3ème ligne,37 ans,JIFF,https://www.allrugby.com/joueurs/gautier-gibouin-1393.html
Soyaux-Angoulême,Départs,Emmanuel SAUBUSSE,France,Mêlée,36 ans,JIFF,https://www.allrugby.com/joueurs/emmanuel-saubusse-1192.html
Soyaux-Angoulême,Départs,Jonny MAY,Angleterre,Ailier,36 ans,NON JIFF,https://www.allrugby.com/joueurs/jonny-may-2115.html
Soyaux-Angoulême,Départs,Matthys GRATIEN,France,Ailier,27 ans,JIFF,https://www.allrugby.com/joueurs/matthys-gratien-8878.html
Soyaux-Angoulême,Départs,François Carlo MEY,Italie,Arrière,23 ans,JIFF,https://www.allrugby.com/joueurs/francois-carlo-mey-13139.html
Soyaux-Angoulême,Prolongations,Paul TAILHADES,France,Pilier,29 ans,JIFF,https://www.allrugby.com/joueurs/paul-tailhades-5275.html
Soyaux-Angoulême,Prolongations,Pone FA'AMAUSILI,Australie,Pilier,29 ans,NON JIFF,https://www.allrugby.com/joueurs/pone-faamausili-6900.html
Soyaux-Angoulême,Prolongations,Matt BEUKEBOOM,Canada,2ème ligne,29 ans,JIFF,https://www.allrugby.com/joueurs/matt-beukeboom-4427.html
Soyaux-Angoulême,Prolongations,Adrian MITU,Roumanie,3ème ligne,22 ans,JIFF,https://www.allrugby.com/joueurs/adrian-mitu-14030.html
Soyaux-Angoulême,Prolongations,Ledua MAU,Fidji,Centre,33 ans,NON JIFF,https://www.allrugby.com/joueurs/ledua-mau-3594.html
Soyaux-Angoulême,Prolongations,Rémi BROSSET,France,Arrière,26 ans,JIFF,https://www.allrugby.com/joueurs/remi-brosset-6981.html
Soyaux-Angoulême,Prolongations,Jules DUBECQ,France,Arrière,24 ans,JIFF,https://www.allrugby.com/joueurs/jules-dubecq-8273.html
Soyaux-Angoulême,Prolongations,Noé DARRÉLATOUR,France,Arrière,21 ans,ESPOIR,https://www.allrugby.com/joueurs/noe-darrelatour-20541.html
Valence Romans,Arrivées,Marco TRAUTH,France,Pilier,25 ans,JIFF,https://www.allrugby.com/joueurs/marco-trauth-10677.html
Valence Romans,Arrivées,Marco TAULEIGNE,France,3ème ligne,32 ans,JIFF,https://www.allrugby.com/joueurs/marco-tauleigne-1398.html
Valence Romans,Arrivées,Thomas ZÉNON,France,Arrière,27 ans,JIFF,https://www.allrugby.com/joueurs/thomas-zenon-8262.html
Valence Romans,Départs,Kévin GOZE,France,Pilier,33 ans,JIFF,https://www.allrugby.com/joueurs/kevin-goze-1346.html
Valence Romans,Départs,Suetena ASOMUA,Samoa,Pilier,28 ans,NON JIFF,https://www.allrugby.com/joueurs/suetena-asomua-13518.html
Valence Romans,Départs,Andréa PONTANIER,France,Pilier,24 ans,JIFF,https://www.allrugby.com/joueurs/andrea-pontanier-11943.html
Valence Romans,Départs,Louis CHANET,France,Pilier,23 ans,ESPOIR,https://www.allrugby.com/joueurs/louis-chanet-18219.html
Valence Romans,Départs,Nathan HUGUEN,France,2ème ligne,24 ans,JIFF,https://www.allrugby.com/joueurs/nathan-huguen-13768.html
Valence Romans,Départs,Philippe LAVILLE,France,3ème ligne,25 ans,JIFF,https://www.allrugby.com/joueurs/philippe-laville-11946.html
Valence Romans,Départs,Nama COULIBALY,France,3ème ligne,21 ans,ESPOIR,https://www.allrugby.com/joueurs/nama-coulibaly-21324.html
Valence Romans,Départs,Ben NEICERU,Fidji,Centre,33 ans,NON JIFF,https://www.allrugby.com/joueurs/ben-neiceru-7746.html
Valence Romans,Départs,Dorian MARCELINE,France,Centre,21 ans,ESPOIR,https://www.allrugby.com/joueurs/dorian-marceline-17047.html
Valence Romans,Départs,Mosese MAWALU,Fidji,Ailier,33 ans,NON JIFF,https://www.allrugby.com/joueurs/mosese-mawalu-7718.html
Valence Romans,Départs,Owen LANE,Pays-de-Galles,Ailier,28 ans,NON JIFF,https://www.allrugby.com/joueurs/owen-lane-5734.html
Valence Romans,Prolongations,Anthony ALÉO,France,Pilier,34 ans,JIFF,https://www.allrugby.com/joueurs/anthony-aleo-8207.html
Valence Romans,Prolongations,Vincent VIAL,France,Pilier,32 ans,JIFF,https://www.allrugby.com/joueurs/vincent-vial-9661.html
Valence Romans,Prolongations,Dorian MARCO-PENA,France,Talonneur,29 ans,JIFF,https://www.allrugby.com/joueurs/dorian-marco-pena-5190.html
Valence Romans,Prolongations,Florian GOUMAT,France,2ème ligne,36 ans,JIFF,https://www.allrugby.com/joueurs/florian-goumat-7702.html
Valence Romans,Prolongations,Thembelani BHOLI,Afrique du sud,3ème ligne,36 ans,NON JIFF,https://www.allrugby.com/joueurs/thembelani-bholi-6750.html
Valence Romans,Prolongations,Ilia SPANDERASHVILI,Géorgie,3ème ligne,28 ans,NON JIFF,https://www.allrugby.com/joueurs/ilia-spanderashvili-11920.html
Valence Romans,Prolongations,Adrien ROUX,France,3ème ligne,23 ans,JIFF,https://www.allrugby.com/joueurs/adrien-roux-15738.html
Valence Romans,Prolongations,Mattéo RODOR,France,Mêlée,27 ans,JIFF,https://www.allrugby.com/joueurs/matteo-rodor-7320.html
Valence Romans,Prolongations,Lucas MÉRET,France,Ouverture,31 ans,JIFF,https://www.allrugby.com/joueurs/lucas-meret-3609.html
Valence Romans,Prolongations,Adrien MARTIN,France,Ouverture,21 ans,ESPOIR,https://www.allrugby.com/joueurs/adrien-martin-20294.html
Valence Romans,Prolongations,Mathieu GUILLOMOT,France,Centre,32 ans,JIFF,https://www.allrugby.com/joueurs/mathieu-guillomot-3550.html
Valence Romans,Prolongations,Dylan IDRISSI,France,Centre,23 ans,ESPOIR,https://www.allrugby.com/joueurs/dylan-idrissi-18487.html
Valence Romans,Prolongations,Paul MARSAN,France,Ailier,24 ans,JIFF,https://www.allrugby.com/joueurs/paul-marsan-20484.html
Albi,Arrivées,Kévin YAMÉOGO,France,Pilier,29 ans,Rennes,https://www.allrugby.com/joueurs/kevin-yameogo-5364.html
Albi,Arrivées,Davit MTCHEDLIDZE,Géorgie,Pilier,21 ans,Prêté par Toulon,https://www.allrugby.com/joueurs/davit-mchedlidze-14217.html
Albi,Arrivées,Romain MAURICE,France,Talonneur,32 ans,Langon,https://www.allrugby.com/joueurs/romain-maurice-3655.html
Albi,Arrivées,Florian LAMOTHE,France,Talonneur,26 ans,Mont-de-Marsan,https://www.allrugby.com/joueurs/florian-lamothe-13657.html
Albi,Arrivées,Victor FROMENTÈZE,France,2ème ligne,30 ans,Bourg-en-Bresse,https://www.allrugby.com/joueurs/victor-fromenteze-9722.html
Albi,Arrivées,Nathan GENDRE,France,2ème ligne,26 ans,Orléans,https://www.allrugby.com/joueurs/nathan-gendre-9958.html
Albi,Arrivées,Jean-Baptiste LACHAISE,France,3ème ligne,25 ans,Suresnes,https://www.allrugby.com/joueurs/jean-baptiste-lachaise-7940.html
Albi,Arrivées,Corentin COULARIS,France,3ème ligne,23 ans,Prêté par Montauban,https://www.allrugby.com/joueurs/corentin-coularis-14795.html
Albi,Arrivées,Enzo MOREAU,France,3ème ligne,22 ans,Suresnes,https://www.allrugby.com/joueurs/enzo-moreau-21039.html
Albi,Arrivées,Arthur DIAZ,France,Mêlée,22 ans,Prêté par Colomiers,https://www.allrugby.com/joueurs/arthur-diaz-15026.html
Albi,Arrivées,Hugo CAMACHO,France,Mêlée,22 ans,Béziers,https://www.allrugby.com/joueurs/hugo-camacho-15271.html
Albi,Arrivées,Jean PÉNÉTRO,France,Mêlée,20 ans,Prêté par Montauban,https://www.allrugby.com/joueurs/jean-penetro-21587.html
Albi,Arrivées,Romain URUTY,France,Ouverture,27 ans,Béziers,https://www.allrugby.com/joueurs/romain-uruty-8646.html
Albi,Arrivées,Eliott ARANDIGA,France,Ouverture,22 ans,Biarritz,https://www.allrugby.com/joueurs/eliott-arandiga-18314.html
Albi,Arrivées,Cédric SOULÉ,France,Centre,28 ans,Albi RL XIII,https://www.allrugby.com/joueurs/cedric-soule-5270.html
Albi,Départs,Maks VAN DYK,Afrique du sud,Pilier,34 ans,N/A,https://www.allrugby.com/joueurs/maks-van-dyk-4476.html
Albi,Départs,Jean-Baptiste DE CLERCQ,Belgique,Pilier,32 ans,Aurillac,https://www.allrugby.com/joueurs/jean-baptiste-de-clercq-3644.html
Albi,Départs,Reinach VENTER,Afrique du sud,Talonneur,31 ans,N/A,https://www.allrugby.com/joueurs/reinach-venter-7104.html
Albi,Départs,Stefan BURUIANA,France,Talonneur,23 ans,Narbonne,https://www.allrugby.com/joueurs/stefan-buruiana-17166.html
Albi,Départs,Dimitri CHAUVET,France,Talonneur,22 ans,Tricastin,https://www.allrugby.com/joueurs/dimitri-chauvet-17950.html
Albi,Départs,Jonathan KPOKU,Angleterre,2ème ligne,27 ans,Graulhet,https://www.allrugby.com/joueurs/jonathan-kpoku-7210.html
Albi,Départs,Paul BELTRAN,France,2ème ligne,25 ans,Rouen,https://www.allrugby.com/joueurs/paul-beltran-12323.html
Albi,Départs,Théo MERCADIER,France,2ème ligne,23 ans,Dax,https://www.allrugby.com/joueurs/theo-mercadier-15246.html
Albi,Départs,Alexey KONNOV,Russie,2ème ligne,22 ans,Retour de prêt Castres,https://www.allrugby.com/joueurs/alexey-konnov-13461.html
Albi,Départs,Mattéo FAINTRENIE,France,2ème ligne,22 ans,Narbonne,https://www.allrugby.com/joueurs/matteo-faintrenie-21184.html
Albi,Départs,Camille JARREAU,France,3ème ligne,31 ans,N/A,https://www.allrugby.com/joueurs/camille-jarreau-8643.html
Albi,Départs,Guillem CALMON,France,3ème ligne,26 ans,Nevers,https://www.allrugby.com/joueurs/guillem-calmon-9959.html
Albi,Départs,Mattéo COUSTALAT,France,3ème ligne,24 ans,Aurillac,https://www.allrugby.com/joueurs/matteo-coustalat-10042.html
Albi,Départs,Gilen QUEHEILLE,France,Mêlée,32 ans,N/A,https://www.allrugby.com/joueurs/gilen-queheille-1399.html
Albi,Départs,Ruben COURTIÈS,France,Mêlée,23 ans,Aurillac,https://www.allrugby.com/joueurs/ruben-courties-17037.html
Albi,Départs,Théo VIDAL,France,Ouverture,26 ans,Castres,https://www.allrugby.com/joueurs/theo-vidal-10007.html
Albi,Départs,Nasoni NAQIRI,Fidji,Centre,32 ans,Mazamet,https://www.allrugby.com/joueurs/nasoni-naqiri-2217.html
Albi,Départs,Victorien JACOMME,France,Centre,27 ans,N/A,https://www.allrugby.com/joueurs/victorien-jacomme-6064.html
Albi,Départs,Nicola BOZZO,Italie,Centre,21 ans,Suresnes,https://www.allrugby.com/joueurs/nicola-bozzo-14818.html
Albi,Départs,Paul CLERGUE,France,Arrière,24 ans,N/A,https://www.allrugby.com/joueurs/paul-clergue-13454.html
Albi,Départs,Quentin MOLINA,France,2ème ligne,21 ans,Castelsarrasin,https://www.allrugby.com/joueurs/quentin-molina-23217.html
Albi,Départs,David MALLEZ,France,Centre,20 ans,Valence d'Agen,https://www.allrugby.com/joueurs/david-mallez-23390.html
Albi,Départs,Setareki TOGANIYADRAVA,Fidji,Ailier,22 ans,Retour de prêt Perpignan,https://www.allrugby.com/joueurs/setareki-toganiyadrava-16876.html
Albi,Départs,Mattéo PLO,France,Ailier,20 ans,Graulhet,https://www.allrugby.com/joueurs/matteo-plo-21512.html
Albi,Départs,Romain FAGES,France,Ailier,19 ans,Lavaur,https://www.allrugby.com/joueurs/romain-fages-22899.html
Albi,Départs,Thibault RIVIÈRE,France,Arrière,19 ans,Graulhet,https://www.allrugby.com/joueurs/thibault-riviere-23282.html
Albi,Prolongations,Lucas PINDOR,France,Pilier,25 ans,2028,https://www.allrugby.com/joueurs/lucas-pindor-13509.html
Albi,Prolongations,Alex DOS SANTOS,France,Pilier,24 ans,2028,https://www.allrugby.com/joueurs/alex-dos-santos-11628.html
Albi,Prolongations,Aymeric LAGER,France,Pilier,22 ans,2027,https://www.allrugby.com/joueurs/aymeric-lager-15395.html
Albi,Prolongations,Kaïs AUDIGIER,France,Talonneur,21 ans,2027,https://www.allrugby.com/joueurs/kais-audigier-20672.html
Albi,Prolongations,Julian GUIRAUD,France,3ème ligne,22 ans,2027,https://www.allrugby.com/joueurs/julian-guiraud-18188.html
Albi,Prolongations,Alexandre FAVRETTO,France,Mêlée,22 ans,2028,https://www.allrugby.com/joueurs/alexandre-favretto-16301.html
Albi,Prolongations,Victor PISANO,France,Ouverture,31 ans,2028,https://www.allrugby.com/joueurs/victor-pisano-6983.html
Albi,Prolongations,Baptiste COUCHINAVE,France,Centre,28 ans,2027 + 1 an en option,https://www.allrugby.com/joueurs/baptiste-couchinave-8816.html
Albi,Prolongations,Gabriel AVIRAGNET,France,Centre,22 ans,2028,https://www.allrugby.com/joueurs/gabriel-aviragnet-15174.html
Albi,Prolongations,Mathieu GALTIER,France,Ailier,21 ans,2028 + 1 an en option,https://www.allrugby.com/joueurs/mathieu-galtier-18174.html
Albi,Prolongations,Siméon SOENEN,France,Arrière,23 ans,2028,https://www.allrugby.com/joueurs/simeon-soenen-15688.html
Albi,Prolongations,Mate GURTSKAIA,Géorgie,Pilier,20 ans,2027,https://www.allrugby.com/joueurs/mate-gurtskaia-18231.html
USBPA,Arrivées,Thibault BERTHAUD,France,Pilier,29 ans,Mont-de-Marsan,https://www.allrugby.com/joueurs/thibault-berthaud-6097.html
USBPA,Arrivées,Baptiste NARMAND,France,Talonneur,21 ans,Prêté par Lyon,https://www.allrugby.com/joueurs/baptiste-narmand-14789.html
USBPA,Arrivées,Jaco WILLEMSE,Afrique du sud,2ème ligne,30 ans,Périgueux,https://www.allrugby.com/joueurs/jaco-willemse-15740.html
USBPA,Arrivées,Mathieu TIXIER,France,3ème ligne,26 ans,Niort,https://www.allrugby.com/joueurs/mathieu-tixier-7956.html
USBPA,Arrivées,Roy LOLESIO,Tonga,3ème ligne,26 ans,Valence d'Agen,https://www.allrugby.com/joueurs/roy-lolesio-17606.html
USBPA,Arrivées,Théo BACHIRI,France,Mêlée,23 ans,Suresnes,https://www.allrugby.com/joueurs/theo-bachiri-15055.html
USBPA,Arrivées,Thibault COTTE,France,Mêlée,21 ans,Rennes,https://www.allrugby.com/joueurs/thibault-cotte-17556.html
USBPA,Arrivées,Adriaan VAN DER BANK,Afrique du sud,Ouverture,29 ans,Mâcon,https://www.allrugby.com/joueurs/adriaan-van-der-bank-15715.html
USBPA,Arrivées,Vaea TUTUILA VAEA,Tonga,Centre,25 ans,Niort,https://www.allrugby.com/joueurs/vaea-tutuila-vaea-10756.html
USBPA,Arrivées,Martin FÉLIX,France,Arrière,28 ans,Nîmes,https://www.allrugby.com/joueurs/martin-felix-6102.html
USBPA,Arrivées,Maxime TETLOW,France,Arrière,22 ans,Niort,https://www.allrugby.com/joueurs/maxime-tetlow-15237.html
USBPA,Arrivées,Lyan PAKIHIVATAU,France,Pilier,21 ans,Prêté par Lyon,https://www.allrugby.com/joueurs/lyan-pakihivatau-18995.html
USBPA,Arrivées,Temur TSULUKIDZE,Géorgie,2ème ligne,21 ans,Prêté par Oyonnax,https://www.allrugby.com/joueurs/temur-tsulukidze-17766.html
USBPA,Arrivées,Tom GUILLAUMON,France,Ouverture,21 ans,Narbonne,https://www.allrugby.com/joueurs/tom-guillaumon-20494.html
USBPA,Arrivées,Arthur ESPEUT,France,Centre,23 ans,Racing 92,https://www.allrugby.com/joueurs/arthur-espeut-12166.html
USBPA,Départs,Lasha MCHEDLIDZE,Géorgie,Pilier,31 ans,Chambéry,https://www.allrugby.com/joueurs/lasha-mchedlidze-7824.html
USBPA,Départs,Vittorio LASTRA,Chili,Pilier,30 ans,Mont-de-Marsan,https://www.allrugby.com/joueurs/vittorio-lastra-12408.html
USBPA,Départs,Valentin GORGÉ,France,Pilier,24 ans,XV de la Dombes,https://www.allrugby.com/joueurs/valentin-gorge-9708.html
USBPA,Départs,Clément JULLIEN,France,Talonneur,34 ans,Retraite,https://www.allrugby.com/joueurs/clement-jullien-2050.html
USBPA,Départs,Malcolm OKINÉ,France,Talonneur,22 ans,N/A,https://www.allrugby.com/joueurs/malcolm-okine-20682.html
USBPA,Départs,Victor FROMENTÈZE,France,2ème ligne,30 ans,Albi,https://www.allrugby.com/joueurs/victor-fromenteze-9722.html
USBPA,Départs,Victor TEMPLIER,France,2ème ligne,23 ans,Nevers,https://www.allrugby.com/joueurs/victor-templier-14262.html
USBPA,Départs,Loïc BARADEL,France,3ème ligne,29 ans,Rumilly,https://www.allrugby.com/joueurs/loic-baradel-4843.html
USBPA,Départs,Waël MAY,France,3ème ligne,26 ans,Suresnes,https://www.allrugby.com/joueurs/wael-may-8433.html
USBPA,Départs,Jérémie MARTIN,France,Mêlée,24 ans,Bourgoin,https://www.allrugby.com/joueurs/jeremie-martin-14255.html
USBPA,Départs,Bruce HOUSTON,Irlande,Ouverture,26 ans,Coventry (ANG),https://www.allrugby.com/joueurs/bruce-houston-7307.html
USBPA,Départs,Nathan AZAÏS,France,Ouverture,22 ans,Aurillac,https://www.allrugby.com/joueurs/nathan-azais-12228.html
USBPA,Départs,Joel MATAVESI,Angleterre,Centre,30 ans,Camborne (ANG),https://www.allrugby.com/joueurs/joel-matavesi-5722.html
USBPA,Départs,Aaron STAFFORD,France,Centre,26 ans,Graulhet,https://www.allrugby.com/joueurs/aaron-stafford-10297.html
USBPA,Départs,Romain LAMIT,France,Centre,23 ans,Sydney University FC (AUS),https://www.allrugby.com/joueurs/romain-lamit-16340.html
USBPA,Départs,Florent MASSIP,France,Arrière,32 ans,Rouen,https://www.allrugby.com/joueurs/florent-massip-6028.html
USBPA,Départs,Jules MARGARIT,France,Arrière,25 ans,Rouen,https://www.allrugby.com/joueurs/jules-margarit-11967.html
USBPA,Départs,Geoffrey MARGUIN,France,Talonneur,21 ans,Nantua,https://www.allrugby.com/joueurs/geoffrey-marguin-22722.html
USBPA,Départs,Romain AUSSANT,France,Talonneur,20 ans,Stade Métropolitain,https://www.allrugby.com/joueurs/romain-aussant-23167.html
USBPA,Départs,Mathis CHARVET,France,Mêlée,21 ans,Salles,https://www.allrugby.com/joueurs/mathis-charvet-18327.html
USBPA,Départs,Clément DONIN,France,Arrière,21 ans,Saint-Claude,https://www.allrugby.com/joueurs/clement-donin-20685.html
USBPA,Prolongations,Florian BURLET,France,Pilier,22 ans,2028 + 1 an en option,https://www.allrugby.com/joueurs/florian-burlet-18115.html
USBPA,Prolongations,Thomas DÉLIANCE,France,2ème ligne,24 ans,2027,https://www.allrugby.com/joueurs/thomas-deliance-13795.html
USBPA,Prolongations,Quentin WITT,France,3ème ligne,36 ans,2027,https://www.allrugby.com/joueurs/quentin-witt-1554.html
USBPA,Prolongations,Charles VILLEDEY,France,Mêlée,19 ans,2028,https://www.allrugby.com/joueurs/charles-villedey-20468.html
USBPA,Prolongations,Dimitri DOUCET,France,Ailier,32 ans,2027,https://www.allrugby.com/joueurs/dimitri-doucet-6099.html
USBPA,Prolongations,Thibaut PERRETTE,France,Ailier,25 ans,2027,https://www.allrugby.com/joueurs/thibaut-perrette-11508.html
Bourgoin,Arrivées,Lewys JONES,Pays-de-Galles,Pilier,24 ans,Marcq-en-Baroeul,https://www.allrugby.com/joueurs/lewys-jones-10222.html
Bourgoin,Arrivées,Yanis LUX,France,Pilier,21 ans,Prêté par Paris,https://www.allrugby.com/joueurs/yanis-lux-15460.html
Bourgoin,Arrivées,Romain GUYOT,France,2ème ligne,27 ans,Carcassonne,https://www.allrugby.com/joueurs/romain-guyot-7644.html
Bourgoin,Arrivées,Nathan HUGUEN,France,2ème ligne,24 ans,Valence Romans,https://www.allrugby.com/joueurs/nathan-huguen-13768.html
Bourgoin,Arrivées,Jonah MAU'U,Australie,3ème ligne,27 ans,Nice,https://www.allrugby.com/joueurs/jonah-mau-u-14956.html
Bourgoin,Arrivées,Nama COULIBALY,France,3ème ligne,21 ans,Prêté par Valence Romans,https://www.allrugby.com/joueurs/nama-coulibaly-21324.html
Bourgoin,Arrivées,Jérémie MARTIN,France,Mêlée,24 ans,Bourg-en-Bresse,https://www.allrugby.com/joueurs/jeremie-martin-14255.html
Bourgoin,Arrivées,Anthony FUERTES,France,Ouverture,29 ans,Niort,https://www.allrugby.com/joueurs/anthony-fuertes-4402.html
Bourgoin,Arrivées,Petero TUWAÏ,Fidji,Centre,30 ans,Putrajaya Rugby (MYS),https://www.allrugby.com/joueurs/petero-tuwai-12284.html
Bourgoin,Arrivées,Api NABOLEQA,Fidji,Centre,25 ans,Jiki Gori (GEO),https://www.allrugby.com/joueurs/api-naboleqa-22579.html
Bourgoin,Arrivées,Mathis TERRASSON,France,Ailier,23 ans,Niort,https://www.allrugby.com/joueurs/mathis-terrasson-20483.html
Bourgoin,Arrivées,Jules VUACHET,France,3ème ligne,21 ans,Prêté par Lyon,https://www.allrugby.com/joueurs/jules-vuachet-17681.html
Bourgoin,Arrivées,Lilou BRUN-BOURDI,France,3ème ligne,21 ans,Prêté par Lyon,https://www.allrugby.com/joueurs/lilou-brun-bourdi-18838.html
Bourgoin,Arrivées,Éloi NOTTET,France,Centre,21 ans,Prêté par Lyon,https://www.allrugby.com/joueurs/eloi-nottet-22656.html
Bourgoin,Arrivées,Jules DUCROS,France,Centre,20 ans,Montpellier,https://www.allrugby.com/joueurs/jules-ducros-16343.html
Bourgoin,Arrivées,Pierre SÉGUI,France,Ailier,22 ans,Grenoble,https://www.allrugby.com/joueurs/pierre-segui-21124.html
Bourgoin,Départs,Dimitri TCHAPNGA,Cameroun,Pilier,39 ans,N/A,https://www.allrugby.com/joueurs/dimitri-tchapnga-7829.html
Bourgoin,Départs,Lucas DYCKE,France,Pilier,27 ans,Leucate,https://www.allrugby.com/joueurs/lucas-dycke-8876.html
Bourgoin,Départs,Romain FAVARETTO,France,Pilier,26 ans,N/A,https://www.allrugby.com/joueurs/romain-favaretto-6091.html
Bourgoin,Départs,Maxime CASTANT,France,Talonneur,30 ans,Retraite,https://www.allrugby.com/joueurs/maxime-castant-4457.html
Bourgoin,Départs,Ratu Meli TURAGACA,Fidji,2ème ligne,27 ans,Chambéry,https://www.allrugby.com/joueurs/ratu-meli-turagaca-20778.html
Bourgoin,Départs,Robin GASCOU,France,2ème ligne,27 ans,Floirac,https://www.allrugby.com/joueurs/robin-gascou-8208.html
Bourgoin,Départs,Fousseynou CISSOKHO,France,2ème ligne,21 ans,Retour de prêt Lyon,https://www.allrugby.com/joueurs/fousseynou-cissokho-14190.html
Bourgoin,Départs,Talalelei GRAY,Samoa,3ème ligne,36 ans,N/A,https://www.allrugby.com/joueurs/talalelei-gray-3603.html
Bourgoin,Départs,Kévin CHAUDOUARD,France,3ème ligne,30 ans,N/A,https://www.allrugby.com/joueurs/kevin-chaudouard-7823.html
Bourgoin,Départs,Sam DALY,Angleterre,3ème ligne,28 ans,Plymouth (ANG),https://www.allrugby.com/joueurs/sam-daly-16740.html
Bourgoin,Départs,Kamil BOUREGBA,France,3ème ligne,26 ans,Annonay,https://www.allrugby.com/joueurs/kamli-bouregba-8155.html
Bourgoin,Départs,Raimundo MARTÍNEZ,Chili,3ème ligne,26 ans,N/A,https://www.allrugby.com/joueurs/raimundo-martinez-9782.html
Bourgoin,Départs,Jérémy GONDRAND,France,Mêlée,36 ans,Retraite,https://www.allrugby.com/joueurs/jeremy-gondrand-1713.html
Bourgoin,Départs,Liam RIMET,France,Mêlée,22 ans,N/A,https://www.allrugby.com/joueurs/liam-rimet-12470.html
Bourgoin,Départs,Louis GIAMARCHI,France,Mêlée,22 ans,Voiron,https://www.allrugby.com/joueurs/louis-giamarchi-17887.html
Bourgoin,Départs,Christopher BOSCH,Afrique du sud,Centre,34 ans,Grasse,https://www.allrugby.com/joueurs/christopher-bosch-7717.html
Bourgoin,Départs,Savenaca RAWACA,Fidji,Centre,34 ans,N/A,https://www.allrugby.com/joueurs/savenaca-racawa-5149.html
Bourgoin,Départs,Tom DANOVARO,France,Centre,25 ans,Chambéry,https://www.allrugby.com/joueurs/tom-danovaro-7683.html
Bourgoin,Départs,Gabin FRIER,France,Centre,22 ans,Genève (SUI),https://www.allrugby.com/joueurs/gabin-frier-21147.html
Bourgoin,Départs,Joe RAVOUVOU,Fidji,Ailier,35 ans,N/A,https://www.allrugby.com/joueurs/joe-ravouvou-9286.html
Bourgoin,Départs,Saimone QELECA,Fidji,Ailier,29 ans,N/A,https://www.allrugby.com/joueurs/saimone-qeleca-12368.html
Bourgoin,Départs,Adrian FUGIT,France,Ailier,23 ans,Annonay,https://www.allrugby.com/joueurs/adrian-fugit-17469.html
Bourgoin,Départs,Hugo DESGRANGE,France,Ailier,22 ans,Nantes,https://www.allrugby.com/joueurs/hugo-desgrange-16322.html
Bourgoin,Départs,Nicolas CACHET,France,Arrière,34 ans,Retraite,https://www.allrugby.com/joueurs/nicolas-cachet-4477.html
Bourgoin,Départs,Hippolyte FONTAINE,France,3ème ligne,21 ans,Tricastin,https://www.allrugby.com/joueurs/hippolyte-fontaine-23389.html
Bourgoin,Départs,Ilan CUSIN,France,3ème ligne,17 ans,Clermont,https://www.allrugby.com/joueurs/ilan-cusin-22523.html
Bourgoin,Départs,Nicolas LEBARD,France,Ouverture,21 ans,Annonay,https://www.allrugby.com/joueurs/nicolas-lebard-23415.html
Bourgoin,Départs,Tristan MONTAGNAT-CARTIER,France,Arrière,20 ans,Rugby Saint-Jeannais,https://www.allrugby.com/joueurs/tristan-montagnat-cartier-22839.html
Bourgoin,Départs,Rémi CHAPIT,France,Arrière,18 ans,Grenoble,https://www.allrugby.com/joueurs/remi-chapit-22514.html
Bourgoin,Prolongations,Thomas NÉMOZ,France,Pilier,20 ans,N/A,https://www.allrugby.com/joueurs/thomas-nemoz-21148.html
Bourgoin,Prolongations,Enzo GAIFEM,France,Talonneur,21 ans,2028,https://www.allrugby.com/joueurs/enzo-gaifem-21145.html
Bourgoin,Prolongations,Fabien FARONI,France,2ème ligne,23 ans,2027 + 1 an en option,https://www.allrugby.com/joueurs/fabien-faroni-21146.html
Bourgoin,Prolongations,Jean-Lucas DARDIER,France,Mêlée,20 ans,N/A,https://www.allrugby.com/joueurs/jean-lucas-dardier-21349.html
Bourgoin,Prolongations,Aviata SILAGO,Nouvelle-Zélande,Centre,33 ans,2027 + 1 an en option,https://www.allrugby.com/joueurs/aviata-silago-4400.html
Bourgoin,Prolongations,Raphaël ARNAUD-JOUFRAY,France,Ailier,21 ans,N/A,https://www.allrugby.com/joueurs/raphael-arnaud-joufray-22379.html
Bourgoin,Prolongations,Romain GOUTIÈRE,Belgique,Centre,20 ans,N/A,https://www.allrugby.com/joueurs/romain-goutiere-22337.html
Carcassonne,Arrivées,Chris TALAKAI,Australie,Pilier,32 ans,Narbonne,https://www.allrugby.com/joueurs/chris-talakai-7613.html
Carcassonne,Arrivées,Thierry FUTEU,Cameroun,Pilier,31 ans,Liceo Francés (ESP),https://www.allrugby.com/joueurs/thierry-futeu-7692.html
Carcassonne,Arrivées,Angus WAGNER,Australie,Pilier,28 ans,Chambéry,https://www.allrugby.com/joueurs/angus-wagner-9107.html
Carcassonne,Arrivées,Dino CASADEÏ,France,Pilier,25 ans,Dax,https://www.allrugby.com/joueurs/dino-casadei-12669.html
Carcassonne,Arrivées,Andrew QUATTRIN,Canada,Talonneur,29 ans,New England (USA),https://www.allrugby.com/joueurs/andrew-quattrin-8828.html
Carcassonne,Arrivées,Pierre GAYRAUD,France,2ème ligne,34 ans,Béziers,https://www.allrugby.com/joueurs/pierre-gayraud-1096.html
Carcassonne,Arrivées,Baptiste PEYTAVI,France,2ème ligne,24 ans,Céret,https://www.allrugby.com/joueurs/baptiste-peytavi-15316.html
Carcassonne,Arrivées,Clément DOUMENC,France,3ème ligne,29 ans,Béziers,https://www.allrugby.com/joueurs/clement-doumenc-4543.html
Carcassonne,Arrivées,Grégoire LABIT,France,3ème ligne,22 ans,Narbonne,https://www.allrugby.com/joueurs/gregoire-labit-15213.html
Carcassonne,Arrivées,Samuel MARQUÈS,France,Mêlée,37 ans,Béziers,https://www.allrugby.com/joueurs/samuel-marques-1485.html
Carcassonne,Arrivées,Jérôme BOSVIEL,France,Ouverture,36 ans,Montauban,https://www.allrugby.com/joueurs/jerome-bosviel-1964.html
Carcassonne,Arrivées,Dorian LAVERNHE,France,Centre,27 ans,Périgueux,https://www.allrugby.com/joueurs/dorian-lavernhe-5567.html
Carcassonne,Arrivées,Théo VASSALLO,France,Centre,22 ans,Béziers,https://www.allrugby.com/joueurs/theo-vassallo-16404.html
Carcassonne,Arrivées,Owen LANE,Pays-de-Galles,Ailier,28 ans,Valence Romans,https://www.allrugby.com/joueurs/owen-lane-5734.html
Carcassonne,Arrivées,Elie DE FLEURIAN,France,Ailier,27 ans,Langon,https://www.allrugby.com/joueurs/elie-de-fleurian-7868.html
Carcassonne,Arrivées,Tomasi SERU,Fidji,Ailier,22 ans,Mont-de-Marsan,https://www.allrugby.com/joueurs/seru-tomasi-16829.html
Carcassonne,Arrivées,Nathan FAURE,France,Talonneur,20 ans,Biarritz,https://www.allrugby.com/joueurs/nathan-faure-22576.html
Carcassonne,Arrivées,Szymon PRÓCHNIAK,Pologne,2ème ligne,ans,Budowlani Lublin (POL),https://www.allrugby.com/joueurs/szymon-prochniak-22643.html
Carcassonne,Arrivées,Elyo MERLIN,France,Centre,19 ans,Clermont,https://www.allrugby.com/joueurs/elyo-merlin-15666.html
Carcassonne,Arrivées,Rémi BOULAN,France,Ailier,20 ans,Agen,https://www.allrugby.com/joueurs/remi-boulan-18356.html
Carcassonne,Départs,Siua HALANUKONUKA,Tonga,Pilier,39 ans,Thuir,https://www.allrugby.com/joueurs/siua-halanukonuka-3417.html
Carcassonne,Départs,Vakhtangi AKHOBADZE,Géorgie,Pilier,33 ans,ARPAL XV,https://www.allrugby.com/joueurs/vakhtangi-akhobadze-2471.html
Carcassonne,Départs,Florent LORENZON,France,Pilier,29 ans,ARPAL XV,https://www.allrugby.com/joueurs/florent-lorenzon-5431.html
Carcassonne,Départs,Killian TAOFIFENUA,France,Pilier,25 ans,Béziers,https://www.allrugby.com/joueurs/killian-taofifenua-8874.html
Carcassonne,Départs,Yan ARNOLD,France,Pilier,25 ans,Nevers,https://www.allrugby.com/joueurs/yan-arnold-13924.html
Carcassonne,Départs,Ian BOUBILA,France,Talonneur,24 ans,Dax,https://www.allrugby.com/joueurs/ian-boubila-11087.html
Carcassonne,Départs,Baptiste MORÉNO,France,Talonneur,23 ans,Nice,https://www.allrugby.com/joueurs/baptiste-moreno-15447.html
Carcassonne,Départs,Sitaleki TIMANI,Tonga,2ème ligne,39 ans,N/A,https://www.allrugby.com/joueurs/sitaleki-timani-2030.html
Carcassonne,Départs,Évrard Dion OULAI,Côte d&#039;Ivoire,2ème ligne,33 ans,N/A,https://www.allrugby.com/joueurs/evrard-dion-oulai-3472.html
Carcassonne,Départs,Frank BRADSHAW,Irlande,2ème ligne,30 ans,N/A,https://www.allrugby.com/joueurs/frank-bradshaw-5230.html
Carcassonne,Départs,Marius IFTIMICIUC,Roumanie,2ème ligne,28 ans,ARPAL XV,https://www.allrugby.com/joueurs/marius-iftimiciuc-4967.html
Carcassonne,Départs,Romain GUYOT,France,2ème ligne,27 ans,Bourgoin,https://www.allrugby.com/joueurs/romain-guyot-7644.html
Carcassonne,Départs,Gary GRAHAM,Ecosse,3ème ligne,33 ans,N/A,https://www.allrugby.com/joueurs/gary-graham-5721.html
Carcassonne,Départs,Noé BEDOU,France,3ème ligne,25 ans,Massy,https://www.allrugby.com/joueurs/noe-bedou-7747.html
Carcassonne,Départs,Tane TAKULUA,Tonga,Mêlée,35 ans,Nantes,https://www.allrugby.com/joueurs/tane-takulua-3449.html
Carcassonne,Départs,Yvan DAVID,France,Mêlée,23 ans,Prêté à Chambéry,https://www.allrugby.com/joueurs/yvan-david-14547.html
Carcassonne,Départs,Johnny MCPHILLIPS,Angleterre,Ouverture,29 ans,Hanazono University (JAP),https://www.allrugby.com/joueurs/johnny-mcphillips-5892.html
Carcassonne,Départs,Gabin MICHET,France,Ouverture,25 ans,Orléans,https://www.allrugby.com/joueurs/gabin-michet-8929.html
Carcassonne,Départs,Lukas DOYHENARD,France,Centre,25 ans,Biarritz,https://www.allrugby.com/joueurs/lukas-doyhenard-14117.html
Carcassonne,Départs,Paul GADÉA,France,Centre,24 ans,Béziers,https://www.allrugby.com/joueurs/paul-gadea-10859.html
Carcassonne,Départs,Pablo PATILLA,France,Centre,23 ans,Nice,https://www.allrugby.com/joueurs/pablo-patilla-12160.html
Carcassonne,Départs,Sefa NAIVALU,Fidji,Ailier,34 ans,N/A,https://www.allrugby.com/joueurs/sefa-naivalu-5009.html
Carcassonne,Départs,Lilian PICHON,France,Ailier,24 ans,Vienne,https://www.allrugby.com/joueurs/lilian-pichon-14798.html
Carcassonne,Départs,Viliame TUTUVULI,Fidji,Ailier,24 ans,Bayonne,https://www.allrugby.com/joueurs/viliame-tutuvuli-13915.html
Carcassonne,Départs,Enzo VAN WORDRAGEN,France,Pilier,21 ans,Castelnaudary,https://www.allrugby.com/joueurs/enzo-van-wordragen-23417.html
Carcassonne,Départs,Wassim KODAD,France,Pilier,19 ans,Nice,https://www.allrugby.com/joueurs/wassim-kodad-18318.html
Carcassonne,Départs,Timéo RANDE,France,Ouverture,19 ans,Castelnaudary,https://www.allrugby.com/joueurs/timeo-rande-23418.html
Carcassonne,Départs,Tevita SABOLA,Fidji,Centre,23 ans,Union Barbezieux Jonzac,https://www.allrugby.com/joueurs/tevita-sabola-17497.html
Carcassonne,Prolongations,Fabien LORENZON,France,Pilier,29 ans,2028 + 1 an en option,https://www.allrugby.com/joueurs/fabien-lorenzon-4540.html
Carcassonne,Prolongations,Otis SPRUYTTE,France,Talonneur,20 ans,2029,https://www.allrugby.com/joueurs/otis-spruytte-18133.html
Carcassonne,Prolongations,Thomas HOARAU,France,3ème ligne,31 ans,2028,https://www.allrugby.com/joueurs/thomas-hoarau-5561.html
Carcassonne,Prolongations,Tomás MUNILLA,Espagne,Mêlée,27 ans,2027,https://www.allrugby.com/joueurs/tomas-munilla-6093.html
Carcassonne,Prolongations,Kenjy BAYER,France,Mêlée,22 ans,2027,https://www.allrugby.com/joueurs/kenjy-bayer-11273.html
Carcassonne,Prolongations,Alexandre PEREZ,France,Ouverture,23 ans,2028,https://www.allrugby.com/joueurs/alexandre-perez-12384.html
Carcassonne,Prolongations,Nils CHALIÈS,France,Ouverture,23 ans,2027,https://www.allrugby.com/joueurs/nils-chalies-14144.html
Carcassonne,Prolongations,Jordan PULETUA,Samoa,Centre,36 ans,2027,https://www.allrugby.com/joueurs/jordan-puletua-1537.html
Carcassonne,Prolongations,Jonah COLLADO,France,3ème ligne,19 ans,2029,https://www.allrugby.com/joueurs/jonah-collado-17672.html
Chambéry,Arrivées,Jorji SALDADZE,Géorgie,Pilier,32 ans,RC Dinosaurs Tskaltubo (GEO),https://www.allrugby.com/joueurs/jorji-saldadze-7715.html
Chambéry,Arrivées,Lasha MCHEDLIDZE,Géorgie,Pilier,31 ans,Bourg-en-Bresse,https://www.allrugby.com/joueurs/lasha-mchedlidze-7824.html
Chambéry,Arrivées,Michael KUMBIRAI,Afrique du sud,Pilier,30 ans,Niort,https://www.allrugby.com/joueurs/michael-kumbirai-7531.html
Chambéry,Arrivées,Badri TSIKHISTAVI,Géorgie,Pilier,22 ans,Black Lion (GEO),https://www.allrugby.com/joueurs/badri-tsikhistavi-13791.html
Chambéry,Arrivées,Enzo JOUANNET,France,Talonneur,26 ans,Saint Jean-de-Luz,https://www.allrugby.com/joueurs/enzo-jouannet-6987.html
Chambéry,Arrivées,Ratu Meli TURAGACA,Fidji,2ème ligne,27 ans,Bourgoin,https://www.allrugby.com/joueurs/ratu-meli-turagaca-20778.html
Chambéry,Arrivées,Michel HIMMER,Allemagne,2ème ligne,26 ans,Niort,https://www.allrugby.com/joueurs/michel-himmer-8928.html
Chambéry,Arrivées,Charlie RICE,Angleterre,2ème ligne,24 ans,Cornish Pirates (ANG),https://www.allrugby.com/joueurs/charlie-rice-12566.html
Chambéry,Arrivées,Manex ARICETA,Espagne,3ème ligne,22 ans,Bayonne,https://www.allrugby.com/joueurs/manex-ariceta-12438.html
Chambéry,Arrivées,Yvan DAVID,France,Mêlée,23 ans,Prêté par Oyonnax,https://www.allrugby.com/joueurs/yvan-david-14547.html
Chambéry,Arrivées,Émile DAYRAL,France,Ouverture,23 ans,Agen,https://www.allrugby.com/joueurs/emile-dayral-11471.html
Chambéry,Arrivées,Ben NEICERU,Fidji,Centre,33 ans,Valence Romans,https://www.allrugby.com/joueurs/ben-neiceru-7746.html
Chambéry,Arrivées,Tom DANOVARO,France,Centre,25 ans,Bourgoin,https://www.allrugby.com/joueurs/tom-danovaro-7683.html
Chambéry,Arrivées,Benjamin DESCAMPS,France,Ailier,24 ans,Rouen,https://www.allrugby.com/joueurs/benjamin-descamps-10387.html
Chambéry,Arrivées,Hinckley VAOVASA,Samoa,Arrière,27 ans,Romanian Wolves (ROU),https://www.allrugby.com/joueurs/hinckley-vaovasa-12481.html
Chambéry,Arrivées,Giorgi GERGEDAVA,Géorgie,3ème ligne,22 ans,Clermont,https://www.allrugby.com/joueurs/giorgi-gergedava-14800.html
Chambéry,Départs,Lasha TABIDZE,Géorgie,Pilier,29 ans,Aurillac,https://www.allrugby.com/joueurs/lasha-tabidze-3568.html
Chambéry,Départs,Angus WAGNER,Australie,Pilier,28 ans,Carcassonne,https://www.allrugby.com/joueurs/angus-wagner-9107.html
Chambéry,Départs,Gela MURUSIDZE,Géorgie,Pilier,26 ans,Suresnes,https://www.allrugby.com/joueurs/gela-murusidze-8131.html
Chambéry,Départs,Baptiste COLLET,France,Pilier,25 ans,Narbonne,https://www.allrugby.com/joueurs/baptiste-collet-10078.html
Chambéry,Départs,Enzo SÉGUI,France,Pilier,25 ans,Floirac,https://www.allrugby.com/joueurs/enzo-segui-12281.html
Chambéry,Départs,Adam BOUARÉ,France,Pilier,21 ans,Prêté à Agen,https://www.allrugby.com/joueurs/adam-mountaga-bouare-14639.html
Chambéry,Départs,Jose Luis GONZALEZ,Argentine,Talonneur,28 ans,N/A,https://www.allrugby.com/joueurs/jose-luis-gonzalez-11092.html
Chambéry,Départs,Will SPENCER,Angleterre,2ème ligne,34 ans,N/A,https://www.allrugby.com/joueurs/will-spencer-2585.html
Chambéry,Départs,Corentin ASTIER,France,2ème ligne,31 ans,Issoire,https://www.allrugby.com/joueurs/corentin-astier-4415.html
Chambéry,Départs,Fabien WITZ,France,2ème ligne,26 ans,Suresnes,https://www.allrugby.com/joueurs/fabien-witz-6955.html
Chambéry,Départs,Ahmed KANE,Suisse,2ème ligne,25 ans,Nevers,https://www.allrugby.com/joueurs/ahmed-kane-11259.html
Chambéry,Départs,Antoine FERREIRA,France,3ème ligne,23 ans,Rumilly,https://www.allrugby.com/joueurs/antoine-ferreira-18041.html
Chambéry,Départs,Kévin VIALLARD,France,Mêlée,25 ans,Périgueux,https://www.allrugby.com/joueurs/kevin-viallard-6080.html
Chambéry,Départs,Patricio FERNANDEZ,Argentine,Ouverture,31 ans,N/A,https://www.allrugby.com/joueurs/patricio-fernandez-3404.html
Chambéry,Départs,Joseph EXSHAW,France,Ouverture,23 ans,Suresnes,https://www.allrugby.com/joueurs/joseph-exshaw-13304.html
Chambéry,Départs,Maewen SAO,France,Centre,28 ans,Montmélian,https://www.allrugby.com/joueurs/maewen-sao-6200.html
Chambéry,Départs,Guillaume BOUCHE,France,Ailier,26 ans,Saint Jean-de-Luz,https://www.allrugby.com/joueurs/guillaume-bouche-12326.html
Chambéry,Départs,Arthur NENNIG,France,Ailier,25 ans,Vienne,https://www.allrugby.com/joueurs/arthur-nennig-11597.html
Chambéry,Départs,Enzo MARZOCCA,France,Arrière,27 ans,Aurillac,https://www.allrugby.com/joueurs/enzo-marzocca-10126.html
Chambéry,Départs,Léonard REIS,France,Pilier,23 ans,Montmélian,https://www.allrugby.com/joueurs/leonard-reis-18040.html
Chambéry,Départs,Victor GUILLAUD,France,Talonneur,19 ans,Valence Romans,https://www.allrugby.com/joueurs/victor-guillaud-22552.html
Chambéry,Départs,Noah JALLET,France,Ailier,22 ans,Stade Métropolitain,https://www.allrugby.com/joueurs/noah-jallet-14477.html
Chambéry,Prolongations,Quentin BEAUDAUX,France,Talonneur,26 ans,2028,https://www.allrugby.com/joueurs/quentin-beaudaux-10754.html
Chambéry,Prolongations,Julien PIERDOMENICO,France,Talonneur,21 ans,2028,https://www.allrugby.com/joueurs/julien-pierdomenico-17035.html
Chambéry,Prolongations,Jean-Baptiste GRENOD,France,2ème ligne,30 ans,2027 + 1 an en option,https://www.allrugby.com/joueurs/jean-baptiste-grenod-5273.html
Chambéry,Prolongations,Colin LEBIAN,France,3ème ligne,26 ans,2028,https://www.allrugby.com/joueurs/colin-lebian-7858.html
Chambéry,Prolongations,Camille BAZ-MARCOS,France,3ème ligne,22 ans,N/A,https://www.allrugby.com/joueurs/camille-baz-marcos-18789.html
Chambéry,Prolongations,Edgard LUBIN,France,3ème ligne,22 ans,2028,https://www.allrugby.com/joueurs/edgard-lubin-15724.html
Chambéry,Prolongations,Marc ESSOH,France,3ème ligne,22 ans,2028,https://www.allrugby.com/joueurs/marc-essoh-14212.html
Chambéry,Prolongations,Aubin EYMERI,France,Mêlée,24 ans,2028,https://www.allrugby.com/joueurs/aubin-eymeri-11604.html
Chambéry,Prolongations,Bastien REYMOND,France,Centre,23 ans,2028,https://www.allrugby.com/joueurs/bastien-reymond-13670.html
Chambéry,Prolongations,Martin BONNET,France,Ailier,23 ans,2027,https://www.allrugby.com/joueurs/martin-bonnet-16329.html
Chambéry,Prolongations,Jules CHAFFIOTTE,France,Arrière,21 ans,N/A,https://www.allrugby.com/joueurs/jules-chaffiotte-21075.html
Mont-de-Marsan,Arrivées,Paulo TAFILI,France,Pilier,30 ans,Oyonnax,https://www.allrugby.com/joueurs/paulo-tafili-4766.html
Mont-de-Marsan,Arrivées,Vittorio LASTRA,Chili,Pilier,30 ans,Bourg-en-Bresse,https://www.allrugby.com/joueurs/vittorio-lastra-12408.html
Mont-de-Marsan,Arrivées,Wesley TAPUELUELU,Tonga,Pilier,26 ans,Aurillac,https://www.allrugby.com/joueurs/wesley-tapueluelu-8778.html
Mont-de-Marsan,Arrivées,Robin COULY,France,Talonneur,22 ans,Oyonnax,https://www.allrugby.com/joueurs/robin-couly-16323.html
Mont-de-Marsan,Arrivées,Jannes KIRSTEN,Afrique du sud,2ème ligne,32 ans,Bulls (AFS),https://www.allrugby.com/joueurs/jannes-kirsten-6917.html
Mont-de-Marsan,Arrivées,Asier USARRAGA,Espagne,3ème ligne,31 ans,Brive,https://www.allrugby.com/joueurs/asier-usarraga-3341.html
Mont-de-Marsan,Arrivées,Pierre REYNAUD,France,3ème ligne,30 ans,UBB Sevens,https://www.allrugby.com/joueurs/pierre-reynaud-5415.html
Mont-de-Marsan,Arrivées,Baden GODFREY,Australie,3ème ligne,22 ans,Anthem RC (USA),https://www.allrugby.com/joueurs/baden-godfrey-22074.html
Mont-de-Marsan,Arrivées,Aurélien BARREAU,France,Ouverture,21 ans,Aurillac,https://www.allrugby.com/joueurs/aurelien-barreau-16342.html
Mont-de-Marsan,Arrivées,Paula WALISOLISO,Fidji,Centre,29 ans,club inconnu,https://www.allrugby.com/joueurs/paula-walisoliso-15342.html
Mont-de-Marsan,Arrivées,Théo DACHARY,France,Centre,29 ans,Rouen,https://www.allrugby.com/joueurs/theo-dachary-3703.html
Mont-de-Marsan,Arrivées,Atu MANU,Tonga,Centre,27 ans,Nevers,https://www.allrugby.com/joueurs/atu-manu-6070.html
Mont-de-Marsan,Arrivées,Jules EVEN,France,Centre,27 ans,Biarritz,https://www.allrugby.com/joueurs/jules-even-4615.html
Mont-de-Marsan,Arrivées,Aminiasi TUIMABA,Fidji,Ailier,31 ans,Béziers,https://www.allrugby.com/joueurs/aminiasi-tuimaba-9731.html
Mont-de-Marsan,Arrivées,Clément CAVALIÈRE,France,Ailier,27 ans,Rennes,https://www.allrugby.com/joueurs/clement-cavaliere-11292.html
Mont-de-Marsan,Arrivées,Paul LERAÎTRE,France,Ailier,25 ans,France 7,https://www.allrugby.com/joueurs/paul-leraitre-12330.html
Mont-de-Marsan,Arrivées,Guido REYES,Espagne,Pilier,20 ans,Prêté par Pau,https://www.allrugby.com/joueurs/guido-reyes-rendon-15713.html
Mont-de-Marsan,Départs,Anthony ALVÈS,France,Pilier,37 ans,N/A,https://www.allrugby.com/joueurs/anthony-alves-3462.html
Mont-de-Marsan,Départs,Gheorghe GAJION,Moldavie,Pilier,33 ans,Rouen,https://www.allrugby.com/joueurs/gheorghe-gajion-3102.html
Mont-de-Marsan,Départs,Marco FEPULEA'I,Samoa,Pilier,31 ans,Gloucester (ANG),https://www.allrugby.com/joueurs/marco-fepulea-i-9400.html
Mont-de-Marsan,Départs,Luka GOGINAVA,Géorgie,Pilier,29 ans,N/A,https://www.allrugby.com/joueurs/luka-goginava-5395.html
Mont-de-Marsan,Départs,Thibault BERTHAUD,France,Pilier,29 ans,Bourg-en-Bresse,https://www.allrugby.com/joueurs/thibault-berthaud-6097.html
Mont-de-Marsan,Départs,Mathys BATS,France,Pilier,23 ans,Auch,https://www.allrugby.com/joueurs/mathys-bats-15870.html
Mont-de-Marsan,Départs,Maël TURPIN,France,Pilier,19 ans,Castres,https://www.allrugby.com/joueurs/mael-turpin-20182.html
Mont-de-Marsan,Départs,Samuel LAGRANGE,France,Talonneur,29 ans,N/A,https://www.allrugby.com/joueurs/samuel-lagrange-5070.html
Mont-de-Marsan,Départs,Florian LAMOTHE,France,Talonneur,26 ans,Albi,https://www.allrugby.com/joueurs/florian-lamothe-13657.html
Mont-de-Marsan,Départs,Luka BEGIC,France,Talonneur,25 ans,Biarritz,https://www.allrugby.com/joueurs/luka-begic-13713.html
Mont-de-Marsan,Départs,Morgan EAMES,Angleterre,2ème ligne,31 ans,Plymouth (ANG),https://www.allrugby.com/joueurs/morgan-eames-9278.html
Mont-de-Marsan,Départs,Jay TUIVAITI,Nouvelle-Zélande,2ème ligne,29 ans,N/A,https://www.allrugby.com/joueurs/jay-tuivaiti-17241.html
Mont-de-Marsan,Départs,Romain DURAND,France,2ème ligne,29 ans,N/A,https://www.allrugby.com/joueurs/romain-durand-4529.html
Mont-de-Marsan,Départs,Lado CHACHANIDZE,Géorgie,2ème ligne,26 ans,N/A,https://www.allrugby.com/joueurs/lado-chachanidze-8860.html
Mont-de-Marsan,Départs,Louis FINCH,France,2ème ligne,22 ans,Ealing Trailfinders (ANG),https://www.allrugby.com/joueurs/louis-finch-21479.html
Mont-de-Marsan,Départs,Youssouf SOUCOUNA,France,2ème ligne,22 ans,Prêté à Montauban,https://www.allrugby.com/joueurs/youssouf-soucouna-13881.html
Mont-de-Marsan,Départs,Ioane IASHAGASHVILI,Géorgie,3ème ligne,26 ans,Vannes,https://www.allrugby.com/joueurs/ioane-iashagashvili-8111.html
Mont-de-Marsan,Départs,Sam TUIFUA,Nouvelle-Zélande,3ème ligne,24 ans,La Rochelle,https://www.allrugby.com/joueurs/sam-tuifua-15961.html
Mont-de-Marsan,Départs,Raphaël DARQUIER,France,3ème ligne,21 ans,Bayonne,https://www.allrugby.com/joueurs/raphael-darquier-15049.html
Mont-de-Marsan,Départs,Christophe LOUSTALOT,France,Mêlée,34 ans,La Rochelle,https://www.allrugby.com/joueurs/christophe-loustalot-1112.html
Mont-de-Marsan,Départs,Iban LACLAU,France,Ouverture,21 ans,Biarritz,https://www.allrugby.com/joueurs/iban-laclau-20236.html
Mont-de-Marsan,Départs,Nacani WAKAYA,Fidji,Centre,35 ans,N/A,https://www.allrugby.com/joueurs/nacani-wakaya-4486.html
Mont-de-Marsan,Départs,Bautista EZCURRA,Argentine,Centre,31 ans,Nice,https://www.allrugby.com/joueurs/bautista-ezcurra-6407.html
Mont-de-Marsan,Départs,Joris DUPONT,France,Centre,25 ans,N/A,https://www.allrugby.com/joueurs/joris-dupont-11126.html
Mont-de-Marsan,Départs,Gatien MASSÉ,France,Centre,24 ans,Brive,https://www.allrugby.com/joueurs/gatien-masse-12297.html
Mont-de-Marsan,Départs,Mosese DAWAI,Fidji,Ailier,28 ans,Biarritz,https://www.allrugby.com/joueurs/mosese-dawai-12581.html
Mont-de-Marsan,Départs,Tomasi SERU,Fidji,Ailier,22 ans,Carcassonne,https://www.allrugby.com/joueurs/seru-tomasi-16829.html
Mont-de-Marsan,Départs,Simão BENTO,Portugal,Arrière,25 ans,Colomiers,https://www.allrugby.com/joueurs/simao-bento-12350.html
Mont-de-Marsan,Départs,Maxime GRANGÉ,France,Talonneur,20 ans,Peyrehorade,https://www.allrugby.com/joueurs/maxime-grange-18104.html
Mont-de-Marsan,Départs,Rouane SIONÉ,France,Talonneur,18 ans,Bayonne,https://www.allrugby.com/joueurs/rouane-sione-20183.html
Mont-de-Marsan,Départs,Loan RAMILLON,France,3ème ligne,21 ans,Soustons,https://www.allrugby.com/joueurs/loan-ramillon-22689.html
Mont-de-Marsan,Départs,Théophile ROBET,France,3ème ligne,21 ans,Langon,https://www.allrugby.com/joueurs/theophile-robet-23074.html
Mont-de-Marsan,Départs,Edgar ROUCH,France,Mêlée,22 ans,Auch,https://www.allrugby.com/joueurs/edgar-rouch-20844.html
Mont-de-Marsan,Départs,Maxime DUDOUX,France,Mêlée,20 ans,Peyrehorade,https://www.allrugby.com/joueurs/maxime-dudoux-23318.html
Mont-de-Marsan,Départs,Pette HONTAAS,France,Ouverture,20 ans,Mauléon,https://www.allrugby.com/joueurs/pette-hontaas-23404.html
Mont-de-Marsan,Départs,Clément BOURGUIGNON,France,Centre,18 ans,Bayonne,https://www.allrugby.com/joueurs/clement-bourguignon-22604.html
Mont-de-Marsan,Départs,Anthony VALLON,France,Ailier,20 ans,Soustons,https://www.allrugby.com/joueurs/anthony-vallon-22678.html
Mont-de-Marsan,Départs,Josaia RALULU,Fidji,Ailier,20 ans,Racing 92,https://www.allrugby.com/joueurs/josaia-ralulu-21570.html
Mont-de-Marsan,Prolongations,Torsten VAN JAARSVELD,Namibie,Talonneur,39 ans,2027,https://www.allrugby.com/joueurs/torsten-van-jaarsveld-3921.html
Mont-de-Marsan,Prolongations,Nicolas GARRAULT,France,2ème ligne,35 ans,2027 + 1 an en option,https://www.allrugby.com/joueurs/nicolas-garrault-1357.html
Mont-de-Marsan,Prolongations,Brent LIUFAU,France,2ème ligne,22 ans,2027,https://www.allrugby.com/joueurs/brent-liufau-11783.html
Mont-de-Marsan,Prolongations,Jacques NGUIMBOUS,France,2ème ligne,21 ans,2027,https://www.allrugby.com/joueurs/jacques-nguimbous-17048.html
Mont-de-Marsan,Prolongations,Waël PONPON,France,3ème ligne,28 ans,2027,https://www.allrugby.com/joueurs/wael-ponpon-6984.html
Mont-de-Marsan,Prolongations,Raphaël ROBIC,France,3ème ligne,25 ans,2028,https://www.allrugby.com/joueurs/raphael-robic-11159.html
Mont-de-Marsan,Prolongations,Nicolas DARQUIER,France,Mêlée,22 ans,2028 + 1 an en option,https://www.allrugby.com/joueurs/nicolas-darquier-15873.html
Mont-de-Marsan,Prolongations,Willie DU PLESSIS,Afrique du sud,Ouverture,36 ans,2027,https://www.allrugby.com/joueurs/willie-du-plessis-3631.html
Marcq-en-Bareuil,Arrivées,Brian GONZÁLEZ,Argentine,Pilier,27 ans,Ordizia Rugby Elkartea (ESP),https://www.allrugby.com/joueurs/brian-gonzalez-22718.html
Marcq-en-Bareuil,Arrivées,Louis MAURO,France,Pilier,24 ans,Aubenas,https://www.allrugby.com/joueurs/louis-mauro-11529.html
Marcq-en-Bareuil,Arrivées,Pierre-Antoine DOMENECH,France,3ème ligne,28 ans,Bédarrides - Châteauneuf-du-Pape,https://www.allrugby.com/joueurs/pierre-antoine-domenech-14113.html
Marcq-en-Bareuil,Arrivées,Philippe LAVILLE,France,3ème ligne,25 ans,Valence Romans,https://www.allrugby.com/joueurs/philippe-laville-11946.html
Marcq-en-Bareuil,Arrivées,Spike SALMAN,Pays-Bas,3ème ligne,25 ans,Tarbes,https://www.allrugby.com/joueurs/spike-salman-12329.html
Marcq-en-Bareuil,Arrivées,Arturo TEN HOEVER,France,3ème ligne,22 ans,Niort,https://www.allrugby.com/joueurs/arturo-ten-hoever-16819.html
Marcq-en-Bareuil,Arrivées,Clément GAUBERT,France,3ème ligne,19 ans,Tarbes,https://www.allrugby.com/joueurs/clement-gaubert-20204.html
Marcq-en-Bareuil,Arrivées,Maxime JAVAUX,France,Ouverture,32 ans,Rouen,https://www.allrugby.com/joueurs/maxime-javaux-3645.html
Marcq-en-Bareuil,Arrivées,Dorian MARCELINE,France,Centre,21 ans,Valence Romans,https://www.allrugby.com/joueurs/dorian-marceline-17047.html
Marcq-en-Bareuil,Arrivées,Adrien AMANS,France,Arrière,26 ans,Graulhet,https://www.allrugby.com/joueurs/adrien-amans-10351.html
Marcq-en-Bareuil,Arrivées,Clément LENDRES,France,Pilier,20 ans,Aix,https://www.allrugby.com/joueurs/clement-lendres-23280.html
Marcq-en-Bareuil,Arrivées,Jaden GILATIS,Allemagne,Pilier,ans,Heidelberg RK (ALL),https://www.allrugby.com/joueurs/jaden-gilatis-23281.html
Marcq-en-Bareuil,Arrivées,Romain ALBINET,France,Talonneur,20 ans,La Rochelle,https://www.allrugby.com/joueurs/romain-albinet-18549.html
Marcq-en-Bareuil,Arrivées,Aymeric ROUSERÉ,France,3ème ligne,20 ans,Bayonne,https://www.allrugby.com/joueurs/aymeric-rousere-15894.html
Marcq-en-Bareuil,Arrivées,Vikas MEIJER,Pays-Bas,Ouverture,22 ans,Cardiff Met RFC (GAL),https://www.allrugby.com/joueurs/vikas-meijer-14980.html
Marcq-en-Bareuil,Arrivées,Florent TIBERMANS,Belgique,Ailier,18 ans,Nevers,https://www.allrugby.com/joueurs/florent-tibermans-22480.html
Marcq-en-Bareuil,Départs,Éli SERRA,France,Pilier,30 ans,N/A,https://www.allrugby.com/joueurs/eli-serra-11298.html
Marcq-en-Bareuil,Départs,Sive MAZOSIWE,Afrique du sud,Pilier,29 ans,Rouen,https://www.allrugby.com/joueurs/sive-mazosiwe-15069.html
Marcq-en-Bareuil,Départs,Bruno VLIEGEN,Belgique,Pilier,25 ans,Soignies (BEL),https://www.allrugby.com/joueurs/bruno-vliegen-8599.html
Marcq-en-Bareuil,Départs,Lewys JONES,Pays-de-Galles,Pilier,24 ans,Bourgoin,https://www.allrugby.com/joueurs/lewys-jones-10222.html
Marcq-en-Bareuil,Départs,Eliot NAZET,France,Talonneur,22 ans,Nantes,https://www.allrugby.com/joueurs/eliot-nazet-19983.html
Marcq-en-Bareuil,Départs,Maselino PAULINO,Samoa,2ème ligne,38 ans,Lourdes,https://www.allrugby.com/joueurs/maselno-paulino-4064.html
Marcq-en-Bareuil,Départs,Lucio ANCONETANI,Argentine,2ème ligne,25 ans,Oloron,https://www.allrugby.com/joueurs/lucio-anconetani-18222.html
Marcq-en-Bareuil,Départs,Otilo KAFOTAMAKI,France,3ème ligne,35 ans,N/A,https://www.allrugby.com/joueurs/otilo-kafotamaki-2428.html
Marcq-en-Bareuil,Départs,Cédric YONKEU,France,3ème ligne,31 ans,N/A,https://www.allrugby.com/joueurs/cedric-yonkeu-10227.html
Marcq-en-Bareuil,Départs,Maxime DANTON,France,3ème ligne,30 ans,N/A,https://www.allrugby.com/joueurs/maxime-danton-6049.html
Marcq-en-Bareuil,Départs,Thomas SIMONET,France,3ème ligne,26 ans,N/A,https://www.allrugby.com/joueurs/thomas-simonet-10296.html
Marcq-en-Bareuil,Départs,Rachid BINA,France,3ème ligne,22 ans,N/A,https://www.allrugby.com/joueurs/rachid-bina-18324.html
Marcq-en-Bareuil,Départs,Geoffrey CAZANAVE,France,Mêlée,30 ans,N/A,https://www.allrugby.com/joueurs/geoffrey-cazanave-8304.html
Marcq-en-Bareuil,Départs,Dylan NOCÈTE,France,Mêlée,26 ans,Montmélian,https://www.allrugby.com/joueurs/dylan-nocete-10273.html
Marcq-en-Bareuil,Départs,Antoine SOUBIROU,France,Mêlée,22 ans,N/A,https://www.allrugby.com/joueurs/antoine-soubirou-18704.html
Marcq-en-Bareuil,Départs,Serafin BORDOLI,Argentine,Ouverture,31 ans,N/A,https://www.allrugby.com/joueurs/serafin-bordoli-4809.html
Marcq-en-Bareuil,Départs,Paul DECAVEL,France,Ouverture,26 ans,Cahors,https://www.allrugby.com/joueurs/paul-decavel-9060.html
Marcq-en-Bareuil,Départs,Hugo DÉTRÉ,France,Centre,28 ans,N/A,https://www.allrugby.com/joueurs/hugo-detre-10114.html
Marcq-en-Bareuil,Départs,Louis DECAVEL,France,Centre,28 ans,Cahors,https://www.allrugby.com/joueurs/louis-decavel-5287.html
Marcq-en-Bareuil,Départs,Ervin MURIC,Belgique,Ailier,29 ans,N/A,https://www.allrugby.com/joueurs/ervin-muric-5926.html
Marcq-en-Bareuil,Départs,Clément UNIQUE,France,Ailier,24 ans,N/A,https://www.allrugby.com/joueurs/clement-unique-18855.html
Marcq-en-Bareuil,Départs,Timothé LE GALL,France,Arrière,22 ans,Anglet,https://www.allrugby.com/joueurs/timothe-le-gall-14265.html
Marcq-en-Bareuil,Prolongations,Victor-Fy BALAS BUREL,France,Pilier,26 ans,2028,https://www.allrugby.com/joueurs/victor-fy-balas-burel-9713.html
Marcq-en-Bareuil,Prolongations,Alexis DECAUX,France,Pilier,25 ans,2027,https://www.allrugby.com/joueurs/alexis-decaux-8921.html
Marcq-en-Bareuil,Prolongations,Marius POLLET,France,Pilier,24 ans,2027,https://www.allrugby.com/joueurs/marius-pollet-17700.html
Marcq-en-Bareuil,Prolongations,Santiago IGLESIAS VALDEZ,Argentine,Talonneur,33 ans,2027,https://www.allrugby.com/joueurs/santiago-iglesias-valdez-5580.html
Marcq-en-Bareuil,Prolongations,Joseph REYNAUD,France,Talonneur,25 ans,2028,https://www.allrugby.com/joueurs/jospeh-reynaud-11401.html
Marcq-en-Bareuil,Prolongations,Antoine DELAPORTE,France,2ème ligne,31 ans,2027,https://www.allrugby.com/joueurs/antoine-delaporte-11359.html
Marcq-en-Bareuil,Prolongations,Jean-Baptiste RENDÉ,France,2ème ligne,23 ans,2028,https://www.allrugby.com/joueurs/jean-baptiste-rende-14354.html
Marcq-en-Bareuil,Prolongations,Goran DE CLERCQ,Belgique,2ème ligne,22 ans,2028,https://www.allrugby.com/joueurs/goran-de-clercq-17286.html
Marcq-en-Bareuil,Prolongations,Joachim BEAUMONT,France,3ème ligne,36 ans,2027,https://www.allrugby.com/joueurs/joachim-beaumont-8424.html
Marcq-en-Bareuil,Prolongations,Aurélien CARVALHO,France,3ème ligne,27 ans,2027,https://www.allrugby.com/joueurs/aurelien-carvalho-11554.html
Marcq-en-Bareuil,Prolongations,Arthur BRUGES,France,3ème ligne,25 ans,2028,https://www.allrugby.com/joueurs/arthur-bruges-11321.html
Marcq-en-Bareuil,Prolongations,Marius RUYFFELAERE,France,3ème ligne,24 ans,2027,https://www.allrugby.com/joueurs/marius-ruyffelaere-16319.html
Marcq-en-Bareuil,Prolongations,Brandon DAYORO,France,3ème ligne,23 ans,2027,https://www.allrugby.com/joueurs/brandon-dayoro-15730.html
Marcq-en-Bareuil,Prolongations,Clément GÉRAULT,France,Mêlée,18 ans,2027,https://www.allrugby.com/joueurs/clement-gerault-21219.html
Marcq-en-Bareuil,Prolongations,Romain RIGAULT,France,Ouverture,22 ans,2027,https://www.allrugby.com/joueurs/romain-rigault-14318.html
Marcq-en-Bareuil,Prolongations,Mark ERASMUS,Afrique du sud,Centre,31 ans,2027,https://www.allrugby.com/joueurs/mark-erasmus-5234.html
Marcq-en-Bareuil,Prolongations,Thibault MOLÉANA,France,Centre,25 ans,2027,https://www.allrugby.com/joueurs/thibault-moleana-11912.html
Marcq-en-Bareuil,Prolongations,Mathias ORTIZ,France,Ailier,23 ans,2028,https://www.allrugby.com/joueurs/mathias-ortiz-15432.html
Marcq-en-Bareuil,Prolongations,August VAN HECKE,Belgique,Ouverture,19 ans,2027,https://www.allrugby.com/joueurs/august-van-hecke-23070.html
Marcq-en-Bareuil,Prolongations,Markus MONNIER,Belgique,Centre,18 ans,2027,https://www.allrugby.com/joueurs/markus-monnier-22282.html
Orléans,Arrivées,Louis CHANET,France,Pilier,23 ans,Valence Romans,https://www.allrugby.com/joueurs/louis-chanet-18219.html
Orléans,Arrivées,Tom BELKESSA,France,Talonneur,19 ans,Clermont,https://www.allrugby.com/joueurs/tom-belkessa-15386.html
Orléans,Arrivées,Mateo LORENZO,Argentine,2ème ligne,22 ans,Prêté par Montauban,https://www.allrugby.com/joueurs/mateo-lorenzo-15489.html
Orléans,Arrivées,Lenny KOUROUMA,France,3ème ligne,23 ans,Tyrosse,https://www.allrugby.com/joueurs/lenny-kourouma-16423.html
Orléans,Arrivées,Alexis BÉROT,France,Mêlée,23 ans,Anglet,https://www.allrugby.com/joueurs/alexis-berot-15759.html
Orléans,Arrivées,Gabin MICHET,France,Ouverture,25 ans,Carcassonne,https://www.allrugby.com/joueurs/gabin-michet-8929.html
Orléans,Arrivées,Tom HENDRICKSON,Nouvelle-Zélande,Centre,31 ans,Biarritz,https://www.allrugby.com/joueurs/tom-hendrickson-5632.html
Orléans,Arrivées,Matthys GRATIEN,France,Ailier,27 ans,Soyaux-Angoulême,https://www.allrugby.com/joueurs/matthys-gratien-8878.html
Orléans,Arrivées,Martim SOUTO,Portugal,Pilier,21 ans,Aurillac,https://www.allrugby.com/joueurs/martim-souto-18017.html
Orléans,Arrivées,Illan ETCHÉCOPAR,France,Mêlée,20 ans,Dax,https://www.allrugby.com/joueurs/illan-etchecopar-18015.html
Orléans,Arrivées,Sebastien TOFAN,Roumanie,Centre,20 ans,Perpignan,https://www.allrugby.com/joueurs/sebastien-tofan-20262.html
Orléans,Départs,Pieter Franz STEMMET,Afrique du sud,Pilier,34 ans,Saint-Malo,https://www.allrugby.com/joueurs/pieter-franz-stemmet-10020.html
Orléans,Départs,Dylan JACQUOT,France,Pilier,31 ans,Tricastin,https://www.allrugby.com/joueurs/dylan-jacquot-3401.html
Orléans,Départs,Nathan GENDRE,France,2ème ligne,26 ans,Albi,https://www.allrugby.com/joueurs/nathan-gendre-9958.html
Orléans,Départs,Jérémie BRASSEUR,France,3ème ligne,26 ans,Suresnes,https://www.allrugby.com/joueurs/jeremie-brasseur-13747.html
Orléans,Départs,Jean-Victor GOILLOT,France,Mêlée,28 ans,N/A,https://www.allrugby.com/joueurs/jean-victor-goillot-5176.html
Orléans,Départs,Ope PELESEUMA,Samoa,Centre,34 ans,N/A,https://www.allrugby.com/joueurs/ope-peleseuma-5094.html
Orléans,Départs,Antoine GRATALOUP,France,Centre,23 ans,Saint-Jean-en-Royans,https://www.allrugby.com/joueurs/antoine-grataloup-15199.html
Orléans,Départs,Bastien PINGOT,France,Ailier,24 ans,N/A,https://www.allrugby.com/joueurs/bastien-pingot-17799.html
Orléans,Départs,Baptiste PINGOT,France,Ailier,22 ans,Soustons,https://www.allrugby.com/joueurs/baptiste-pingot-22653.html
Orléans,Départs,Thibault AMIGORENA,France,Pilier,23 ans,N/A,https://www.allrugby.com/joueurs/thibault-amigorena-18361.html
Orléans,Départs,Jules CASILE,France,Talonneur,21 ans,Tours,https://www.allrugby.com/joueurs/jules-casile-15943.html
Orléans,Départs,Loris DE CONCILIO,France,3ème ligne,22 ans,Saint-Jean-en-Royans,https://www.allrugby.com/joueurs/loris-de-concilio-18368.html
Orléans,Départs,Victor DUMESNIL,France,3ème ligne,22 ans,Tours,https://www.allrugby.com/joueurs/victor-dumesnil-21390.html
Orléans,Départs,Pierre GUILLAUD,France,Ouverture,21 ans,Saint-Jean-en-Royans,https://www.allrugby.com/joueurs/pierre-guillaud-20809.html
Orléans,Départs,Alexandre MONARQUE,France,Ailier,22 ans,N/A,https://www.allrugby.com/joueurs/alexandre-monarque-15373.html
Orléans,Prolongations,Sunia VOLA,Fidji,Pilier,33 ans,2027,https://www.allrugby.com/joueurs/vola-sunia-4704.html
Orléans,Prolongations,Olivier IBAKA YELEZA,République démocratique du Congo,Pilier,27 ans,2027,https://www.allrugby.com/joueurs/olivier-ibaka-yeleza-8480.html
Orléans,Prolongations,Lendi DAKAJ,France,Pilier,24 ans,2027,https://www.allrugby.com/joueurs/lendi-dakaj-10412.html
Orléans,Prolongations,Livai TIKOIPAU,Tonga,Pilier,24 ans,2028,https://www.allrugby.com/joueurs/livai-tikoipau-15081.html
Orléans,Prolongations,Lucas MALBERT,France,Talonneur,25 ans,2027,https://www.allrugby.com/joueurs/lucas-malbert-11843.html
Orléans,Prolongations,Enzo CAMILLERI,France,Talonneur,24 ans,2028,https://www.allrugby.com/joueurs/enzo-camilleri-12439.html
Orléans,Prolongations,Fynn WALSH,Ecosse,Talonneur,24 ans,2028,https://www.allrugby.com/joueurs/fynn-walsh-11044.html
Orléans,Prolongations,Steevy CERQUEIRA,France,2ème ligne,32 ans,2027,https://www.allrugby.com/joueurs/steevy-cerqueira-2247.html
Orléans,Prolongations,Maka POLUTÉLÉ,France,2ème ligne,30 ans,2027,https://www.allrugby.com/joueurs/maka-polutele-3608.html
Orléans,Prolongations,Yanis NYAZ,France,2ème ligne,28 ans,2029,https://www.allrugby.com/joueurs/yanis-nyaz-5531.html
Orléans,Prolongations,Nicolas TACHAT,France,3ème ligne,32 ans,2027,https://www.allrugby.com/joueurs/nicolas-tachat-8732.html
Orléans,Prolongations,Pedro GIANNINI,Argentine,3ème ligne,29 ans,2027,https://www.allrugby.com/joueurs/pedro-giannini-12114.html
Orléans,Prolongations,Pierre BRINGUIER,France,3ème ligne,26 ans,2027,https://www.allrugby.com/joueurs/pierre-bringuier-10940.html
Orléans,Prolongations,Alex TODD,Angleterre,3ème ligne,25 ans,2027,https://www.allrugby.com/joueurs/alex-todd-20781.html
Orléans,Prolongations,Hugo RIVET,France,3ème ligne,23 ans,2027,https://www.allrugby.com/joueurs/hugo-rivet-11840.html
Orléans,Prolongations,Mattéo FAUCHER,France,Centre,27 ans,2027,https://www.allrugby.com/joueurs/matteo-faucher-6067.html
Orléans,Prolongations,Philip WOKORACH,Ouganda,Arrière,32 ans,2027,https://www.allrugby.com/joueurs/philip-wokorach-9838.html
Orléans,Prolongations,Johann HILTRUDE,France,Arrière,21 ans,2028,https://www.allrugby.com/joueurs/johann-hiltrude-20628.html
Orléans,Prolongations,Théo SAUVAGET,France,2ème ligne,19 ans,N/A,https://www.allrugby.com/joueurs/theo-sauvaget-23175.html
Orléans,Prolongations,Arthur PISSOT,France,Mêlée,22 ans,2027,https://www.allrugby.com/joueurs/arthur-pissot-14214.html
Orléans,Prolongations,Tanguy NAINVILLE,France,Mêlée,20 ans,2027,https://www.allrugby.com/joueurs/tanguy-nainville-23159.html
Orléans,Prolongations,Théo ADABA,Belgique,Centre,23 ans,2027,https://www.allrugby.com/joueurs/theo-adaba-15681.html
Orléans,Prolongations,Émilien TRÉZIÈRES,France,Centre,22 ans,2027,https://www.allrugby.com/joueurs/emilien-trezieres-18093.html
Orléans,Prolongations,Matthieu THIBAULT,France,Centre,18 ans,N/A,https://www.allrugby.com/joueurs/matthieu-thibault-23174.html
Orléans,Prolongations,Gaël LYAET,France,Ailier,21 ans,2027,https://www.allrugby.com/joueurs/gael-lyaet-20938.html
Massy,Arrivées,Mees ERASMUS,Afrique du sud,Pilier,32 ans,Niort,https://www.allrugby.com/joueurs/mees-erasmus-6854.html
Massy,Arrivées,Lucas POISSON,France,Talonneur,24 ans,Rouen,https://www.allrugby.com/joueurs/lucas-poisson-14508.html
Massy,Arrivées,Noé BEDOU,France,3ème ligne,25 ans,Carcassonne,https://www.allrugby.com/joueurs/noe-bedou-7747.html
Massy,Arrivées,Raphaël NIETO,France,3ème ligne,25 ans,Niort,https://www.allrugby.com/joueurs/raphael-nieto-13708.html
Massy,Arrivées,Nika LOMIDZE,Géorgie,3ème ligne,22 ans,Prêté par Bayonne,https://www.allrugby.com/joueurs/nika-lomidze-15265.html
Massy,Arrivées,Raphaël MARCHESIN,France,3ème ligne,20 ans,Bayonne,https://www.allrugby.com/joueurs/raphael-marchesin-18338.html
Massy,Arrivées,Mattéo BORDENAVE,France,Mêlée,22 ans,Périgueux,https://www.allrugby.com/joueurs/matteo-bordenave-17004.html
Massy,Arrivées,Greg HUTLEY,Irlande,Ouverture,25 ans,Périgueux,https://www.allrugby.com/joueurs/greg-hutley-15714.html
Massy,Arrivées,Benjamin GAGNAC,France,Centre,25 ans,Langon,https://www.allrugby.com/joueurs/benjamin-gagnac-20692.html
Massy,Arrivées,Nathan GAGNAC,France,Arrière,24 ans,Langon,https://www.allrugby.com/joueurs/nathan-gagnac-14381.html
Massy,Arrivées,Jonah THOMPSON,Australie,3ème ligne,20 ans,Bayonne,https://www.allrugby.com/joueurs/jonah-thompson-18330.html
Massy,Départs,Cullen COLLOPY,Afrique du sud,Talonneur,33 ans,Monaco (MCO),https://www.allrugby.com/joueurs/cullen-collopy-8233.html
Massy,Départs,Damien GIRIER,France,Talonneur,20 ans,Tricastin,https://www.allrugby.com/joueurs/damien-girier-dufournier-22258.html
Massy,Départs,Achille STOESSEL,France,Talonneur,19 ans,N/A,https://www.allrugby.com/joueurs/achille-stoessel-17304.html
Massy,Départs,Hilan DELBOIS,France,2ème ligne,23 ans,Nantes,https://www.allrugby.com/joueurs/hilan-delbois-17033.html
Massy,Départs,Yohann GBIZIÉ,France,3ème ligne,28 ans,US Verfeil,https://www.allrugby.com/joueurs/yohann-gbizie-7761.html
Massy,Départs,Hugo LOPES,France,3ème ligne,24 ans,Mazamet,https://www.allrugby.com/joueurs/hugo-lopes-14366.html
Massy,Départs,Simon COWLEY,Afrique du sud,3ème ligne,24 ans,N/A,https://www.allrugby.com/joueurs/simon-cowley-12303.html
Massy,Départs,Christian LACOMBE,France,Ouverture,26 ans,N/A,https://www.allrugby.com/joueurs/christian-lacombe-6131.html
Massy,Départs,Anselme CELLIER,France,Ouverture,25 ans,Nevers,https://www.allrugby.com/joueurs/anselme-cellier-20700.html
Massy,Départs,Anthony FAVIER,France,Centre,22 ans,N/A,https://www.allrugby.com/joueurs/anthony-favier-14453.html
Massy,Départs,Alex PREIRA,France,Ailier,27 ans,N/A,https://www.allrugby.com/joueurs/alex-preira-9686.html
Massy,Départs,Luka KOTORASHVILI,Géorgie,Pilier,22 ans,N/A,https://www.allrugby.com/joueurs/luka-kotorashvili-15294.html
Massy,Départs,Nolhan WATAT,France,Pilier,17 ans,Lyon,https://www.allrugby.com/joueurs/nolhan-watat-22086.html
Massy,Départs,Thibaut ANDRAL,France,3ème ligne,21 ans,N/A,https://www.allrugby.com/joueurs/thibaut-andral-14216.html
Massy,Départs,Téo BOUCHERON,France,Mêlée,21 ans,Tricastin,https://www.allrugby.com/joueurs/teo-boucheron-18202.html
Massy,Départs,Virgile GALLEGO DA SILVA,France,Mêlée,17 ans,Aix,https://www.allrugby.com/joueurs/virgile-gallego-da-silva-22597.html
Massy,Départs,Léandre TRUMEAU,France,Centre,18 ans,Toulon,https://www.allrugby.com/joueurs/leandre-trumeau-22481.html
Massy,Départs,Luca GABORIAU,France,Ailier,22 ans,N/A,https://www.allrugby.com/joueurs/luca-gaboriau-18643.html
Massy,Départs,Enzo BLEURVACQ,France,Ailier,21 ans,N/A,https://www.allrugby.com/joueurs/enzo-bleurvacq-16316.html
Périgueux,Arrivées,Dominic ROBERTSON-MCCOY,Nouvelle-Zélande,Pilier,32 ans,Aurillac,https://www.allrugby.com/joueurs/dominic-robertson-mccoy-4796.html
Périgueux,Arrivées,Cole KEITH,Canada,Pilier,29 ans,Doncaster (ANG),https://www.allrugby.com/joueurs/cole-keith-5817.html
Périgueux,Arrivées,Henry SPRING,Fidji,Talonneur,25 ans,Saint-Médard en Jalles,https://www.allrugby.com/joueurs/henry-spring-6587.html
Périgueux,Arrivées,Maël AUGRY,France,Talonneur,21 ans,Soyaux-Angoulême,https://www.allrugby.com/joueurs/mael-augry-14072.html
Périgueux,Arrivées,Victor LEBAS,France,2ème ligne,33 ans,Oyonnax,https://www.allrugby.com/joueurs/victor-lebas-1304.html
Périgueux,Arrivées,Josh PETERS,Angleterre,2ème ligne,30 ans,Langon,https://www.allrugby.com/joueurs/josh-peters-5996.html
Périgueux,Arrivées,Marvin WOKI,France,2ème ligne,29 ans,Suresnes,https://www.allrugby.com/joueurs/marvin-woki-4369.html
Périgueux,Arrivées,Kévin VIALLARD,France,Mêlée,25 ans,Chambéry,https://www.allrugby.com/joueurs/kevin-viallard-6080.html
Périgueux,Arrivées,Lenny VIOLA,France,Mêlée,22 ans,Tarbes,https://www.allrugby.com/joueurs/lenny-viola-14613.html
Périgueux,Arrivées,Tom RAFFY,France,Ouverture,21 ans,Prêté par Brive,https://www.allrugby.com/joueurs/tom-raffy-10862.html
Périgueux,Arrivées,Sirilo LOVOKURO,Fidji,Centre,24 ans,RC Kazbegi (GEO),https://www.allrugby.com/joueurs/sirilo-lovokuro-22572.html
Périgueux,Arrivées,Sam SPRING,France,Centre,23 ans,Biarritz,https://www.allrugby.com/joueurs/sam-spring-20538.html
Périgueux,Arrivées,Quentin PILET,France,Arrière,32 ans,Niort,https://www.allrugby.com/joueurs/quentin-pilet-4729.html
Périgueux,Arrivées,Maxence LAMBOT,France,2ème ligne,21 ans,Paris,https://www.allrugby.com/joueurs/maxence-lambot-22581.html
Périgueux,Arrivées,Noah SCHMITT,France,2ème ligne,20 ans,Bordeaux,https://www.allrugby.com/joueurs/noah-schmitt-18403.html
Périgueux,Arrivées,Colin VIDAL,France,3ème ligne,20 ans,Agen,https://www.allrugby.com/joueurs/colin-vidal-18353.html
Périgueux,Arrivées,Maka PAUGA,France,3ème ligne,20 ans,Paris,https://www.allrugby.com/joueurs/maka-pauga-20802.html
Périgueux,Arrivées,Hugo BOUCHET,France,Ouverture,18 ans,Nevers,https://www.allrugby.com/joueurs/hugo-bouchet-22533.html
Périgueux,Arrivées,Lorenzo NANNI,Italie,Centre,22 ans,Oyonnax,https://www.allrugby.com/joueurs/lorenzo-nanni-14824.html
Périgueux,Arrivées,Arthur MAZIÈRE,France,Centre,20 ans,Boulogne-Billancourt,https://www.allrugby.com/joueurs/arthur-maziere-23242.html
Périgueux,Départs,Kalivati TAWAKE,Fidji,Pilier,37 ans,Saint Jean-de-Luz,https://www.allrugby.com/joueurs/kalivati-tawake-5333.html
Périgueux,Départs,Gonzalo HUGHES,Argentine,Pilier,28 ans,Trévise (ITA),https://www.allrugby.com/joueurs/gonzalo-hughes-17509.html
Périgueux,Départs,Thomas VIDAL,France,Pilier,26 ans,Mazamet,https://www.allrugby.com/joueurs/thomas-vidal-11127.html
Périgueux,Départs,Baptiste NARMAND,France,Talonneur,21 ans,Prêté à Bourg-en-Bresse,https://www.allrugby.com/joueurs/baptiste-narmand-14789.html
Périgueux,Départs,Damien LAVERGNE,France,2ème ligne,34 ans,Rugby Biars Bretenoux Vayrac,https://www.allrugby.com/joueurs/damien-lavergne-1302.html
Périgueux,Départs,Jaco WILLEMSE,Afrique du sud,2ème ligne,30 ans,Bourg-en-Bresse,https://www.allrugby.com/joueurs/jaco-willemse-15740.html
Périgueux,Départs,Raphaël VIEILLEDENT,France,2ème ligne,29 ans,TOAC TOEC,https://www.allrugby.com/joueurs/raphael-vieilledent-8751.html
Périgueux,Départs,Hendri STORM,Afrique du sud,3ème ligne,31 ans,N/A,https://www.allrugby.com/joueurs/hendri-storm-7752.html
Périgueux,Départs,Karl LAMBERT,France,3ème ligne,27 ans,Retraite,https://www.allrugby.com/joueurs/karl-lambert-8361.html
Périgueux,Départs,Nicolas FALTREPT,France,Mêlée,35 ans,Retraite,https://www.allrugby.com/joueurs/nicolas-faltrept-3549.html
Périgueux,Départs,Thibault DULUCQ,France,Mêlée,25 ans,Saint Jean-de-Luz,https://www.allrugby.com/joueurs/thibault-dulucq-14992.html
Périgueux,Départs,Mattéo BORDENAVE,France,Mêlée,22 ans,Massy,https://www.allrugby.com/joueurs/matteo-bordenave-17004.html
Périgueux,Départs,Jaun KOTZÉ,Afrique du sud,Ouverture,34 ans,N/A,https://www.allrugby.com/joueurs/jaun-kotze-7798.html
Périgueux,Départs,Greg HUTLEY,Irlande,Ouverture,25 ans,Massy,https://www.allrugby.com/joueurs/greg-hutley-15714.html
Périgueux,Départs,Cyril COUTURIER,France,Centre,33 ans,Salles,https://www.allrugby.com/joueurs/cyril-couturier-11291.html
Périgueux,Départs,Dorian LAVERNHE,France,Centre,27 ans,Carcassonne,https://www.allrugby.com/joueurs/dorian-lavernhe-5567.html
Périgueux,Départs,Henry TUILAGI,Samoa,Centre,25 ans,Nîmes,https://www.allrugby.com/joueurs/henry-tuilagi-12575.html
Périgueux,Départs,Vincent FOUILLADE,France,Ailier,29 ans,Salles,https://www.allrugby.com/joueurs/vincent-fouillade-10011.html
Périgueux,Départs,Valerio SICILIANO,Italie,Talonneur,22 ans,Retour de prêt Brive,https://www.allrugby.com/joueurs/valerio-siciliano-14954.html
Périgueux,Départs,Paul KORNYELI,France,Talonneur,21 ans,Limoges,https://www.allrugby.com/joueurs/paul-kornyeli-23166.html
Périgueux,Départs,Benjamin DUPLAA,France,Talonneur,18 ans,Peyrehorade,https://www.allrugby.com/joueurs/benjamin-duplaa-23392.html
Périgueux,Départs,Thomas ROUSSEL,France,2ème ligne,22 ans,Sarlat,https://www.allrugby.com/joueurs/thomas-roussel-18307.html
Périgueux,Départs,Dorian PAUL,France,2ème ligne,20 ans,Nérac,https://www.allrugby.com/joueurs/dorian-paul-18349.html
Périgueux,Départs,Marius PICOT,France,Arrière,21 ans,Sarlat,https://www.allrugby.com/joueurs/marius-picot-22527.html
Périgueux,Prolongations,Anthony PELMARD,France,Pilier,30 ans,2028,https://www.allrugby.com/joueurs/anthony-pelmard-11468.html
Périgueux,Prolongations,Martin AUGEIX,France,Pilier,24 ans,2027,https://www.allrugby.com/joueurs/martin-augeix-11211.html
Périgueux,Prolongations,Maxime LANÇON,France,Talonneur,25 ans,2028,https://www.allrugby.com/joueurs/maxime-lancon-11489.html
Périgueux,Prolongations,Clément LANEN,France,3ème ligne,28 ans,2028,https://www.allrugby.com/joueurs/clement-lanen-7763.html
Périgueux,Prolongations,Nahum MERIGAN,Angleterre,3ème ligne,25 ans,2028,https://www.allrugby.com/joueurs/nahum-merigan-8946.html
Périgueux,Prolongations,Antoine BOUTHIER,France,3ème ligne,22 ans,2028,https://www.allrugby.com/joueurs/antoine-bouthier-14797.html
Périgueux,Prolongations,Théo FAUGUEROLLES,France,Ouverture,20 ans,2028,https://www.allrugby.com/joueurs/theo-fauguerolles-17578.html
Périgueux,Prolongations,Nathan VAN DE VEN,France,Centre,23 ans,2028,https://www.allrugby.com/joueurs/nathan-van-de-ven-17620.html
Périgueux,Prolongations,Yoan TÉJÉRINA,France,Centre,20 ans,N/A,https://www.allrugby.com/joueurs/yoan-tejerina-18373.html
Périgueux,Prolongations,Tim GIRESSE,France,Ailier,32 ans,2027,https://www.allrugby.com/joueurs/tim-giresse-3371.html
Périgueux,Prolongations,Yon CAMOU,France,Arrière,24 ans,2028,https://www.allrugby.com/joueurs/yon-camou-14461.html
Périgueux,Prolongations,Lorian BOYER,France,Arrière,22 ans,N/A,https://www.allrugby.com/joueurs/lorian-boyer-17489.html
Périgueux,Prolongations,Cola NAIL,France,Pilier,22 ans,N/A,https://www.allrugby.com/joueurs/cola-nail-18559.html
Périgueux,Prolongations,Louis TAVALEA,France,Pilier,19 ans,N/A,https://www.allrugby.com/joueurs/louis-tavalea-23254.html
Périgueux,Prolongations,Jules BOUCLY,France,Mêlée,20 ans,N/A,https://www.allrugby.com/joueurs/jules-boucly-18326.html
Rennes,Arrivées,Alexandre CANDEL,France,Pilier,25 ans,Niort,https://www.allrugby.com/joueurs/alexandre-candel-13810.html
Rennes,Arrivées,Lilian ROHRHURST,France,Pilier,23 ans,Langon,https://www.allrugby.com/joueurs/lilian-rohrhurst-11348.html
Rennes,Arrivées,César BAUDIN,France,2ème ligne,26 ans,Niort,https://www.allrugby.com/joueurs/cesar-baudin-8220.html
Rennes,Arrivées,Harry GLYNN,Angleterre,Ouverture,24 ans,Suresnes,https://www.allrugby.com/joueurs/harry-glynn-9750.html
Rennes,Arrivées,Sasha LEPEIGNEUL,France,Arrière,25 ans,Aubenas,https://www.allrugby.com/joueurs/sasha-lepeigneul-20757.html
Rennes,Arrivées,Rémi BOUAFFOU,France,Talonneur,21 ans,Aix,https://www.allrugby.com/joueurs/remi-bouaffou-13998.html
Rennes,Arrivées,Thomas RIBEIRO,Portugal,Talonneur,18 ans,Béziers,https://www.allrugby.com/joueurs/thomas-ribeiro-22595.html
Rennes,Arrivées,Enzo ROGNON,France,2ème ligne,20 ans,Perpignan,https://www.allrugby.com/joueurs/enzo-rognon-22849.html
Rennes,Arrivées,Charles PROVOST,France,3ème ligne,21 ans,Grenoble,https://www.allrugby.com/joueurs/charles-provost-22871.html
Rennes,Arrivées,Robin GARNIER,France,3ème ligne,21 ans,La Rochelle,https://www.allrugby.com/joueurs/robin-garnier-16831.html
Rennes,Arrivées,Guydjo VAIRELLES,France,Centre,21 ans,Valence Romans,https://www.allrugby.com/joueurs/guydjo-vairelles-21604.html
Rennes,Arrivées,Rafael DIAS-AUREILLE,France,Ailier,19 ans,Béziers,https://www.allrugby.com/joueurs/rafael-dias-aureille-18218.html
Rennes,Départs,Kévin YAMÉOGO,France,Pilier,29 ans,Albi,https://www.allrugby.com/joueurs/kevin-yameogo-5364.html
Rennes,Départs,Thibault DE SOUSA NARDI,France,Pilier,28 ans,Retraite,https://www.allrugby.com/joueurs/thibault-de-sousa-nardi-8721.html
Rennes,Départs,Abel CHARRIER,France,Pilier,23 ans,Langon,https://www.allrugby.com/joueurs/abel-charrier-17577.html
Rennes,Départs,Gabriel LANTÉ,France,Pilier,23 ans,Anglet,https://www.allrugby.com/joueurs/gabriel-lante-21718.html
Rennes,Départs,Rayan AMARA,France,Pilier,23 ans,Tricastin,https://www.allrugby.com/joueurs/rayan-amara-20600.html
Rennes,Départs,Alexandre FAU,France,Talonneur,30 ans,Retraite,https://www.allrugby.com/joueurs/alexandre-fau-7979.html
Rennes,Départs,Davit ARVELADZE,Géorgie,2ème ligne,23 ans,Black Lion (GEO),https://www.allrugby.com/joueurs/davit-arveladze-12247.html
Rennes,Départs,Johann GRUNDLINGH,Afrique du sud,3ème ligne,30 ans,Peyrehorade,https://www.allrugby.com/joueurs/johann-grundlingh-7913.html
Rennes,Départs,Mathéo LHUILLIER,France,3ème ligne,24 ans,Retraite,https://www.allrugby.com/joueurs/matheo-lhuillier-14136.html
Rennes,Départs,Lucas OLLION,France,Mêlée,27 ans,Genève (SUI),https://www.allrugby.com/joueurs/lucas-ollion-5793.html
Rennes,Départs,Thibault COTTE,France,Mêlée,21 ans,Bourg-en-Bresse,https://www.allrugby.com/joueurs/thibault-cotte-17556.html
Rennes,Départs,Benjamin NOBLE,France,Ouverture,29 ans,Puilboreau,https://www.allrugby.com/joueurs/benjamin-noble-4508.html
Rennes,Départs,Quentin LALARME,France,Ouverture,29 ans,Union Barbezieux Jonzac,https://www.allrugby.com/joueurs/quentin-lalarme-3618.html
Rennes,Départs,Alexis FRANÇOIS,France,Centre,31 ans,Retraite,https://www.allrugby.com/joueurs/aelxis-francois-4567.html
Rennes,Départs,Ryan DUBOIS,France,Centre,29 ans,Retraite,https://www.allrugby.com/joueurs/ryan-dubois-4372.html
Rennes,Départs,Clément CAVALIÈRE,France,Ailier,27 ans,Mont-de-Marsan,https://www.allrugby.com/joueurs/clement-cavaliere-11292.html
Rennes,Départs,Arthur LEROUX,France,Centre,20 ans,Béziers,https://www.allrugby.com/joueurs/arthur-leroux-22698.html
Rennes,Prolongations,Cohen KIEWIT,Afrique du sud,Pilier,27 ans,N/A,https://www.allrugby.com/joueurs/cohen-kiewit-21794.html
Rennes,Prolongations,Tilike TUUGAHALA,France,Talonneur,28 ans,N/A,https://www.allrugby.com/joueurs/patrick-tuugahala-6056.html
Rennes,Prolongations,Gabriel QUESMEL,France,3ème ligne,31 ans,N/A,https://www.allrugby.com/joueurs/gabriel-quesmel-4503.html
Rennes,Prolongations,Lassana CAMARA,France,3ème ligne,21 ans,N/A,https://www.allrugby.com/joueurs/lassana-camara-20946.html
Rennes,Prolongations,Hypolite CORNU,France,Centre,25 ans,N/A,https://www.allrugby.com/joueurs/hypolite-cornu-13743.html
Rennes,Prolongations,Quentin LEBRUN,France,Centre,21 ans,N/A,https://www.allrugby.com/joueurs/quentin-lebrun-21078.html
Rennes,Prolongations,Edwin VÉRITÉ,France,Ailier,24 ans,N/A,https://www.allrugby.com/joueurs/edwin-verite-9685.html
Rennes,Prolongations,Louis HILLMAN-COOPER,Angleterre,Ailier,24 ans,N/A,https://www.allrugby.com/joueurs/louis-hillman-cooper-11799.html
Rouen,Arrivées,Gheorghe GAJION,Moldavie,Pilier,33 ans,Mont-de-Marsan,https://www.allrugby.com/joueurs/gheorghe-gajion-3102.html
Rouen,Arrivées,Sive MAZOSIWE,Afrique du sud,Pilier,29 ans,Marcq-en-Baroeul,https://www.allrugby.com/joueurs/sive-mazosiwe-15069.html
Rouen,Arrivées,Florian BOUGEROL,France,Pilier,28 ans,Niort,https://www.allrugby.com/joueurs/florian-bougerol-8879.html
Rouen,Arrivées,Arnaud FELTRIN,France,Talonneur,30 ans,Niort,https://www.allrugby.com/joueurs/arnaud-feltrin-4444.html
Rouen,Arrivées,Corentin CHABEAUDIE,France,Talonneur,29 ans,Niort,https://www.allrugby.com/joueurs/corentin-chabeaudie-5164.html
Rouen,Arrivées,Paul BELTRAN,France,2ème ligne,25 ans,Albi,https://www.allrugby.com/joueurs/paul-beltran-12323.html
Rouen,Arrivées,Max LESTRO,Fidji,3ème ligne,24 ans,Hokkaido Barbarians (JAP),https://www.allrugby.com/joueurs/max-lestro-12184.html
Rouen,Arrivées,Léo SALVAN,France,Mêlée,23 ans,Aurillac,https://www.allrugby.com/joueurs/leo-salvan-10669.html
Rouen,Arrivées,Tanguy LACOSTE,France,Ouverture,23 ans,Suresnes,https://www.allrugby.com/joueurs/tanguy-lacoste-10866.html
Rouen,Arrivées,Ellande MANCHOT,France,Ouverture,19 ans,Tarbes,https://www.allrugby.com/joueurs/ellande-manchot-21055.html
Rouen,Arrivées,Logan TABET,France,Centre,24 ans,Biella (ITA),https://www.allrugby.com/joueurs/logan-tabet-8042.html
Rouen,Arrivées,Kévin FABIEN,Haïti,Centre,23 ans,Brive,https://www.allrugby.com/joueurs/kevin-fabien-13830.html
Rouen,Arrivées,Wesley DOUGLAS,Angleterre,Ailier,29 ans,Niort,https://www.allrugby.com/joueurs/wesley-douglas-4753.html
Rouen,Arrivées,Florent MASSIP,France,Arrière,32 ans,Bourg-en-Bresse,https://www.allrugby.com/joueurs/florent-massip-6028.html
Rouen,Arrivées,Jules MARGARIT,France,Arrière,25 ans,Bourg-en-Bresse,https://www.allrugby.com/joueurs/jules-margarit-11967.html
Rouen,Arrivées,Mathis CLAVIER,France,Pilier,20 ans,La Rochelle,https://www.allrugby.com/joueurs/mathis-clavier-18552.html
Rouen,Arrivées,Morgan MIGNOT,France,Talonneur,21 ans,Bordeaux,https://www.allrugby.com/joueurs/morgan-mignot-18400.html
Rouen,Arrivées,Jassem SAGHRI,France,3ème ligne,22 ans,Racing 92,https://www.allrugby.com/joueurs/jassem-saghri-14179.html
Rouen,Arrivées,Axel JOLET,France,Ouverture,21 ans,Racing 92,https://www.allrugby.com/joueurs/axel-jolet-15214.html
Rouen,Arrivées,Mahmoud SALAMA SALAH,France,Centre,22 ans,Drancy Saint-Denis,https://www.allrugby.com/joueurs/mahmoud-salama-salah-22772.html
Rouen,Arrivées,Elvis CLOSE,Belgique,Ailier,19 ans,Racing 92,https://www.allrugby.com/joueurs/elvis-close-22847.html
Rouen,Départs,Diego ARBELO,Uruguay,Pilier,31 ans,N/A,https://www.allrugby.com/joueurs/diego-arbelo-8973.html
Rouen,Départs,Nicolas LEMAIRE,France,Pilier,30 ans,Tricastin,https://www.allrugby.com/joueurs/nicolas-lemaire-5246.html
Rouen,Départs,Sidi-Mohammed DIALLO,France,Pilier,22 ans,Montauban,https://www.allrugby.com/joueurs/sidi-mohammed-diallo-9799.html
Rouen,Départs,Jorel PETER-KAMGA,France,Pilier,21 ans,Suresnes,https://www.allrugby.com/joueurs/jorel-peter-kamga-20971.html
Rouen,Départs,Noam PION,France,Pilier,21 ans,Aix,https://www.allrugby.com/joueurs/noam-pion-20333.html
Rouen,Départs,Germán KESSLER,Uruguay,Talonneur,32 ans,N/A,https://www.allrugby.com/joueurs/german-kessler-3839.html
Rouen,Départs,Mathieu BONNOT,France,Talonneur,31 ans,Soyaux-Angoulême,https://www.allrugby.com/joueurs/mathieu-bonnot-2484.html
Rouen,Départs,Lucas POISSON,France,Talonneur,24 ans,Massy,https://www.allrugby.com/joueurs/lucas-poisson-14508.html
Rouen,Départs,Will WITTY,Angleterre,2ème ligne,31 ans,N/A,https://www.allrugby.com/joueurs/will-witty-3251.html
Rouen,Départs,Abdelkarim FOFANA,France,3ème ligne,30 ans,Suresnes,https://www.allrugby.com/joueurs/abdelkarim-fofana-3586.html
Rouen,Départs,Julien RUAUD,France,3ème ligne,28 ans,Genève (SUI),https://www.allrugby.com/joueurs/julien-ruaud-5028.html
Rouen,Départs,Willy N'DIAYE,France,3ème ligne,28 ans,Suresnes,https://www.allrugby.com/joueurs/willy-n-diaye-7089.html
Rouen,Départs,Lucas COSTA,France,3ème ligne,24 ans,Soyaux-Angoulême,https://www.allrugby.com/joueurs/lucas-costa-12041.html
Rouen,Départs,Florent CAMPEGGIA,France,Mêlée,31 ans,Mâcon,https://www.allrugby.com/joueurs/florent-campeggia-4749.html
Rouen,Départs,Ilan EL KHATTABI,France,Mêlée,27 ans,N/A,https://www.allrugby.com/joueurs/ilan-el-khattabi-8200.html
Rouen,Départs,Maxime JAVAUX,France,Ouverture,32 ans,Marcq-en-Baroeul,https://www.allrugby.com/joueurs/maxime-javaux-3645.html
Rouen,Départs,Benjamin PÉHAU,France,Ouverture,29 ans,N/A,https://www.allrugby.com/joueurs/benjamin-pehau-7069.html
Rouen,Départs,Nicolas NIETO,France,Centre,31 ans,N/A,https://www.allrugby.com/joueurs/nicolas-nieto-9378.html
Rouen,Départs,Apisalome VOTA,Fidji,Centre,29 ans,N/A,https://www.allrugby.com/joueurs/apisalome-vota-13096.html
Rouen,Départs,Théo DACHARY,France,Centre,29 ans,Mont-de-Marsan,https://www.allrugby.com/joueurs/theo-dachary-3703.html
Rouen,Départs,Benito MASILEVU,Fidji,Ailier,36 ans,Retraite,https://www.allrugby.com/joueurs/benito-masilevu-2335.html
Rouen,Départs,Benjamin DESCAMPS,France,Ailier,24 ans,Chambéry,https://www.allrugby.com/joueurs/benjamin-descamps-10387.html
Rouen,Départs,Benjamin DEBETZ,France,Arrière,25 ans,Vienne,https://www.allrugby.com/joueurs/benjamin-debetz-8240.html
Rouen,Départs,Aloïs CHAYLA,France,Arrière,24 ans,Suresnes,https://www.allrugby.com/joueurs/alois-chayla-14309.html
Rouen,Départs,Nikoloz TORADZE,Géorgie,Pilier,19 ans,Racing 92,https://www.allrugby.com/joueurs/nikoloz-toradze-22582.html
Rouen,Départs,Mikheil KHAKHUBIA,Géorgie,Talonneur,21 ans,N/A,https://www.allrugby.com/joueurs/mikheil-khakhubia-17762.html
Rouen,Départs,Zsombor KADE,Hongrie,2ème ligne,22 ans,Suresnes,https://www.allrugby.com/joueurs/zsombor-kade-17973.html
Rouen,Départs,Boudewijn VAN OPPENS,Pays-Bas,2ème ligne,18 ans,Vannes,https://www.allrugby.com/joueurs/boudewijn-van-oppens-21266.html
Rouen,Départs,Guillem FERNÁNDEZ GRAU,Belgique,Ouverture,21 ans,Suresnes,https://www.allrugby.com/joueurs/guillem-fernandez-grau-21305.html
Rouen,Départs,Zalán KADE,Hongrie,Centre,20 ans,Montauban,https://www.allrugby.com/joueurs/kade-zalan-16300.html
Rouen,Prolongations,Pierce PHILLIPS,Angleterre,2ème ligne,33 ans,2028,https://www.allrugby.com/joueurs/pierce-phillips-5788.html
Rouen,Prolongations,Corentin VERNET,France,2ème ligne,29 ans,2028,https://www.allrugby.com/joueurs/corentin-vernet-5377.html
Rouen,Prolongations,Jean LELEU,France,2ème ligne,26 ans,2028,https://www.allrugby.com/joueurs/jean-leleu-9729.html
Rouen,Prolongations,Octave LELEU,France,2ème ligne,23 ans,2028,https://www.allrugby.com/joueurs/octave-leleu-14786.html
Rouen,Prolongations,Tienie BURGER,Afrique du sud,3ème ligne,32 ans,2028,https://www.allrugby.com/joueurs/tienie-burger-6325.html
Rouen,Prolongations,Jérémie MUKANDA,France,3ème ligne,21 ans,2028,https://www.allrugby.com/joueurs/jeremie-mukanda-18628.html
Rouen,Prolongations,Soïg MINGANT,France,3ème ligne,21 ans,2028,https://www.allrugby.com/joueurs/soig-mingant-18805.html
Rouen,Prolongations,Killian LAISNÉ,France,3ème ligne,20 ans,2028,https://www.allrugby.com/joueurs/killian-laisne-21515.html
Rouen,Prolongations,Raphaël CANDELLARO,France,Mêlée,22 ans,2028,https://www.allrugby.com/joueurs/raphael-candellaro-14182.html
Rouen,Prolongations,Gauthier LELONG,France,Centre,22 ans,2028,https://www.allrugby.com/joueurs/gauthier-lelong-18629.html
Rouen,Prolongations,Marius LELEU,France,Centre,21 ans,2028,https://www.allrugby.com/joueurs/marius-leleu-20313.html
Rouen,Prolongations,Kévin BLY,France,Ailier,30 ans,2028,https://www.allrugby.com/joueurs/kevin-bly-5321.html
Rouen,Prolongations,Milo FAUDEMER,France,Ailier,22 ans,2028,https://www.allrugby.com/joueurs/milo-faudemer-20331.html
Rouen,Prolongations,Marius BUNEL,France,Ailier,20 ans,2028,https://www.allrugby.com/joueurs/marius-bunel-21516.html
Suresnes,Arrivées,Gela MURUSIDZE,Géorgie,Pilier,26 ans,Chambéry,https://www.allrugby.com/joueurs/gela-murusidze-8131.html
Suresnes,Arrivées,Mathis ROUME,France,Pilier,24 ans,Niort,https://www.allrugby.com/joueurs/mathis-roume-11944.html
Suresnes,Arrivées,Alovisio KOLIVAÏ,France,Pilier,22 ans,Vannes,https://www.allrugby.com/joueurs/alovisio-kolivai-17150.html
Suresnes,Arrivées,Jorel PETER-KAMGA,France,Pilier,21 ans,Rouen,https://www.allrugby.com/joueurs/jorel-peter-kamga-20971.html
Suresnes,Arrivées,Yanis GIMENEZ,France,Talonneur,26 ans,Niort,https://www.allrugby.com/joueurs/yanis-gimenez-11632.html
Suresnes,Arrivées,Fabien WITZ,France,2ème ligne,26 ans,Chambéry,https://www.allrugby.com/joueurs/fabien-witz-6955.html
Suresnes,Arrivées,Abdelkarim FOFANA,France,3ème ligne,30 ans,Rouen,https://www.allrugby.com/joueurs/abdelkarim-fofana-3586.html
Suresnes,Arrivées,Willy N'DIAYE,France,3ème ligne,28 ans,Rouen,https://www.allrugby.com/joueurs/willy-n-diaye-7089.html
Suresnes,Arrivées,Jérémie BRASSEUR,France,3ème ligne,26 ans,Orléans,https://www.allrugby.com/joueurs/jeremie-brasseur-13747.html
Suresnes,Arrivées,Waël MAY,France,3ème ligne,26 ans,Bourg-en-Bresse,https://www.allrugby.com/joueurs/wael-may-8433.html
Suresnes,Arrivées,Youssouf YATERA,France,3ème ligne,24 ans,Niort,https://www.allrugby.com/joueurs/youssouf-yatera-15053.html
Suresnes,Arrivées,Bilal SALHI,France,3ème ligne,21 ans,Tarbes,https://www.allrugby.com/joueurs/bilal-salhi-18175.html
Suresnes,Arrivées,Simon BENOIST,France,Mêlée,24 ans,Mâcon,https://www.allrugby.com/joueurs/simon-benoist-11593.html
Suresnes,Arrivées,Joseph EXSHAW,France,Ouverture,23 ans,Chambéry,https://www.allrugby.com/joueurs/joseph-exshaw-13304.html
Suresnes,Arrivées,Lohan SABBIA,France,Ouverture,22 ans,Toulon,https://www.allrugby.com/joueurs/lohan-sabbia-18002.html
Suresnes,Arrivées,Joshua POTDEVIN,France,Centre,23 ans,Aubenas,https://www.allrugby.com/joueurs/joshua-potdevin-13960.html
Suresnes,Arrivées,Nicola BOZZO,Italie,Centre,21 ans,Albi,https://www.allrugby.com/joueurs/nicola-bozzo-14818.html
Suresnes,Arrivées,Julian ROUX,France,Ailier,21 ans,Tarbes,https://www.allrugby.com/joueurs/julian-roux-21079.html
Suresnes,Arrivées,Aloïs CHAYLA,France,Arrière,24 ans,Rouen,https://www.allrugby.com/joueurs/alois-chayla-14309.html
Suresnes,Arrivées,Max AURIAC,France,Arrière,23 ans,Colomiers,https://www.allrugby.com/joueurs/max-auriac-12988.html
Suresnes,Arrivées,Zsombor KADE,Hongrie,2ème ligne,22 ans,Rouen,https://www.allrugby.com/joueurs/zsombor-kade-17973.html
Suresnes,Arrivées,Ollie MCCREA,Australie,2ème ligne,21 ans,Prêté par Paris,https://www.allrugby.com/joueurs/ollie-mccrea-15609.html
Suresnes,Arrivées,Méric CHIFFRIN,France,3ème ligne,20 ans,Paris,https://www.allrugby.com/joueurs/meric-chiffrin-18372.html
Suresnes,Arrivées,Guillem FERNÁNDEZ GRAU,Belgique,Ouverture,21 ans,Rouen,https://www.allrugby.com/joueurs/guillem-fernandez-grau-21305.html
Suresnes,Arrivées,Finn NEWTON,Angleterre,Ouverture,20 ans,Prêté par Toulon,https://www.allrugby.com/joueurs/finn-newton-17958.html
Suresnes,Arrivées,Florian REMUE,Belgique,Ailier,23 ans,Valence d'Agen,https://www.allrugby.com/joueurs/florian-remue-14877.html
Suresnes,Arrivées,Lucas MARQUET,France,Ailier,20 ans,Clermont,https://www.allrugby.com/joueurs/lucas-marquet-21746.html
Suresnes,Départs,Élias COULIBALY,France,Pilier,25 ans,Soyaux-Angoulême,https://www.allrugby.com/joueurs/elias-coulibaly-12191.html
Suresnes,Départs,Nail AUDOIRE,France,Pilier,25 ans,Agen,https://www.allrugby.com/joueurs/nail-audoire-12280.html
Suresnes,Départs,Thibaud SEBIRE,France,Pilier,25 ans,N/A,https://www.allrugby.com/joueurs/thibaud-sebire-15036.html
Suresnes,Départs,Maxime CALLIET,France,Pilier,23 ans,N/A,https://www.allrugby.com/joueurs/maxime-calliet-13683.html
Suresnes,Départs,Efe YESILYURT,France,Pilier,22 ans,Stade Métropolitain,https://www.allrugby.com/joueurs/efe-yesilyurt-21493.html
Suresnes,Départs,Arthur CASTANT,France,Talonneur,27 ans,Retraite,https://www.allrugby.com/joueurs/arthur-castant-5264.html
Suresnes,Départs,Ismaël MARTIN,France,Talonneur,26 ans,Langon,https://www.allrugby.com/joueurs/ismael-martin-9070.html
Suresnes,Départs,Nikita BEKOV,France,2ème ligne,30 ans,Tyrosse,https://www.allrugby.com/joueurs/nikita-bekov-6224.html
Suresnes,Départs,Marvin WOKI,France,2ème ligne,29 ans,Périgueux,https://www.allrugby.com/joueurs/marvin-woki-4369.html
Suresnes,Départs,Sacha YAHI,France,2ème ligne,26 ans,N/A,https://www.allrugby.com/joueurs/sacha-yahi-8255.html
Suresnes,Départs,Damien BOZIC,France,2ème ligne,23 ans,Agen,https://www.allrugby.com/joueurs/damien-bozic-15052.html
Suresnes,Départs,Simon VEYRAC,France,3ème ligne,28 ans,N/A,https://www.allrugby.com/joueurs/simon-veyrac-8545.html
Suresnes,Départs,Jean-Baptiste LACHAISE,France,3ème ligne,25 ans,Albi,https://www.allrugby.com/joueurs/jean-baptiste-lachaise-7940.html
Suresnes,Départs,Corentin ROUGIER,France,3ème ligne,22 ans,Vichy,https://www.allrugby.com/joueurs/corentin-rougier-15379.html
Suresnes,Départs,Enzo MOREAU,France,3ème ligne,22 ans,Albi,https://www.allrugby.com/joueurs/enzo-moreau-21039.html
Suresnes,Départs,Noureddine AGSIB,France,3ème ligne,22 ans,N/A,https://www.allrugby.com/joueurs/noureddine-agsib-17839.html
Suresnes,Départs,Théo BACHIRI,France,Mêlée,23 ans,Bourg-en-Bresse,https://www.allrugby.com/joueurs/theo-bachiri-15055.html
Suresnes,Départs,Jean CHEZEAU,France,Ouverture,25 ans,N/A,https://www.allrugby.com/joueurs/jean-chezeau-8225.html
Suresnes,Départs,Harry GLYNN,Angleterre,Ouverture,24 ans,Rennes,https://www.allrugby.com/joueurs/harry-glynn-9750.html
Suresnes,Départs,Tanguy LACOSTE,France,Ouverture,23 ans,Rouen,https://www.allrugby.com/joueurs/tanguy-lacoste-10866.html
Suresnes,Départs,Mathéo BESIN,France,Ouverture,22 ans,N/A,https://www.allrugby.com/joueurs/matheo-besin-21815.html
Suresnes,Départs,Gauthier WOLF,France,Centre,24 ans,N/A,https://www.allrugby.com/joueurs/gauthier-wolf-12130.html
Suresnes,Départs,Hugo NAVIZET,France,Centre,24 ans,Narbonne,https://www.allrugby.com/joueurs/hugo-navizet-11006.html
Suresnes,Départs,Yohan FOURNIER,France,Ailier,28 ans,Aubenas,https://www.allrugby.com/joueurs/yohan-fournier-10054.html
Suresnes,Départs,Baptiste CHALMANDRIER,France,Ailier,23 ans,N/A,https://www.allrugby.com/joueurs/baptiste-chalmandrier-21495.html
Suresnes,Départs,Thomas BAUDY,France,Arrière,28 ans,N/A,https://www.allrugby.com/joueurs/thomas-baudy-9920.html
Suresnes,Départs,Antonin CHEVALLIER,France,Arrière,23 ans,N/A,https://www.allrugby.com/joueurs/antonin-chevallier-21496.html
Suresnes,Départs,Simon CAILLAUD,France,2ème ligne,20 ans,Tours,https://www.allrugby.com/joueurs/simon-caillaud-23257.html
Suresnes,Prolongations,Guiterembi VICKOS,France,Pilier,34 ans,2027,https://www.allrugby.com/joueurs/guiterembi-vickos-10983.html
Suresnes,Prolongations,Oumar MANÉ,France,Pilier,22 ans,2028,https://www.allrugby.com/joueurs/oumar-mane-21492.html
Suresnes,Prolongations,Yanis TRABELSI,France,Pilier,22 ans,2028,https://www.allrugby.com/joueurs/yanis-trabelsi-13834.html
Suresnes,Prolongations,Antoine MARTY-RYBAK,France,Talonneur,25 ans,2027,https://www.allrugby.com/joueurs/antoine-marty-rybak-10723.html
Suresnes,Prolongations,Lilian DJOMBOUÉ,France,Talonneur,24 ans,2027 + 1 an en option,https://www.allrugby.com/joueurs/lilian-djomboue-12262.html
Suresnes,Prolongations,Maximilien HENDRICKX,Belgique,2ème ligne,29 ans,2028,https://www.allrugby.com/joueurs/maximilien-hendrickx-9351.html
Suresnes,Prolongations,Wian VOSLOO,Afrique du sud,3ème ligne,31 ans,2027,https://www.allrugby.com/joueurs/wian-vosloo-6806.html
Suresnes,Prolongations,Florian DESBORDES,France,3ème ligne,30 ans,2027,https://www.allrugby.com/joueurs/florian-desbordes-5560.html
Suresnes,Prolongations,Raphaël TERRASSIN,France,3ème ligne,22 ans,2027,https://www.allrugby.com/joueurs/raphael-terrassin-21494.html
Suresnes,Prolongations,Maxime VACQUIER,France,Centre,23 ans,2027,https://www.allrugby.com/joueurs/maxime-vacquier-16405.html
Suresnes,Prolongations,Bryan ARNAUD,France,Centre,21 ans,2027,https://www.allrugby.com/joueurs/bryan-arnaud-20838.html
Suresnes,Prolongations,Faraj FARTASS,France,Ailier,29 ans,2028,https://www.allrugby.com/joueurs/faraj-fartass-4447.html
Suresnes,Prolongations,Alexis CLÉMENT,France,Ailier,26 ans,2027,https://www.allrugby.com/joueurs/alexis-clement-11369.html
Suresnes,Prolongations,Irakli USUBIANI,Géorgie,Talonneur,21 ans,2028,https://www.allrugby.com/joueurs/irakli-usubyan-18494.html
Vienne,Arrivées,Mosa'ati MOALA,Tonga,2ème ligne,24 ans,Aurillac,https://www.allrugby.com/joueurs/mosa-ati-moala-9780.html
Vienne,Arrivées,Gautier LAVIE,France,Ouverture,19 ans,Agen,https://www.allrugby.com/joueurs/gautier-lavie-15454.html
Vienne,Arrivées,Arthur NENNIG,France,Ailier,25 ans,Chambéry,https://www.allrugby.com/joueurs/arthur-nennig-11597.html
Vienne,Arrivées,Lilian PICHON,France,Ailier,24 ans,Carcassonne,https://www.allrugby.com/joueurs/lilian-pichon-14798.html
Vienne,Arrivées,Alexis BOUTON,France,Ailier,21 ans,Nice,https://www.allrugby.com/joueurs/alexis-bouton-18246.html
Vienne,Arrivées,Benjamin DEBETZ,France,Arrière,25 ans,Rouen,https://www.allrugby.com/joueurs/benjamin-debetz-8240.html
Vienne,Arrivées,Chuck ODUM,Nigéria,Pilier,20 ans,Valence Romans,https://www.allrugby.com/joueurs/chuck-odum-17891.html
Vienne,Arrivées,Ronald SHARMA,Fidji,3ème ligne,22 ans,Perpignan,https://www.allrugby.com/joueurs/ronald-sharma-16875.html
Vienne,Arrivées,Gabin CAME,France,Mêlée,21 ans,Montpellier,https://www.allrugby.com/joueurs/gabin-came-17830.html
Vienne,Arrivées,Liam DUNCAN,Belgique,Ouverture,21 ans,Niort,https://www.allrugby.com/joueurs/liam-duncan-21574.html
Vienne,Arrivées,Hugo RAUCAZ,France,Ouverture,20 ans,Béziers,https://www.allrugby.com/joueurs/hugo-raucaz-18217.html
Vienne,Arrivées,Aubin HÉRARD,France,Ouverture,19 ans,Lyon,https://www.allrugby.com/joueurs/aubin-herard-23135.html
Vienne,Arrivées,Mattéo CECCARELLI,France,Centre,21 ans,Aix,https://www.allrugby.com/joueurs/matteo-ceccarelli-18182.html
Vienne,Départs,Guram KAVTIDZE,Géorgie,Pilier,39 ans,Beaurepaire,https://www.allrugby.com/joueurs/guram-kavtidze-1438.html
Vienne,Départs,Hippolyte MASSA,France,Ailier,25 ans,Saint-Jean-en-Royans,https://www.allrugby.com/joueurs/hippolyte-massa-13794.html
Vienne,Départs,Antton DUCOURNAU,France,Ailier,24 ans,Rumilly,https://www.allrugby.com/joueurs/antton-ducournau-14247.html
Vienne,Départs,Yoan VINAS,France,Arrière,22 ans,Céret,https://www.allrugby.com/joueurs/yoan-vinas-16406.html
Vienne,Départs,Kamel MAHFOUDHI,France,Pilier,23 ans,Tricastin,https://www.allrugby.com/joueurs/kamel-mahfoudhi-23293.html
Vienne,Départs,Stanislas PORA,France,Pilier,23 ans,N/A,https://www.allrugby.com/joueurs/stanislas-pora-20936.html
Vienne,Départs,Alexandre TRAYNARD,France,Pilier,22 ans,N/A,https://www.allrugby.com/joueurs/alexandre-traynard-20573.html
Vienne,Départs,Léo BOULLIER,France,Talonneur,21 ans,Genève (SUI),https://www.allrugby.com/joueurs/leo-boullier-16293.html
Vienne,Départs,Yavi LAURENT,France,3ème ligne,22 ans,Rugby Saint-Jeannais,https://www.allrugby.com/joueurs/yavi-laurent-20712.html
Vienne,Départs,Baptiste BERTHIER,France,Ouverture,23 ans,Rugby Saint-Jeannais,https://www.allrugby.com/joueurs/baptiste-berthier-17599.html
Vienne,Départs,Clément GARNIER,France,Ouverture,22 ans,Rumilly,https://www.allrugby.com/joueurs/clement-garnier-17468.html
Vienne,Départs,Mathys PASTOR,France,Ouverture,20 ans,Rugby Saint-Jeannais,https://www.allrugby.com/joueurs/mathys-pastor-20574.html
Vienne,Départs,Lucas SOUQUIÈRES,France,Centre,22 ans,Nuits-Saint-Georges,https://www.allrugby.com/joueurs/lucas-souquieres-20828.html
Vienne,Départs,Jules TINEL,France,Ailier,21 ans,Andrézieux-Bouthéon,https://www.allrugby.com/joueurs/jules-tinel-18060.html
Vienne,Prolongations,Benjamin ROBIN,France,Pilier,31 ans,2027,https://www.allrugby.com/joueurs/benjamin-robin-4682.html
Vienne,Prolongations,Florent DALMASSO,France,Pilier,29 ans,2027,https://www.allrugby.com/joueurs/florent-dalmasso-8350.html
Vienne,Prolongations,Louan CAPUANO,France,Pilier,25 ans,2028,https://www.allrugby.com/joueurs/louan-capuano-14074.html
Vienne,Prolongations,Thomas LITHAUD,France,Pilier,25 ans,2027 + 1 an en option,https://www.allrugby.com/joueurs/thomas-lithaud-10750.html
Vienne,Prolongations,Florian MAFFRE,France,Pilier,22 ans,2027,https://www.allrugby.com/joueurs/florian-maffre-14325.html
Vienne,Prolongations,Roydon SWIFT,Afrique du sud,Pilier,22 ans,2027,https://www.allrugby.com/joueurs/roydon-swift-15269.html
Vienne,Prolongations,Pierre BOURQUIN,France,Talonneur,28 ans,2028,https://www.allrugby.com/joueurs/pierre-bourquin-13875.html
Vienne,Prolongations,Étienne NARMAND,France,Talonneur,24 ans,2027,https://www.allrugby.com/joueurs/etienne-narmand-14187.html
Vienne,Prolongations,Alex BONNARD,France,Talonneur,22 ans,2027,https://www.allrugby.com/joueurs/alex-bonnard-12179.html
Vienne,Prolongations,Ciaran O'FLYNN,France,2ème ligne,30 ans,2027,https://www.allrugby.com/joueurs/ciaran-o-flynn-4623.html
Vienne,Prolongations,Lui OKEAMOA-LUAMANU,Samoa,2ème ligne,29 ans,2028,https://www.allrugby.com/joueurs/lui-okeamoa-luamanu-10361.html
Vienne,Prolongations,Semi RAMACAKE,Fidji,2ème ligne,23 ans,2027,https://www.allrugby.com/joueurs/semi-ramacake-14218.html
Vienne,Prolongations,Théo MINODIER,France,3ème ligne,31 ans,2027,https://www.allrugby.com/joueurs/theo-minodier-16788.html
Vienne,Prolongations,Pierre CHAPELLE,France,3ème ligne,30 ans,2027,https://www.allrugby.com/joueurs/pierre-chapelle-13962.html
Vienne,Prolongations,Bynjamin RABATEL,France,3ème ligne,28 ans,2027,https://www.allrugby.com/joueurs/bynjamin-rabatel-7677.html
Vienne,Prolongations,Léon PEYRAT,France,3ème ligne,26 ans,2027,https://www.allrugby.com/joueurs/leon-peyrat-10067.html
Vienne,Prolongations,Joaquim SELMA,France,3ème ligne,24 ans,2028,https://www.allrugby.com/joueurs/joaquim-selma-10917.html
Vienne,Prolongations,Mathis ARNAL,France,3ème ligne,23 ans,2027,https://www.allrugby.com/joueurs/mathis-arnal-16845.html
Vienne,Prolongations,Thomas LACROIX,France,Mêlée,29 ans,2027,https://www.allrugby.com/joueurs/thomas-lacroix-8232.html
Vienne,Prolongations,Hugo DESCHAUX,France,Mêlée,26 ans,2027,https://www.allrugby.com/joueurs/hugo-deschaux-10270.html
Vienne,Prolongations,Clément DOUCET,France,Ouverture,25 ans,2027 + 1 an en option,https://www.allrugby.com/joueurs/clement-doucet-11777.html
Vienne,Prolongations,Romain LEVÊQUE,France,Centre,34 ans,2027,https://www.allrugby.com/joueurs/romain-leveque-2185.html
Vienne,Prolongations,Matthias GIOVALE,France,Centre,27 ans,2028,https://www.allrugby.com/joueurs/matthias-giovale-8587.html
Vienne,Prolongations,Loris PRIN,France,Centre,23 ans,2028,https://www.allrugby.com/joueurs/loris-prin-14102.html
Vienne,Prolongations,Antoine GRANGE,France,Ailier,31 ans,2027,https://www.allrugby.com/joueurs/antoine-grange-6998.html
Vienne,Prolongations,Jules DORRIVAL,France,Arrière,29 ans,2028,https://www.allrugby.com/joueurs/jules-dorrival-8359.html
Vienne,Prolongations,Enzo BAILLY,France,Pilier,24 ans,2028,https://www.allrugby.com/joueurs/enzo-bailly-11753.html
Vienne,Prolongations,Ilyess EL OUARDY,France,Pilier,20 ans,2028,https://www.allrugby.com/joueurs/ilyess-el-ouardy-22087.html
Vienne,Prolongations,Briag SCOLAN,France,Talonneur,22 ans,2027,https://www.allrugby.com/joueurs/briag-scolan-20272.html
Vienne,Prolongations,Enzo FELLI,France,2ème ligne,20 ans,2027,https://www.allrugby.com/joueurs/enzo-felli-20073.html
Vienne,Prolongations,Nallé BARTIN,France,3ème ligne,21 ans,2027,https://www.allrugby.com/joueurs/nalle-bartin-20669.html
Vienne,Prolongations,Liam SEIXAS,France,Mêlée,21 ans,2027,https://www.allrugby.com/joueurs/liam-seixas-20501.html
Mâcon,Arrivées,Nassim AANIKID,France,Pilier,30 ans,La Seyne,https://www.allrugby.com/joueurs/nassim-aanikid-4535.html
Mâcon,Arrivées,Benoît FONTANELLE,France,Pilier,25 ans,Stade Métropolitain,https://www.allrugby.com/joueurs/benoit-fontanelle-11731.html
Mâcon,Arrivées,Sione ANGA'AELANGI,Nouvelle-Zélande,Talonneur,37 ans,Nice,https://www.allrugby.com/joueurs/sione-anga-aelangi-4762.html
Mâcon,Arrivées,Josaia CAMA,Fidji,2ème ligne,28 ans,Salles,https://www.allrugby.com/joueurs/josaia-cama-4423.html
Mâcon,Arrivées,Florent CAMPEGGIA,France,Mêlée,31 ans,Rouen,https://www.allrugby.com/joueurs/florent-campeggia-4749.html
Mâcon,Arrivées,Misaele PETERO,Fidji,Centre,30 ans,sans club,https://www.allrugby.com/joueurs/misaele-petero-13862.html
Mâcon,Arrivées,Anthony LAVAUX,France,Centre,26 ans,Niort,https://www.allrugby.com/joueurs/anthony-lavaux-11707.html
Mâcon,Arrivées,Ruben KEMMOE,France,Talonneur,20 ans,Clermont,https://www.allrugby.com/joueurs/ruben-kemmoe-23104.html
Mâcon,Arrivées,Mathéo TILLIER,France,Mêlée,21 ans,Nevers,https://www.allrugby.com/joueurs/matheo-tillier-23149.html
Mâcon,Arrivées,Matthieu ALLÈNE,France,Mêlée,20 ans,Perpignan,https://www.allrugby.com/joueurs/matthieu-allene-23128.html
Mâcon,Arrivées,Mathieu DEMONT,France,Ouverture,20 ans,Clermont,https://www.allrugby.com/joueurs/mathieu-demont-23306.html
Mâcon,Arrivées,Milan THOMASSON,France,Ailier,19 ans,XV de la Dombes,https://www.allrugby.com/joueurs/milan-thomasson-23341.html
Mâcon,Départs,Taniela KOROI,Fidji,Pilier,36 ans,Chalon-sur-Saône,https://www.allrugby.com/joueurs/taniela-koroi-3968.html
Mâcon,Départs,Sunia VULI,Fidji,Pilier,25 ans,N/A,https://www.allrugby.com/joueurs/sunia-vuli-10747.html
Mâcon,Départs,Bruno SANTACAPITA,Argentine,Talonneur,36 ans,N/A,https://www.allrugby.com/joueurs/bruno-santacapita-12200.html
Mâcon,Départs,Tiko BATIBASAGA,Fidji,2ème ligne,25 ans,Nantes,https://www.allrugby.com/joueurs/tiko-batibasaga-9766.html
Mâcon,Départs,Ayoub RAHAL,France,2ème ligne,23 ans,Saint-Claude,https://www.allrugby.com/joueurs/ayoub-rahal-21117.html
Mâcon,Départs,Eliott RENOUD-LYAT,France,Mêlée,24 ans,N/A,https://www.allrugby.com/joueurs/eliott-renoud-lyat-10064.html
Mâcon,Départs,Simon BENOIST,France,Mêlée,24 ans,Suresnes,https://www.allrugby.com/joueurs/simon-benoist-11593.html
Mâcon,Départs,Timothé RIFON,Belgique,Mêlée,24 ans,Langon,https://www.allrugby.com/joueurs/timothe-rifon-12197.html
Mâcon,Départs,Adriaan VAN DER BANK,Afrique du sud,Ouverture,29 ans,Bourg-en-Bresse,https://www.allrugby.com/joueurs/adriaan-van-der-bank-15715.html
Mâcon,Départs,Paul MENDLOWICTZ,France,Pilier,21 ans,Chalon-sur-Saône,https://www.allrugby.com/joueurs/paul-mendlowictz-23311.html
Mâcon,Départs,Adisson MOLANGA KITIMA,République démocratique du Congo,Centre,20 ans,Pamiers,https://www.allrugby.com/joueurs/adisson-molanga-kitima-20479.html
Mâcon,Prolongations,Luigi STRAGIOTTI,France,Pilier,33 ans,2027,https://www.allrugby.com/joueurs/luigi-stragiotti-2487.html
Mâcon,Prolongations,Fabien VIAL,France,Pilier,31 ans,2027,https://www.allrugby.com/joueurs/fabien-vial-4408.html
Mâcon,Prolongations,Grégory QUÉRIN,France,Pilier,31 ans,2027,https://www.allrugby.com/joueurs/gregory-querin-4484.html
Mâcon,Prolongations,Maxime VILLAIN,France,Talonneur,24 ans,2028,https://www.allrugby.com/joueurs/maxime-villain-14362.html
Mâcon,Prolongations,Léo ANGELS-PUJOL,France,2ème ligne,31 ans,2028,https://www.allrugby.com/joueurs/leo-angels-pujol-5278.html
Mâcon,Prolongations,Werner KOTZE,Afrique du sud,2ème ligne,30 ans,2028,https://www.allrugby.com/joueurs/werner-kotze-8716.html
Mâcon,Prolongations,Lucas MARTINEZ,France,3ème ligne,30 ans,2027,https://www.allrugby.com/joueurs/lucas-martinez-6170.html
Mâcon,Prolongations,Nicolas JAECK,France,3ème ligne,26 ans,2027,https://www.allrugby.com/joueurs/nicolas-jaeck-15546.html
Mâcon,Prolongations,Mathéo FORAY,France,3ème ligne,25 ans,2028,https://www.allrugby.com/joueurs/matheo-foray-11918.html
Mâcon,Prolongations,Revan OZBAHAR,France,3ème ligne,24 ans,2027,https://www.allrugby.com/joueurs/revan-ozbahar-14298.html
Mâcon,Prolongations,Émile CANIVET,France,3ème ligne,22 ans,2027,https://www.allrugby.com/joueurs/emile-canivet-21113.html
Mâcon,Prolongations,Florian LAVAUX,France,Ouverture,30 ans,2028,https://www.allrugby.com/joueurs/florian-lavaux-5523.html
Mâcon,Prolongations,Cameron GREGORY-RING,Angleterre,Centre,30 ans,2027,https://www.allrugby.com/joueurs/cameron-ring-7848.html
Mâcon,Prolongations,Save TOTOVOSAU,Fidji,Ailier,30 ans,2028,https://www.allrugby.com/joueurs/save-totovosau-9530.html
Mâcon,Prolongations,Hamza MARTIN,France,Ailier,29 ans,2027,https://www.allrugby.com/joueurs/martin-hamza-8538.html
Mâcon,Prolongations,Samuel MARTIN,France,Ailier,26 ans,2027,https://www.allrugby.com/joueurs/samuel-martin-15399.html
Mâcon,Prolongations,Yvan DELACRUZ,France,Ailier,23 ans,2027,https://www.allrugby.com/joueurs/yvan-delacruz-17573.html
Mâcon,Prolongations,Paul LAULOGNON,France,3ème ligne,21 ans,2027,https://www.allrugby.com/joueurs/paul-laulognon-14135.html
Mâcon,Prolongations,Sandro BUSCONI,France,3ème ligne,21 ans,2027,https://www.allrugby.com/joueurs/sandro-busconi-20711.html
Mâcon,Prolongations,Thibault LE GALLÉE,France,Arrière,23 ans,2028,https://www.allrugby.com/joueurs/thibault-le-gallee-14154.html
Annonay,Arrivées,Caique Silva SEGURA,Brésil,Pilier,32 ans,La Seyne,https://www.allrugby.com/joueurs/caique-silva-segura-12193.html
Annonay,Arrivées,Avto GOGIASHVILI,Géorgie,Pilier,24 ans,Tulle,https://www.allrugby.com/joueurs/avto-gogiashvili-12376.html
Annonay,Arrivées,Napolioni BAKEWA,Fidji,2ème ligne,32 ans,Bédarrides - Châteauneuf-du-Pape,https://www.allrugby.com/joueurs/napolioni-bakewa-21348.html
Annonay,Arrivées,Rémi FARCONNET,France,2ème ligne,29 ans,Drancy Saint-Denis,https://www.allrugby.com/joueurs/remi-farconnet-23379.html
Annonay,Arrivées,Chris MINIMBI,Fidji,2ème ligne,26 ans,Niort,https://www.allrugby.com/joueurs/chris-minimbi-7990.html
Annonay,Arrivées,Kévin KORNATH,France,3ème ligne,29 ans,sans club,https://www.allrugby.com/joueurs/kevin-kornath-4617.html
Annonay,Arrivées,Julien PAUL,France,3ème ligne,26 ans,Hunter Wildfires (AUS),https://www.allrugby.com/joueurs/julien-paul-10410.html
Annonay,Arrivées,Kamil BOUREGBA,France,3ème ligne,26 ans,Bourgoin,https://www.allrugby.com/joueurs/kamli-bouregba-8155.html
Annonay,Arrivées,Diego PINHEIRO RUIZ,France,3ème ligne,22 ans,Aix,https://www.allrugby.com/joueurs/diego-pinheiro-ruiz-16471.html
Annonay,Arrivées,Lucio LIPORACE,Espagne,Centre,25 ans,Bagnères,https://www.allrugby.com/joueurs/lucio-liporace-18131.html
Annonay,Arrivées,Adrian FUGIT,France,Ailier,23 ans,Bourgoin,https://www.allrugby.com/joueurs/adrian-fugit-17469.html
Annonay,Arrivées,Nicolas LEBARD,France,Ouverture,21 ans,Bourgoin,https://www.allrugby.com/joueurs/nicolas-lebard-23415.html
Annonay,Arrivées,Baptiste FREYDIER,France,Centre,22 ans,Bédarrides - Châteauneuf-du-Pape,https://www.allrugby.com/joueurs/baptiste-freydier-22747.html
Annonay,Arrivées,Gabriel BLAYE,France,Centre,21 ans,Valence Romans,https://www.allrugby.com/joueurs/gabriel-blaye-17885.html
Annonay,Arrivées,Myrtho LINGUET,France,Ailier,22 ans,Chartres,https://www.allrugby.com/joueurs/myrtho-linguet-16389.html
Annonay,Départs,Matias DITTUS,Chili,Pilier,32 ans,N/A,https://www.allrugby.com/joueurs/matias-dittus-12417.html
Annonay,Départs,Tristan GANGNARD,France,Talonneur,24 ans,N/A,https://www.allrugby.com/joueurs/tristan-gangnard-14239.html
Annonay,Départs,Florent LENAERTZ,Belgique,2ème ligne,28 ans,N/A,https://www.allrugby.com/joueurs/florent-lenaertz-14162.html
Annonay,Départs,Nathan SÉGOR,France,2ème ligne,28 ans,N/A,https://www.allrugby.com/joueurs/nathan-segor-6223.html
Annonay,Départs,Junior TA'AVILI,Australie,3ème ligne,39 ans,Tournon,https://www.allrugby.com/joueurs/junior-taavili-4399.html
Annonay,Départs,Thibault CHAPUIS,France,3ème ligne,30 ans,Retraite,https://www.allrugby.com/joueurs/thibault-chapuis-22553.html
Annonay,Départs,Théo BEY,France,3ème ligne,28 ans,N/A,https://www.allrugby.com/joueurs/theo-bey-8230.html
Annonay,Départs,Sione FUNAKI,Tonga,3ème ligne,25 ans,Nîmes,https://www.allrugby.com/joueurs/sione-funaki-22691.html
Annonay,Départs,Julien ONUTU,France,Centre,34 ans,Bassin de Crussol Rugby,https://www.allrugby.com/joueurs/julien-onutu-22705.html
Annonay,Départs,Godfrey RAMABOEA,Afrique du sud,Centre,31 ans,N/A,https://www.allrugby.com/joueurs/godfrey-ramaboea-22706.html
Annonay,Départs,Lucas COUSIN,France,Centre,30 ans,Rodez,https://www.allrugby.com/joueurs/lucas-cousin-3517.html
Annonay,Départs,Nicolas ONUTU,France,Ailier,30 ans,Aubenas,https://www.allrugby.com/joueurs/nicolas-onutu-7573.html
Annonay,Départs,Justin PACCARD,France,Talonneur,22 ans,Tournon,https://www.allrugby.com/joueurs/justin-paccard-22707.html
Annonay,Prolongations,Loïc REYNAUD,France,Pilier,31 ans,2027,https://www.allrugby.com/joueurs/loic-reynaud-9659.html
Annonay,Prolongations,Djordan BELLE,France,Pilier,28 ans,2027,https://www.allrugby.com/joueurs/djordan-belle-8695.html
Annonay,Prolongations,Beka BERUASHVILI,Géorgie,Pilier,27 ans,2027,https://www.allrugby.com/joueurs/beka-beruashvili-22555.html
Annonay,Prolongations,Maxime ROUX,France,Pilier,26 ans,2027,https://www.allrugby.com/joueurs/maxime-roux-23102.html
Annonay,Prolongations,Constand RATEL,France,Pilier,24 ans,2027,https://www.allrugby.com/joueurs/constand-ratel-11624.html
Annonay,Prolongations,Maxime MENOTTI,France,Pilier,23 ans,2027,https://www.allrugby.com/joueurs/maxime-menotti-15324.html
Annonay,Prolongations,Elandre HUGGETT,Afrique du sud,Talonneur,34 ans,2027,https://www.allrugby.com/joueurs/elandre-huggett-7957.html
Annonay,Prolongations,Simon HÉRITIER,France,Talonneur,29 ans,2027,https://www.allrugby.com/joueurs/simon-heritier-8397.html
Annonay,Prolongations,Francis ROLLAND,France,2ème ligne,25 ans,2027,https://www.allrugby.com/joueurs/francis-rolland-11463.html
Annonay,Prolongations,Étienne SYLVESTRE,France,3ème ligne,29 ans,2027,https://www.allrugby.com/joueurs/etienne-sylvestre-9865.html
Annonay,Prolongations,Steven GIROUD,France,3ème ligne,27 ans,2027,https://www.allrugby.com/joueurs/steven-giroud-4844.html
Annonay,Prolongations,Guilhem VETTORE,France,3ème ligne,24 ans,2027,https://www.allrugby.com/joueurs/guilhem-vettore-11345.html
Annonay,Prolongations,Maxime HOPSORT,France,3ème ligne,23 ans,2027,https://www.allrugby.com/joueurs/maxime-hopsort-14385.html
Annonay,Prolongations,Tavite BALEINADOGO,Fidji,3ème ligne,23 ans,2027,https://www.allrugby.com/joueurs/tavite-baleinadogo-22554.html
Annonay,Prolongations,Malory PIET,France,Mêlée,30 ans,2027,https://www.allrugby.com/joueurs/malory-piet-6952.html
Annonay,Prolongations,Aurélien DEPOUX,France,Mêlée,22 ans,2027,https://www.allrugby.com/joueurs/aurelien-depoux-17688.html
Annonay,Prolongations,Roman ALEYRANGUES,France,Ouverture,30 ans,2027,https://www.allrugby.com/joueurs/roman-aleyrangues-8557.html
Annonay,Prolongations,Julien HERVOUËT,France,Ouverture,29 ans,2027,https://www.allrugby.com/joueurs/julien-hervouet-7768.html
Annonay,Prolongations,Tevita BOSEIWAQA,Fidji,Centre,23 ans,2027,https://www.allrugby.com/joueurs/tevita-boseiwaqa-16509.html
Annonay,Prolongations,Josevani DRAVA,Fidji,Ailier,31 ans,2027,https://www.allrugby.com/joueurs/josevani-drava-22585.html
Annonay,Prolongations,Earvin MATI,France,Ailier,29 ans,2027,https://www.allrugby.com/joueurs/earvin-mati-22578.html
Annonay,Prolongations,Fabien GUILLEMIN,France,Arrière,25 ans,2027,https://www.allrugby.com/joueurs/fabin-guillemin-8868.html
Annonay,Prolongations,François GRANGE,France,Arrière,22 ans,2027,https://www.allrugby.com/joueurs/francois-grange-15747.html
Annonay,Prolongations,Théo FAURE,France,Pilier,21 ans,2027,https://www.allrugby.com/joueurs/theo-faure-16195.html
Annonay,Prolongations,Ateli TUISAMOA,France,Talonneur,21 ans,2027,https://www.allrugby.com/joueurs/ateli-tuisamoa-13721.html
Annonay,Prolongations,Imanol BEY,France,3ème ligne,20 ans,2027,https://www.allrugby.com/joueurs/imanol-bey-22677.html
Annonay,Prolongations,Aubin CANARIO,France,Mêlée,20 ans,2027,https://www.allrugby.com/joueurs/aubin-canario-22995.html
Floirac,Arrivées,Manasa SAULO,Fidji,Pilier,37 ans,Saint-Médard en Jalles,https://www.allrugby.com/joueurs/manasa-saulo-3714.html
Floirac,Arrivées,Enzo SÉGUI,France,Pilier,25 ans,Chambéry,https://www.allrugby.com/joueurs/enzo-segui-12281.html
Floirac,Arrivées,Robin GASCOU,France,2ème ligne,27 ans,Bourgoin,https://www.allrugby.com/joueurs/robin-gascou-8208.html
Floirac,Arrivées,Timilai ROKODURU,Fidji,Ailier,33 ans,Fleurance,https://www.allrugby.com/joueurs/timilai-rokoduru-2019.html
Floirac,Départs,Achref BEN HAMOUDA,Tunisie,Pilier,32 ans,N/A,https://www.allrugby.com/joueurs/achref-ben-hamouda-23384.html
Floirac,Départs,Kévin RONDEAU,France,Pilier,29 ans,N/A,https://www.allrugby.com/joueurs/kevin-rondeau-11959.html
Floirac,Départs,Thibaud LEBASTARD,France,Talonneur,32 ans,N/A,https://www.allrugby.com/joueurs/thibaud-lebastard-8243.html
Floirac,Départs,Helmi MIMOUNA,Tunisie,2ème ligne,28 ans,N/A,https://www.allrugby.com/joueurs/helmi-mimouna-10568.html
Floirac,Départs,Yahya GRAA,Tunisie,2ème ligne,28 ans,Marmande,https://www.allrugby.com/joueurs/yahya-graa-15783.html
Floirac,Départs,Nicolas BELLIER,France,2ème ligne,24 ans,N/A,https://www.allrugby.com/joueurs/nicolas-bellier-17532.html
Floirac,Départs,Maximilien HONTARRÈDE,France,3ème ligne,25 ans,N/A,https://www.allrugby.com/joueurs/maximilien-hontarrede-8130.html
Floirac,Départs,Roméo SERNA,France,Mêlée,24 ans,N/A,https://www.allrugby.com/joueurs/romeo-serna-11757.html
Floirac,Départs,Clément AMON,France,Centre,27 ans,N/A,https://www.allrugby.com/joueurs/clement-amon-8687.html
Floirac,Départs,Abdoul Gafour KAREMBIRI,Burkina Faso,Ailier,24 ans,Sarlat,https://www.allrugby.com/joueurs/abdoul-gafour-karembiri-15942.html
Floirac,Départs,Clovis DESHAUTEURS,France,Ailier,24 ans,N/A,https://www.allrugby.com/joueurs/clovis-deshauteurs-23382.html
Floirac,Départs,Erwann ABDELKRIM,France,Ailier,23 ans,N/A,https://www.allrugby.com/joueurs/erwann-abdelkrim-15335.html
Floirac,Départs,Bixente HARAN,France,Arrière,25 ans,N/A,https://www.allrugby.com/joueurs/bixente-haran-17531.html
Floirac,Départs,Jean-Denis KASALA,France,Pilier,22 ans,N/A,https://www.allrugby.com/joueurs/jean-denis-kasala-15933.html
Floirac,Départs,Enzo JAUBERT,France,Talonneur,23 ans,N/A,https://www.allrugby.com/joueurs/enzo-jaubert-16477.html
Floirac,Départs,Aurel CARRÉ,France,Talonneur,21 ans,N/A,https://www.allrugby.com/joueurs/aurel-carre-21236.html
Floirac,Départs,Mathys MAÇOU,France,Mêlée,22 ans,N/A,https://www.allrugby.com/joueurs/mathys-macou-21243.html
Floirac,Départs,Hugo LE GARREC,France,Centre,22 ans,N/A,https://www.allrugby.com/joueurs/hugo-le-garrec-23383.html
Rumilly,Arrivées,Ahmed FÉKIR,France,Pilier,24 ans,Tricastin,https://www.allrugby.com/joueurs/ahmed-fekir-15250.html
Rumilly,Arrivées,Loïc BARADEL,France,3ème ligne,29 ans,Bourg-en-Bresse,https://www.allrugby.com/joueurs/loic-baradel-4843.html
Rumilly,Arrivées,Antoine FERREIRA,France,3ème ligne,23 ans,Chambéry,https://www.allrugby.com/joueurs/antoine-ferreira-18041.html
Rumilly,Arrivées,Hugo DE FRANCQ,Belgique,Ouverture,28 ans,Agronomia (POR),https://www.allrugby.com/joueurs/hugo-de-francq-14921.html
Rumilly,Arrivées,Nathan URPIN,France,Centre,26 ans,Genève (SUI),https://www.allrugby.com/joueurs/nathan-urpin-12074.html
Rumilly,Arrivées,Côme MÉNISSIER,France,Centre,25 ans,Montmélian,https://www.allrugby.com/joueurs/come-menissier-12049.html
Rumilly,Arrivées,Maxence BONNIN,France,Centre,24 ans,Graulhet,https://www.allrugby.com/joueurs/maxence-bonnin-12387.html
Rumilly,Arrivées,Antton DUCOURNAU,France,Ailier,24 ans,Vienne,https://www.allrugby.com/joueurs/antton-ducournau-14247.html
Rumilly,Arrivées,Adrien MOREL,France,Mêlée,24 ans,Montmélian,https://www.allrugby.com/joueurs/adrien-morel-23308.html
Rumilly,Arrivées,Clément GARNIER,France,Ouverture,22 ans,Vienne,https://www.allrugby.com/joueurs/clement-garnier-17468.html
Rumilly,Départs,Elias NOURI,France,Pilier,32 ans,Tricastin,https://www.allrugby.com/joueurs/elias-nouri-10144.html
Rumilly,Départs,Andrew DAMIAN,France,3ème ligne,30 ans,Montmélian,https://www.allrugby.com/joueurs/andrew-damian-9807.html
Rumilly,Départs,Yohann REN,France,3ème ligne,30 ans,Aubenas,https://www.allrugby.com/joueurs/yohann-ren-4696.html
Rumilly,Départs,Gaëtan HOUDIARNE,France,Centre,29 ans,FCAix,https://www.allrugby.com/joueurs/gaetan-houdiarne-8769.html
Rumilly,Départs,Victor BUISSART,France,Ailier,28 ans,BAAR Annecy,https://www.allrugby.com/joueurs/victor-buissart-9804.html
Rumilly,Départs,Gurvan PÉCHEUX,France,Arrière,32 ans,Montmélian,https://www.allrugby.com/joueurs/gurvan-pecheux-4666.html
Rumilly,Départs,Jules MONGIN,France,Mêlée,20 ans,BAAR Annecy,https://www.allrugby.com/joueurs/jules-mongin-22715.html
Rumilly,Départs,Alexis PISANI,France,Ouverture,22 ans,Genève (SUI),https://www.allrugby.com/joueurs/alexis-pisani-15154.html
Rumilly,Départs,Théo MONARD,France,Ailier,22 ans,Montmélian,https://www.allrugby.com/joueurs/theo-monard-17938.html
Rumilly,Prolongations,Norman MARCOTTE,France,Pilier,35 ans,2027,https://www.allrugby.com/joueurs/norman-marcotte-9803.html
Rumilly,Prolongations,Baptiste BUGE,France,Pilier,25 ans,2027,https://www.allrugby.com/joueurs/baptiste-buge-17539.html
Rumilly,Prolongations,Osman COSKUN,France,Pilier,25 ans,2027,https://www.allrugby.com/joueurs/osman-coskun-15658.html
Rumilly,Prolongations,Romain ÉLIOT,France,Pilier,24 ans,2027,https://www.allrugby.com/joueurs/romain-eliot-14186.html
Rumilly,Prolongations,Hugues BARBOT,France,2ème ligne,30 ans,2027,https://www.allrugby.com/joueurs/hugues-barbot-8628.html
Rumilly,Prolongations,Sébastien MAZZA,France,2ème ligne,29 ans,2027,https://www.allrugby.com/joueurs/sebastien-mazza-8496.html
Rumilly,Prolongations,Nicolas FERNANDES,France,2ème ligne,26 ans,2027,https://www.allrugby.com/joueurs/nicolas-fernandes-13814.html
Rumilly,Prolongations,Pierre-Nicolas DANCE,France,3ème ligne,30 ans,2027,https://www.allrugby.com/joueurs/pierre-nicolas-dance-7741.html
Rumilly,Prolongations,Clément IARUSSI,France,3ème ligne,28 ans,2027,https://www.allrugby.com/joueurs/clement-iarussi-7708.html
Rumilly,Prolongations,Adrien CHABRIOL,France,3ème ligne,25 ans,2027,https://www.allrugby.com/joueurs/adrien-chabriol-11095.html
Rumilly,Prolongations,Quentin DARLOT,France,3ème ligne,23 ans,2027,https://www.allrugby.com/joueurs/quentin-darlot-12032.html
Rumilly,Prolongations,Benjamin LAMBERT,France,Mêlée,29 ans,2027,https://www.allrugby.com/joueurs/benjamin-lambert-9800.html
Rumilly,Prolongations,Max DURIEUX,France,Mêlée,25 ans,2027,https://www.allrugby.com/joueurs/max-durieux-17583.html
Rumilly,Prolongations,Léo TREILLES,France,Centre,26 ans,2028,https://www.allrugby.com/joueurs/leo-treilles-7293.html
Rumilly,Prolongations,Benjamin REYNIER,France,Centre,25 ans,2027,https://www.allrugby.com/joueurs/benjamin-reynier-13859.html
Rumilly,Prolongations,Théo GIORDANENGO,France,Ailier,27 ans,2027,https://www.allrugby.com/joueurs/theo-giordanengo-10207.html
Rumilly,Prolongations,William LE GARFF,France,Arrière,27 ans,2027,https://www.allrugby.com/joueurs/william-le-garff-11437.html
Servette,Arrivées,Lautaro CARO SAISI,Argentine,Pilier,28 ans,Viadana (ITA),https://www.allrugby.com/joueurs/lautaro-caro-saisi-14549.html
Servette,Arrivées,Samuel SJÖBERG,Suisse,Pilier,26 ans,GC Zürich (SUI),https://www.allrugby.com/joueurs/samuel-sjoberg-20115.html
Servette,Arrivées,Marius ANTONESCU,Roumanie,2ème ligne,33 ans,Narbonne,https://www.allrugby.com/joueurs/marius-antonescu-2439.html
Servette,Arrivées,Julien RUAUD,France,3ème ligne,28 ans,Rouen,https://www.allrugby.com/joueurs/julien-ruaud-5028.html
Servette,Arrivées,Nicolas MOUSTIES,France,3ème ligne,28 ans,Narbonne,https://www.allrugby.com/joueurs/nicolas-mousties-7054.html
Servette,Arrivées,Lucas OLLION,France,Mêlée,27 ans,Rennes,https://www.allrugby.com/joueurs/lucas-ollion-5793.html
Servette,Arrivées,Gabin FRIER,France,Centre,22 ans,Bourgoin,https://www.allrugby.com/joueurs/gabin-frier-21147.html
Servette,Arrivées,Souleymane COULIBALY,France,Ailier,24 ans,Palavas,https://www.allrugby.com/joueurs/souleymane-coulibaly-12278.html
Servette,Arrivées,Léo BOULLIER,France,Talonneur,21 ans,Vienne,https://www.allrugby.com/joueurs/leo-boullier-16293.html
Servette,Arrivées,Alexis PISANI,France,Ouverture,22 ans,Rumilly,https://www.allrugby.com/joueurs/alexis-pisani-15154.html
Servette,Arrivées,Sacha BENOIT,France,Ailier,21 ans,Toulon,https://www.allrugby.com/joueurs/sacha-benoit-23429.html
Servette,Arrivées,Jean-Baptiste SAUZE,France,Ailier,20 ans,Narbonne,https://www.allrugby.com/joueurs/jean-baptiste-sauze-17961.html
Servette,Départs,Louis-Alexandre CHAVANON,Suisse,Pilier,24 ans,N/A,https://www.allrugby.com/joueurs/louis-alexandre-chavanon-20071.html
Servette,Départs,Matheo DERVAUX,France,Pilier,23 ans,Stade Métropolitain,https://www.allrugby.com/joueurs/matheo-dervaux-18498.html
Servette,Départs,Benjamin NEHME,France,Talonneur,30 ans,N/A,https://www.allrugby.com/joueurs/benjamin-nehme-4676.html
Servette,Départs,Gaël EKPE,France,3ème ligne,24 ans,Graulhet,https://www.allrugby.com/joueurs/gael-ekpe-13851.html
Servette,Départs,Willy GONNET,France,Ouverture,32 ans,RC Avusy (SUI),https://www.allrugby.com/joueurs/willy-gonnet-20329.html
Servette,Départs,Maxime LAFORGUE,France,Centre,31 ans,N/A,https://www.allrugby.com/joueurs/maxime-laforgue-7759.html
Servette,Départs,Nathan URPIN,France,Centre,26 ans,Rumilly,https://www.allrugby.com/joueurs/nathan-urpin-12074.html
Servette,Départs,Vincent PAGENEAU,France,Ailier,31 ans,N/A,https://www.allrugby.com/joueurs/vincent-pageneau-8341.html
Servette,Départs,Léo BONGIRAUD,France,Ailier,22 ans,N/A,https://www.allrugby.com/joueurs/leo-bongiraud-21140.html
Servette,Départs,Adam JAMI,Suisse,Pilier,19 ans,Pau,https://www.allrugby.com/joueurs/adam-jami-22517.html
Servette,Départs,Alexian WARIN-MALAVAL,France,Centre,20 ans,Bellegarde,https://www.allrugby.com/joueurs/alexian-warin-malaval-22561.html
Servette,Départs,Noud ROBBERTSEN,Pays-Bas,Centre,18 ans,Toulon,https://www.allrugby.com/joueurs/noud-robbertsen-22506.html
Servette,Prolongations,Mourad AKKAOUI,France,Pilier,33 ans,2028,https://www.allrugby.com/joueurs/mourad-akkaoui-8303.html
Servette,Prolongations,Vincent GUETAT,France,3ème ligne,30 ans,2028,https://www.allrugby.com/joueurs/vincent-guetat-7866.html
Servette,Prolongations,Julien HAMIAUX,France,3ème ligne,27 ans,2027,https://www.allrugby.com/joueurs/julien-hamiaux-10244.html
Servette,Prolongations,Hugo BONGIOVANNI,France,3ème ligne,23 ans,2027,https://www.allrugby.com/joueurs/hugo-bongiovanni-15705.html
Servette,Prolongations,Thomas BOUYXOU,France,Centre,31 ans,2027,https://www.allrugby.com/joueurs/thomas-bouyxou-4643.html
Servette,Prolongations,Tom SPOSITO,France,Ailier,25 ans,2028,https://www.allrugby.com/joueurs/tom-sposito-12466.html
Saint-Médard-en-Jalles,Départs,Manasa SAULO,Fidji,Pilier,37 ans,Floirac,https://www.allrugby.com/joueurs/manasa-saulo-3714.html
Saint-Médard-en-Jalles,Départs,Lucas RUMEAU,France,Pilier,26 ans,N/A,https://www.allrugby.com/joueurs/lucas-rumeau-23131.html
Saint-Médard-en-Jalles,Départs,Henry SPRING,Fidji,Talonneur,25 ans,Périgueux,https://www.allrugby.com/joueurs/henry-spring-6587.html
Saint-Médard-en-Jalles,Départs,Auyan JEAN,France,Talonneur,24 ans,N/A,https://www.allrugby.com/joueurs/auyan-jean-23097.html
Saint-Médard-en-Jalles,Départs,Erwan KÉROUÉDAN,France,2ème ligne,29 ans,Gradignan,https://www.allrugby.com/joueurs/erwan-kerouedan-23085.html
Saint-Médard-en-Jalles,Départs,Mattéo GIUDICELLI,France,3ème ligne,24 ans,N/A,https://www.allrugby.com/joueurs/matteo-giudicelli-22996.html
Saint-Médard-en-Jalles,Départs,Maxime MARTEL,France,3ème ligne,24 ans,N/A,https://www.allrugby.com/joueurs/maxime-martel-23125.html
Saint-Médard-en-Jalles,Départs,Yonn RAMOND,France,Pilier,20 ans,N/A,https://www.allrugby.com/joueurs/yonn-ramond-21382.html
Saint-Médard-en-Jalles,Départs,Romain BORKOWSKI,France,Talonneur,19 ans,Soyaux-Angoulême,https://www.allrugby.com/joueurs/romain-borkowski-23146.html
Saint-Médard-en-Jalles,Départs,Xavier PASCAUD,France,3ème ligne,22 ans,Retraite,https://www.allrugby.com/joueurs/xavier-pascaud-23103.html
Saint-Médard-en-Jalles,Départs,Hugo SIMONNET,France,Ailier,25 ans,N/A,https://www.allrugby.com/joueurs/hugo-simonnet-23086.html
Saint-Médard-en-Jalles,Départs,Arthur MARTIN,France,Ailier,21 ans,N/A,https://www.allrugby.com/joueurs/arthur-martin-17491.html
Saint-Médard-en-Jalles,Prolongations,Lucas LENÔTRE,France,Pilier,27 ans,2027,https://www.allrugby.com/joueurs/lucas-lenotre-8375.html
Saint-Médard-en-Jalles,Prolongations,Tiède KONÉ,Côte d&#039;Ivoire,Pilier,25 ans,2027,https://www.allrugby.com/joueurs/tiede-kone-22738.html
Saint-Médard-en-Jalles,Prolongations,Loan MORELLE,France,Pilier,24 ans,2027,https://www.allrugby.com/joueurs/loan-morelle-22730.html
Saint-Médard-en-Jalles,Prolongations,Alexis BACQUEY,France,Talonneur,25 ans,2027,https://www.allrugby.com/joueurs/alexis-bacquey-22726.html
Saint-Médard-en-Jalles,Prolongations,Reuben VAN DER NEST,Afrique du sud,Talonneur,24 ans,2027,https://www.allrugby.com/joueurs/reuben-van-der-nest-15616.html
Saint-Médard-en-Jalles,Prolongations,Guillaume SINGER,France,2ème ligne,30 ans,2027,https://www.allrugby.com/joueurs/guillaume-singer-7945.html
Saint-Médard-en-Jalles,Prolongations,Antoine JOURDAN,France,2ème ligne,27 ans,2027,https://www.allrugby.com/joueurs/antoine-jourdan-8440.html
Saint-Médard-en-Jalles,Prolongations,Matéo TESSARIOL,France,2ème ligne,25 ans,2027,https://www.allrugby.com/joueurs/mateo-tessariol-22728.html
Saint-Médard-en-Jalles,Prolongations,Ratu Jone NAULUNISAU,Fidji,2ème ligne,25 ans,2027,https://www.allrugby.com/joueurs/ratu-jone-naulunisau-8045.html
Saint-Médard-en-Jalles,Prolongations,Peni RAIDRE,Fidji,3ème ligne,36 ans,2027,https://www.allrugby.com/joueurs/peni-raidre-22737.html
Saint-Médard-en-Jalles,Prolongations,Killian DEVILLE,France,3ème ligne,27 ans,2027,https://www.allrugby.com/joueurs/killian-deville-12064.html
Saint-Médard-en-Jalles,Prolongations,Clarence BIÉNÈS,France,3ème ligne,26 ans,2027,https://www.allrugby.com/joueurs/clarence-bienes-8438.html
Saint-Médard-en-Jalles,Prolongations,Damien BONNET,France,3ème ligne,25 ans,2027,https://www.allrugby.com/joueurs/damien-bonnet-14246.html
Saint-Médard-en-Jalles,Prolongations,Nathan LOBJOIT,France,3ème ligne,25 ans,2027,https://www.allrugby.com/joueurs/nathan-lobjoit-15897.html
Saint-Médard-en-Jalles,Prolongations,Sylvain RIFFAUD,France,3ème ligne,25 ans,2027,https://www.allrugby.com/joueurs/sylvain-riffaud-22725.html
Saint-Médard-en-Jalles,Prolongations,Samuel MESURE,France,Mêlée,27 ans,2027,https://www.allrugby.com/joueurs/samuel-mesure-8669.html
Saint-Médard-en-Jalles,Prolongations,Corentin PENC'HOAT,France,Mêlée,25 ans,2027,https://www.allrugby.com/joueurs/corentin-penc-hoat-11941.html
Saint-Médard-en-Jalles,Prolongations,Fabien SOULEYREAU,France,Ouverture,30 ans,2027,https://www.allrugby.com/joueurs/fabien-souleyreau-22727.html
Saint-Médard-en-Jalles,Prolongations,Pierre LOPEZ,France,Centre,30 ans,2027,https://www.allrugby.com/joueurs/pierre-lopez-13997.html
Saint-Médard-en-Jalles,Prolongations,Pierre CADAUGADE,France,Centre,26 ans,2027,https://www.allrugby.com/joueurs/pierre-cadaugade-22734.html
Saint-Médard-en-Jalles,Prolongations,Eutesio TUFELE,France,Centre,23 ans,2027,https://www.allrugby.com/joueurs/eutesio-tufele-18027.html
Saint-Médard-en-Jalles,Prolongations,Marika VUNIBAKA,Fidji,Ailier,32 ans,2027,https://www.allrugby.com/joueurs/marika-vunibaka-2515.html
Saint-Médard-en-Jalles,Prolongations,Corentin DASSE,France,Ailier,31 ans,2027,https://www.allrugby.com/joueurs/corentin-dasse-22731.html
Saint-Médard-en-Jalles,Prolongations,Makaléa FOLIAKI,France,Ailier,29 ans,2027,https://www.allrugby.com/joueurs/makalea-foliaki-8431.html
Saint-Médard-en-Jalles,Prolongations,Issa BASSONO,France,Ailier,25 ans,2027,https://www.allrugby.com/joueurs/issa-bassono-22732.html
Saint-Médard-en-Jalles,Prolongations,Samy AISSAOUI,France,Pilier,19 ans,2027,https://www.allrugby.com/joueurs/samy-aissaoui-22856.html
Saint-Médard-en-Jalles,Prolongations,Aurélien HAASER,France,2ème ligne,20 ans,2027,https://www.allrugby.com/joueurs/aurelien-haaser-22735.html
Saint-Médard-en-Jalles,Prolongations,Kaimana PIHATARIOE,France,3ème ligne,20 ans,2027,https://www.allrugby.com/joueurs/kaimana-pihatarioe-23229.html
Saint-Médard-en-Jalles,Prolongations,Rafaël TOBIE,France,3ème ligne,20 ans,2027,https://www.allrugby.com/joueurs/rafael-tobie-23228.html
Saint-Médard-en-Jalles,Prolongations,Romain BOTTGEN,France,Mêlée,23 ans,2027,https://www.allrugby.com/joueurs/romain-bottgen-22736.html
Saint-Médard-en-Jalles,Prolongations,Enzo LOPES,France,Mêlée,21 ans,2027,https://www.allrugby.com/joueurs/enzo-lopes-17490.html
Saint-Médard-en-Jalles,Prolongations,Jules MARINELLI,France,Mêlée,21 ans,2027,https://www.allrugby.com/joueurs/jules-marinelli-22729.html
Saint-Médard-en-Jalles,Prolongations,Axel GAUDIN,France,Ouverture,21 ans,2027,https://www.allrugby.com/joueurs/axel-gaudin-23230.html
Saint-Médard-en-Jalles,Prolongations,William WRIGHT,Angleterre,Centre,22 ans,2027,https://www.allrugby.com/joueurs/william-wright-18147.html
Langon,Arrivées,Abel CHARRIER,France,Pilier,23 ans,Rennes,https://www.allrugby.com/joueurs/abel-charrier-17577.html
Langon,Arrivées,Adam LLINARES,France,Pilier,21 ans,Oyonnax,https://www.allrugby.com/joueurs/adam-llinares-17733.html
Langon,Arrivées,Ismaël MARTIN,France,Talonneur,26 ans,Suresnes,https://www.allrugby.com/joueurs/ismael-martin-9070.html
Langon,Arrivées,Corentin BONET,France,Talonneur,22 ans,Liceo Naval (ARG),https://www.allrugby.com/joueurs/corentin-bonet-22824.html
Langon,Arrivées,Lucas PRUDHOMME,France,2ème ligne,25 ans,Fleurance,https://www.allrugby.com/joueurs/lucas-prudhomme-8680.html
Langon,Arrivées,Toon DECEUNINCK,Belgique,3ème ligne,25 ans,Auch,https://www.allrugby.com/joueurs/toon-deceuninck-12510.html
Langon,Arrivées,Arthur SMEETS,Belgique,3ème ligne,24 ans,Marmande,https://www.allrugby.com/joueurs/arthur-smeets-12244.html
Langon,Arrivées,Timothé RIFON,Belgique,Mêlée,24 ans,Mâcon,https://www.allrugby.com/joueurs/timothe-rifon-12197.html
Langon,Arrivées,Simon HARTMANN,France,Centre,25 ans,PUC,https://www.allrugby.com/joueurs/simon-hartmann-13690.html
Langon,Arrivées,Théo JURADO,France,Ailier,24 ans,Marmande,https://www.allrugby.com/joueurs/theo-jurado-14164.html
Langon,Arrivées,Adrien PAGANOTTO,France,Pilier,23 ans,Marmande,https://www.allrugby.com/joueurs/adrien-paganotto-9977.html
Langon,Arrivées,Bastien BEFFARA,France,Talonneur,20 ans,Agen,https://www.allrugby.com/joueurs/bastien-beffara-17536.html
Langon,Arrivées,Pierre TÉTANI,France,Talonneur,20 ans,Bordeaux,https://www.allrugby.com/joueurs/pierre-tetani-18401.html
Langon,Arrivées,Théophile ROBET,France,3ème ligne,21 ans,Mont-de-Marsan,https://www.allrugby.com/joueurs/theophile-robet-23074.html
Langon,Arrivées,Raphaël DELVIT,France,3ème ligne,19 ans,Soyaux-Angoulême,https://www.allrugby.com/joueurs/raphael-delvit-23072.html
Langon,Arrivées,Étienne MECH,France,Centre,21 ans,Mérignac,https://www.allrugby.com/joueurs/etienne-mech-23133.html
Langon,Arrivées,Victor THOMAS,France,Ailier,21 ans,Lormont,https://www.allrugby.com/joueurs/victor-thomas-23211.html
Langon,Arrivées,Hugo BARRAQUÉ,France,Arrière,22 ans,Oloron,https://www.allrugby.com/joueurs/hugo-barraque-21379.html
Langon,Départs,Xandré VOS,Afrique du sud,Pilier,29 ans,N/A,https://www.allrugby.com/joueurs/xandre-vos-7039.html
Langon,Départs,Lilian ROHRHURST,France,Pilier,23 ans,Rennes,https://www.allrugby.com/joueurs/lilian-rohrhurst-11348.html
Langon,Départs,Maxime GAU,France,Talonneur,35 ans,N/A,https://www.allrugby.com/joueurs/maxime-gau-1480.html
Langon,Départs,Romain MAURICE,France,Talonneur,32 ans,Albi,https://www.allrugby.com/joueurs/romain-maurice-3655.html
Langon,Départs,Josh PETERS,Angleterre,2ème ligne,30 ans,Périgueux,https://www.allrugby.com/joueurs/josh-peters-5996.html
Langon,Départs,Simon LOBJOIT,France,2ème ligne,27 ans,N/A,https://www.allrugby.com/joueurs/simon-lobjoit-10595.html
Langon,Départs,Thomas DE MOLDER,Belgique,3ème ligne,34 ans,N/A,https://www.allrugby.com/joueurs/thomas-demolder-5975.html
Langon,Départs,Ewart POTGIETER,Afrique du sud,3ème ligne,27 ans,N/A,https://www.allrugby.com/joueurs/ewart-potgieter-17918.html
Langon,Départs,Aurélien TAMAGNAN,France,Centre,28 ans,N/A,https://www.allrugby.com/joueurs/aurelien-tamagnan-10566.html
Langon,Départs,Benjamin GAGNAC,France,Centre,25 ans,Massy,https://www.allrugby.com/joueurs/benjamin-gagnac-20692.html
Langon,Départs,Adriu NAIVUWAI,Fidji,Centre,24 ans,N/A,https://www.allrugby.com/joueurs/adriu-naivuwai-18090.html
Langon,Départs,Elie DE FLEURIAN,France,Ailier,27 ans,Carcassonne,https://www.allrugby.com/joueurs/elie-de-fleurian-7868.html
Langon,Départs,Matthis LIEURÈS,France,Ailier,26 ans,N/A,https://www.allrugby.com/joueurs/matthis-lieures-9891.html
Langon,Départs,Nathan GAGNAC,France,Arrière,24 ans,Massy,https://www.allrugby.com/joueurs/nathan-gagnac-14381.html
Langon,Départs,Lukas MENKARSKA,France,Talonneur,20 ans,Auch,https://www.allrugby.com/joueurs/lukas-menkarska-22611.html
Langon,Départs,Ayrton RIBEIRO,France,3ème ligne,22 ans,N/A,https://www.allrugby.com/joueurs/ayrton-ribeiro-20691.html
Langon,Départs,Hugo GIRARDI,France,Ouverture,22 ans,Layrac,https://www.allrugby.com/joueurs/hugo-girardi-22591.html
Langon,Prolongations,Loïc CLAVÉ,France,Pilier,34 ans,2027,https://www.allrugby.com/joueurs/loic-clave-7906.html
Langon,Prolongations,Lucas HERNANDEZ,France,Pilier,31 ans,2027,https://www.allrugby.com/joueurs/lucas-hernandez-4626.html
Langon,Prolongations,Julien GRAFFOUILLÈRE,France,Talonneur,34 ans,2027,https://www.allrugby.com/joueurs/julien-graffouillere-10369.html
Langon,Prolongations,Mattieu BIDAU,France,2ème ligne,30 ans,2027,https://www.allrugby.com/joueurs/mattieu-bidau-5420.html
Langon,Prolongations,Guillaume MARIN,France,2ème ligne,25 ans,2027,https://www.allrugby.com/joueurs/guillaume-marin-12093.html
Langon,Prolongations,Thomas MENDY,France,3ème ligne,30 ans,2027,https://www.allrugby.com/joueurs/thomas-mendy-11621.html
Langon,Prolongations,Jules DEPOORTÈRE,France,3ème ligne,26 ans,2027,https://www.allrugby.com/joueurs/jules-depoortere-17685.html
Langon,Prolongations,Max RIBAUDO,France,3ème ligne,26 ans,2027,https://www.allrugby.com/joueurs/max-ribaudo-8197.html
Langon,Prolongations,Meryll ECH-CHALKHA,France,3ème ligne,25 ans,2027,https://www.allrugby.com/joueurs/meryll-ech-chalkha-18012.html
Langon,Prolongations,Thomas BISHOP,France,3ème ligne,23 ans,2027,https://www.allrugby.com/joueurs/thomas-bishop-18013.html
Langon,Prolongations,Baptiste TISNÉ,France,Mêlée,25 ans,2027,https://www.allrugby.com/joueurs/baptiste-tisne-cardenau-15937.html
Langon,Prolongations,Paul CASTÉRA,France,Mêlée,25 ans,2027,https://www.allrugby.com/joueurs/paul-castera-11485.html
Langon,Prolongations,Christel BERTRAND,France,Ouverture,31 ans,2027,https://www.allrugby.com/joueurs/christel-bertrand-8345.html
Langon,Prolongations,Antoine DOMERCQ,France,Ouverture,24 ans,2027,https://www.allrugby.com/joueurs/antoine-domercq-14128.html
Langon,Prolongations,Jean DELBECQ,France,Ouverture,24 ans,2027,https://www.allrugby.com/joueurs/jean-delbecq-15310.html
Langon,Prolongations,Guillaume CHRISTOPHE,France,Centre,32 ans,2027,https://www.allrugby.com/joueurs/guillaume-christophe-4732.html
Langon,Prolongations,Charli ESPAGNET,France,Centre,25 ans,2027,https://www.allrugby.com/joueurs/charli-espagnet-10744.html
Langon,Prolongations,Thomas WALLRAF,Belgique,Ailier,28 ans,2027,https://www.allrugby.com/joueurs/thomas-wallraf-5930.html
Langon,Prolongations,Maxime LARTIGUE,France,Ailier,27 ans,2027,https://www.allrugby.com/joueurs/maxime-lartigue-18113.html
Langon,Prolongations,Roman BRUTUS,France,Ailier,23 ans,2027,https://www.allrugby.com/joueurs/roman-brutus-20693.html
Langon,Prolongations,Baptiste CASTANIER,France,Arrière,26 ans,2027,https://www.allrugby.com/joueurs/baptiste-castanier-8756.html
Langon,Prolongations,Antonin MARINOT,France,Mêlée,21 ans,2027,https://www.allrugby.com/joueurs/antonin-marinot-14495.html
Langon,Prolongations,Baptiste GRULOVIC,France,Centre,22 ans,2027,https://www.allrugby.com/joueurs/baptiste-grulovic-17516.html
Stade Métropolitain,Arrivées,Matheo DERVAUX,France,Pilier,23 ans,Genève (SUI),https://www.allrugby.com/joueurs/matheo-dervaux-18498.html
Stade Métropolitain,Arrivées,Efe YESILYURT,France,Pilier,22 ans,Suresnes,https://www.allrugby.com/joueurs/efe-yesilyurt-21493.html
Stade Métropolitain,Arrivées,Tanguy PÉGAZ,France,Pilier,23 ans,Tricastin,https://www.allrugby.com/joueurs/tanguy-pegaz-15325.html
Stade Métropolitain,Arrivées,Maïno PAKIHIVATAU,France,Pilier,22 ans,Marmande,https://www.allrugby.com/joueurs/maino-pakihivatau-9976.html
Stade Métropolitain,Arrivées,Arno SMETS,Belgique,Talonneur,21 ans,Union Barbezieux Jonzac,https://www.allrugby.com/joueurs/arno-smets-18613.html
Stade Métropolitain,Arrivées,Ferdinand POTIN,France,Talonneur,21 ans,Courbevoie,https://www.allrugby.com/joueurs/ferdinand-potin-16419.html
Stade Métropolitain,Arrivées,Romain AUSSANT,France,Talonneur,20 ans,Bourg-en-Bresse,https://www.allrugby.com/joueurs/romain-aussant-23167.html
Stade Métropolitain,Arrivées,Noah KARRAM,France,2ème ligne,21 ans,Agen,https://www.allrugby.com/joueurs/noah-karram-17535.html
Stade Métropolitain,Arrivées,Ronan BERNIER,France,3ème ligne,21 ans,Oyonnax,https://www.allrugby.com/joueurs/ronan-bernier-15706.html
Stade Métropolitain,Arrivées,Tristan FABRÈGUES,France,3ème ligne,21 ans,Clermont,https://www.allrugby.com/joueurs/tristan-fabregues-23076.html
Stade Métropolitain,Arrivées,Nicolas BOUTIER,France,3ème ligne,19 ans,Lyon,https://www.allrugby.com/joueurs/nicolas-boutier-23340.html
Stade Métropolitain,Arrivées,Luc PATISSIER,France,Ailier,23 ans,Piranhas de l'ÉTS (CAN),https://www.allrugby.com/joueurs/luc-patissier-17884.html
Stade Métropolitain,Arrivées,Noah JALLET,France,Ailier,22 ans,Chambéry,https://www.allrugby.com/joueurs/noah-jallet-14477.html
Stade Métropolitain,Départs,Willem HARMSE,Afrique du sud,Pilier,41 ans,Villefranche sur Saône,https://www.allrugby.com/joueurs/willem-harmse-1569.html
Stade Métropolitain,Départs,Oktay YILMAZ,France,Pilier,28 ans,N/A,https://www.allrugby.com/joueurs/oktay-yilmaz-5158.html
Stade Métropolitain,Départs,Quentin CIESLINSKI,France,Pilier,27 ans,N/A,https://www.allrugby.com/joueurs/quentin-cieslinski-10764.html
Stade Métropolitain,Départs,Benoît FONTANELLE,France,Pilier,25 ans,Mâcon,https://www.allrugby.com/joueurs/benoit-fontanelle-11731.html
Stade Métropolitain,Départs,Lucas PONCET,France,Pilier,24 ans,N/A,https://www.allrugby.com/joueurs/lucas-poncet-21072.html
Stade Métropolitain,Départs,Namory DOSSO,France,Talonneur,22 ans,N/A,https://www.allrugby.com/joueurs/namory-dosso-18624.html
Stade Métropolitain,Départs,Dimitri JEAN-ÉTIENNE,France,3ème ligne,35 ans,Retraite,https://www.allrugby.com/joueurs/dimitri-jean-etienne-6101.html
Stade Métropolitain,Départs,Pierre-Alexis MAGNE,France,3ème ligne,29 ans,Andrézieux-Bouthéon,https://www.allrugby.com/joueurs/pierre-alexis-magne-7972.html
Stade Métropolitain,Départs,Valentin PHAYAVONG,France,3ème ligne,25 ans,Saint-Priest,https://www.allrugby.com/joueurs/valentin-phayavong-14290.html
Stade Métropolitain,Départs,Romain PÉTELAT,France,Ouverture,32 ans,Saint-Priest,https://www.allrugby.com/joueurs/romain-petelat-9741.html
Stade Métropolitain,Départs,Baptiste TONNIN,France,Pilier,21 ans,RC Les Angles,https://www.allrugby.com/joueurs/baptiste-tonnin-21168.html
Stade Métropolitain,Départs,Maurice FROMONT,Belgique,2ème ligne,22 ans,N/A,https://www.allrugby.com/joueurs/maurice-fromont-17312.html
Stade Métropolitain,Prolongations,Enzo PAKIHIVATAU,France,Talonneur,30 ans,N/A,https://www.allrugby.com/joueurs/enzo-pakihivatau-5215.html
Stade Métropolitain,Prolongations,Karim KHAOUTI,France,Talonneur,29 ans,2027,https://www.allrugby.com/joueurs/karim-khaouti-9730.html
Stade Métropolitain,Prolongations,Hugo ALAMARTINE,France,Talonneur,27 ans,2027,https://www.allrugby.com/joueurs/hugo-alamartine-9370.html
Stade Métropolitain,Prolongations,Ludovic CHILLET,France,2ème ligne,29 ans,2027,https://www.allrugby.com/joueurs/ludovic-chillet-6584.html
Stade Métropolitain,Prolongations,Thibault DUCLOUX,France,2ème ligne,28 ans,2027,https://www.allrugby.com/joueurs/thibault-ducloux-20866.html
Stade Métropolitain,Prolongations,Grégoire DEMANGEL,France,2ème ligne,24 ans,2027,https://www.allrugby.com/joueurs/gregoire-demangel-15749.html
Stade Métropolitain,Prolongations,Vladimir SUSLER,France,3ème ligne,31 ans,2027,https://www.allrugby.com/joueurs/vladimir-susler-3661.html
Stade Métropolitain,Prolongations,Thomas TARRIT,France,3ème ligne,30 ans,2027,https://www.allrugby.com/joueurs/thomas-tarrit-5515.html
Stade Métropolitain,Prolongations,Victor ESTRADE,France,3ème ligne,26 ans,2027,https://www.allrugby.com/joueurs/victor-estrade-13816.html
Stade Métropolitain,Prolongations,Clément JACQUAND,France,3ème ligne,23 ans,2027,https://www.allrugby.com/joueurs/clement-jacquand-15369.html
Stade Métropolitain,Prolongations,Erwann MARTI,France,3ème ligne,23 ans,2027,https://www.allrugby.com/joueurs/erwann-marti-21221.html
Stade Métropolitain,Prolongations,Kimi ESSE,France,3ème ligne,22 ans,2027,https://www.allrugby.com/joueurs/kimi-esse-14188.html
Stade Métropolitain,Prolongations,Thomas MARCOUX,France,Mêlée,26 ans,2027,https://www.allrugby.com/joueurs/thomas-marcoux-9653.html
Stade Métropolitain,Prolongations,Alexis VÉRÉ,France,Mêlée,24 ans,2027,https://www.allrugby.com/joueurs/alexis-vere-14130.html
Stade Métropolitain,Prolongations,Léo PERRICAUDET,France,Mêlée,23 ans,2027,https://www.allrugby.com/joueurs/leo-perricaudet-13879.html
Stade Métropolitain,Prolongations,Damien LARUE,France,Ouverture,26 ans,2027,https://www.allrugby.com/joueurs/damien-larue-6132.html
Stade Métropolitain,Prolongations,Andy SÉRÉLÉ,France,Centre,32 ans,2027,https://www.allrugby.com/joueurs/andy-serele-9674.html
Stade Métropolitain,Prolongations,Maxime BOYER,France,Centre,26 ans,2027,https://www.allrugby.com/joueurs/maxime-boyer-11655.html
Stade Métropolitain,Prolongations,Pierre MORIN,France,Centre,26 ans,2027,https://www.allrugby.com/joueurs/pierre-morin-10439.html
Stade Métropolitain,Prolongations,Edgar PELOSSE,France,Ailier,24 ans,2027,https://www.allrugby.com/joueurs/edgar-pelosse-14276.html
Stade Métropolitain,Prolongations,Théo LOPEZ,France,Arrière,31 ans,2027,https://www.allrugby.com/joueurs/theo-lopez-10158.html
Stade Métropolitain,Prolongations,Baptiste JEANNET,France,Arrière,27 ans,2027,https://www.allrugby.com/joueurs/baptiste-jeannet-8666.html
Stade Métropolitain,Prolongations,Mattéo JANNUEL,France,Pilier,24 ans,2021,https://www.allrugby.com/joueurs/matteo-jannuel-14546.html
Stade Métropolitain,Prolongations,Kurtis CORRAND,France,Talonneur,23 ans,2027,https://www.allrugby.com/joueurs/kurtis-corrand-23140.html
Stade Métropolitain,Prolongations,Baptiste GUALDA,France,Talonneur,22 ans,2027,https://www.allrugby.com/joueurs/baptiste-gualda-18317.html
Stade Métropolitain,Prolongations,Andreas ROUSSET,France,3ème ligne,22 ans,2027,https://www.allrugby.com/joueurs/andreas-rousset-20714.html
Stade Métropolitain,Prolongations,Côme PITHIOUD,France,3ème ligne,21 ans,2027,https://www.allrugby.com/joueurs/come-pithioud-23141.html
Stade Métropolitain,Prolongations,Sacha LEFÈVRE,France,3ème ligne,21 ans,2027,https://www.allrugby.com/joueurs/sacha-lefevre-23142.html
Stade Métropolitain,Prolongations,Lucas AUGÉ,France,Ouverture,20 ans,2027,https://www.allrugby.com/joueurs/lucas-auge-23143.html
Stade Métropolitain,Prolongations,Jules ESCOFFIER,France,Centre,24 ans,2027,https://www.allrugby.com/joueurs/jules-escoffier-14196.html
Stade Métropolitain,Prolongations,Arthur ROBERT,France,Centre,22 ans,2027,https://www.allrugby.com/joueurs/arthur-robert-20584.html
Stade Métropolitain,Prolongations,Benjamin MORIN,France,Centre,22 ans,2027,https://www.allrugby.com/joueurs/benjamin-morin-23144.html
Stade Métropolitain,Prolongations,Amaury DUFOULEUR,France,Centre,21 ans,2027,https://www.allrugby.com/joueurs/amaury-dufouleur-15723.html
Stade Métropolitain,Prolongations,Oscar LACOSTE,France,Arrière,19 ans,2027,https://www.allrugby.com/joueurs/oscar-lacoste-23145.html
Nantes,Arrivées,Franco PECHIA D'ORSO,Argentine,Pilier,25 ans,Beauvais,https://www.allrugby.com/joueurs/franco-pechia-d-orso-22354.html
Nantes,Arrivées,Eliot NAZET,France,Talonneur,22 ans,Marcq-en-Baroeul,https://www.allrugby.com/joueurs/eliot-nazet-19983.html
Nantes,Arrivées,Tiko BATIBASAGA,Fidji,2ème ligne,25 ans,Mâcon,https://www.allrugby.com/joueurs/tiko-batibasaga-9766.html
Nantes,Arrivées,Hilan DELBOIS,France,2ème ligne,23 ans,Massy,https://www.allrugby.com/joueurs/hilan-delbois-17033.html
Nantes,Arrivées,Tane TAKULUA,Tonga,Mêlée,35 ans,Carcassonne,https://www.allrugby.com/joueurs/tane-takulua-3449.html
Nantes,Arrivées,Hugo DESGRANGE,France,Ailier,22 ans,Bourgoin,https://www.allrugby.com/joueurs/hugo-desgrange-16322.html
Nantes,Arrivées,Samuel ROCHE,France,Arrière,29 ans,Nîmes,https://www.allrugby.com/joueurs/samuel-roche-6953.html
Nantes,Arrivées,Bojan BUSSELEZ,France,3ème ligne,21 ans,Valence Romans,https://www.allrugby.com/joueurs/bojan-busselez-20629.html
Nantes,Arrivées,Joseph DUONG,France,Mêlée,21 ans,Saint-Jean-en-Royans,https://www.allrugby.com/joueurs/joseph-duong-18455.html
Nantes,Arrivées,Sacha MOULIN,France,Centre,22 ans,Nevers,https://www.allrugby.com/joueurs/sacha-moulin-14195.html
Nantes,Départs,Georges SOUVENT,France,2ème ligne,36 ans,Retraite,https://www.allrugby.com/joueurs/souvent-georges-7777.html
Nantes,Départs,William FALELAVAKI,France,3ème ligne,22 ans,N/A,https://www.allrugby.com/joueurs/william-falelavaki-20257.html
Nantes,Départs,Morgan LE BOURHIS,France,Mêlée,35 ans,N/A,https://www.allrugby.com/joueurs/morgan-le-bourhis-17676.html
Nantes,Départs,Erwan NICOLAS,France,Mêlée,31 ans,N/A,https://www.allrugby.com/joueurs/erwan-nicolas-4516.html
Nantes,Départs,Maxime OGOR,France,Centre,28 ans,N/A,https://www.allrugby.com/joueurs/maxime-ogor-17675.html
Nantes,Départs,Amidou MARCINIEK,France,Ailier,25 ans,N/A,https://www.allrugby.com/joueurs/amidou-marciniek-11469.html
Nantes,Départs,Matéo PICARD,France,Ailier,24 ans,N/A,https://www.allrugby.com/joueurs/mateo-picard-17542.html
Nantes,Départs,Pierre AUBERT,France,Arrière,28 ans,N/A,https://www.allrugby.com/joueurs/pierre-aubert-8505.html
Nantes,Départs,Théo LOUVET,France,Arrière,25 ans,Bourges,https://www.allrugby.com/joueurs/theo-louvet-9940.html
Nantes,Départs,Thomas NICOULEAU,France,Centre,20 ans,Montpellier,https://www.allrugby.com/joueurs/thomas-nicouleau-20349.html
Nantes,Prolongations,Sébastien LAFRANCESCA,France,Pilier,28 ans,2027,https://www.allrugby.com/joueurs/sebastien-lafrancesca-5469.html
Nantes,Prolongations,Jean-Baptiste FOLOKA,France,Pilier,26 ans,2027,https://www.allrugby.com/joueurs/jean-baptiste-foloka-13742.html
Nantes,Prolongations,Edgard MAMFOUMBY,Gabon,Pilier,24 ans,2027,https://www.allrugby.com/joueurs/edgard-mamfoumby-11416.html
Nantes,Prolongations,Pierre-Édouard TASSIGNON,France,Pilier,24 ans,2027,https://www.allrugby.com/joueurs/pierre-edouard-tassignon-17485.html
Nantes,Prolongations,Dimitri TSUKHISHVILI,Géorgie,2ème ligne,35 ans,2027,https://www.allrugby.com/joueurs/dimitri-tsukhishvili-17796.html
Nantes,Prolongations,Oliver COOPER,Angleterre,2ème ligne,23 ans,2027,https://www.allrugby.com/joueurs/oliver-cooper-18625.html
Nantes,Prolongations,Romain HOUEL,France,2ème ligne,21 ans,2027,https://www.allrugby.com/joueurs/romain-houel-20256.html
Nantes,Prolongations,Jack RAM,Tonga,3ème ligne,39 ans,2027,https://www.allrugby.com/joueurs/jack-ram-3725.html
Nantes,Prolongations,Frédéric BARRAIS,France,3ème ligne,32 ans,2027,https://www.allrugby.com/joueurs/frederic-barrais-8479.html
Nantes,Prolongations,Lewis JOHNSON,Ecosse,3ème ligne,28 ans,2027,https://www.allrugby.com/joueurs/lewis-johnson-8481.html
Nantes,Prolongations,Artémy GALLO,France,3ème ligne,25 ans,2027,https://www.allrugby.com/joueurs/artemy-gallo-11403.html
Nantes,Prolongations,Mikka MAURY,France,3ème ligne,24 ans,2027,https://www.allrugby.com/joueurs/mikka-maury-13829.html
Nantes,Prolongations,Paul BAGET,France,3ème ligne,23 ans,2027,https://www.allrugby.com/joueurs/paul-baget-20258.html
Nantes,Prolongations,Pierrick BELLETESTE,France,Ouverture,34 ans,2027,https://www.allrugby.com/joueurs/pierrick-belleteste-8498.html
Nantes,Prolongations,Dylan PIERRE,France,Ouverture,29 ans,2028,https://www.allrugby.com/joueurs/pierre-dylan-8508.html
Nantes,Prolongations,Victor OLIVIER,France,Centre,24 ans,2028,https://www.allrugby.com/joueurs/victor-olivier-11421.html
Nantes,Prolongations,Arthur ONESIME,France,Ailier,22 ans,2028,https://www.allrugby.com/joueurs/arthur-onesime-17455.html
Nantes,Prolongations,Fabien MALABOEUF,France,Arrière,24 ans,2027,https://www.allrugby.com/joueurs/fabien-malaboeuf-17702.html
Nantes,Prolongations,Soane SUVE,France,Pilier,22 ans,2027,https://www.allrugby.com/joueurs/soane-suve-13999.html
Nantes,Prolongations,Gabriel LUCAS,France,3ème ligne,21 ans,N/A,https://www.allrugby.com/joueurs/gabriel-lucas-15319.html
Nantes,Prolongations,Gaston ENGER,France,Mêlée,21 ans,2027,https://www.allrugby.com/joueurs/gaston-enger-20644.html
Nantes,Prolongations,Antonin DANIEL,France,Ouverture,21 ans,2027,https://www.allrugby.com/joueurs/antonin-daniel-20284.html
US Salles,Arrivées,Cyril COUTURIER,France,Centre,33 ans,Périgueux,https://www.allrugby.com/joueurs/cyril-couturier-11291.html
US Salles,Arrivées,Vincent FOUILLADE,France,Ailier,29 ans,Périgueux,https://www.allrugby.com/joueurs/vincent-fouillade-10011.html
US Salles,Arrivées,Mathis CHARVET,France,Mêlée,21 ans,Bourg-en-Bresse,https://www.allrugby.com/joueurs/mathis-charvet-18327.html
US Salles,Départs,Manzon ACHARD,France,Pilier,24 ans,Nuits-Saint-Georges,https://www.allrugby.com/joueurs/manzon-achard-13744.html
US Salles,Départs,Josaia CAMA,Fidji,2ème ligne,28 ans,Mâcon,https://www.allrugby.com/joueurs/josaia-cama-4423.html
US Salles,Départs,Simon DESAUBIÈS,France,Centre,26 ans,Retraite,https://www.allrugby.com/joueurs/simon-desaubies-6145.html
US Salles,Départs,Nicolas DARCLANNE,France,Ailier,34 ans,Saint-Paul-lès-Dax,https://www.allrugby.com/joueurs/nicolas-darclanne-13940.html
US Salles,Départs,Allan ESCANDE,France,Talonneur,23 ans,Graulhet,https://www.allrugby.com/joueurs/allan-escande-17677.html
US Salles,Départs,Matéo FAURIE,France,3ème ligne,23 ans,Sarlat,https://www.allrugby.com/joueurs/mateo-faurie-18490.html
Marmande,Arrivées,Victor Damian ARIAS,Argentine,Pilier,36 ans,Chartres,https://www.allrugby.com/joueurs/victor-damian-arias-1698.html
Marmande,Arrivées,Bassekou DIABY,France,Pilier,28 ans,Mérignac,https://www.allrugby.com/joueurs/bassekou-diaby-6986.html
Marmande,Arrivées,Yahya GRAA,Tunisie,2ème ligne,28 ans,Floirac,https://www.allrugby.com/joueurs/yahya-graa-15783.html
Marmande,Arrivées,Noah DERON,France,Pilier,21 ans,Agen,https://www.allrugby.com/joueurs/noah-deron-18348.html
Marmande,Arrivées,Mattéo COTTERLI,France,Arrière,20 ans,Agen,https://www.allrugby.com/joueurs/matteo-cotterli-18355.html
Marmande,Départs,Eadin LAYZELL,Afrique du sud,Pilier,24 ans,Aubenas,https://www.allrugby.com/joueurs/eadin-layzell-9934.html
Marmande,Départs,Bernardo José D'ANTUENE,Argentine,Talonneur,25 ans,Bourges,https://www.allrugby.com/joueurs/bernardo-jose-d-antuene-17633.html
Marmande,Départs,Pierre MARMIÉ,France,2ème ligne,32 ans,Casteljaloux,https://www.allrugby.com/joueurs/pierre-marmie-9796.html
Marmande,Départs,Adriaan BOOYSEN,Namibie,3ème ligne,30 ans,N/A,https://www.allrugby.com/joueurs/adriaan-booysen-8976.html
Marmande,Départs,Florian LAUZUN,France,3ème ligne,26 ans,N/A,https://www.allrugby.com/joueurs/florian-lauzun-15267.html
Marmande,Départs,Arthur SMEETS,Belgique,3ème ligne,24 ans,Langon,https://www.allrugby.com/joueurs/arthur-smeets-12244.html
Marmande,Départs,Andréa RABAGO,France,Centre,30 ans,Casteljaloux,https://www.allrugby.com/joueurs/andrea-rabago-7224.html
Marmande,Départs,Théo JURADO,France,Ailier,24 ans,Langon,https://www.allrugby.com/joueurs/theo-jurado-14164.html
Marmande,Départs,Adrien PAGANOTTO,France,Pilier,23 ans,Langon,https://www.allrugby.com/joueurs/adrien-paganotto-9977.html
Marmande,Départs,Maïno PAKIHIVATAU,France,Pilier,22 ans,Stade Métropolitain,https://www.allrugby.com/joueurs/maino-pakihivatau-9976.html
Marmande,Départs,Justin SIMONNET,France,Mêlée,22 ans,N/A,https://www.allrugby.com/joueurs/justin-simonnet-13845.html
Marmande,Prolongations,Julien MORETTO,France,Pilier,33 ans,2027,https://www.allrugby.com/joueurs/julien-moretto-1979.html
Marmande,Prolongations,Valentin BOUCHERIE,France,Pilier,32 ans,2027,https://www.allrugby.com/joueurs/valentin-boucherie-11367.html
Marmande,Prolongations,Mathis DUMAIN,France,Pilier,29 ans,2027,https://www.allrugby.com/joueurs/mathis-dumain-4467.html
Marmande,Prolongations,Lucas LARRÉ-LARROUY,France,Talonneur,27 ans,2027,https://www.allrugby.com/joueurs/lucas-larre-larrouy-6221.html
Marmande,Prolongations,Thomas TOEVALU,France,2ème ligne,32 ans,2027,https://www.allrugby.com/joueurs/thomas-toevalu-3482.html
Marmande,Prolongations,Karl-Robin MALANDA,France,3ème ligne,28 ans,2027,https://www.allrugby.com/joueurs/karl-robin-malanda-8293.html
Marmande,Prolongations,Helano ALBERTO,France,3ème ligne,26 ans,2027,https://www.allrugby.com/joueurs/helano-alberto-8681.html
Marmande,Prolongations,Médéryck MOUSTIN,France,3ème ligne,24 ans,2027,https://www.allrugby.com/joueurs/mederyck-moustin-11928.html
Marmande,Prolongations,Révan GAUTIER,France,3ème ligne,24 ans,2027,https://www.allrugby.com/joueurs/revan-gautier-9724.html
Marmande,Prolongations,Rémy CHATEAURAYNAUD,France,Mêlée,29 ans,2027,https://www.allrugby.com/joueurs/remy-chateauraynaud-4533.html
Marmande,Prolongations,Thibault RABOURDIN,France,Ouverture,25 ans,2027,https://www.allrugby.com/joueurs/thibault-rabourdin-14165.html
Marmande,Prolongations,Alban CONDUCHÉ,France,Centre,29 ans,2027,https://www.allrugby.com/joueurs/alban-conduche-4218.html
Marmande,Prolongations,Ugo DELORME,France,Centre,26 ans,2027,https://www.allrugby.com/joueurs/ugo-delorme-6989.html
Marmande,Prolongations,Léo SAUVÈTRE,France,Centre,24 ans,2027,https://www.allrugby.com/joueurs/leo-sauvetre-14449.html
Marmande,Prolongations,Juan ARAUJO BORGOGNO,Argentine,Ailier,27 ans,2027,https://www.allrugby.com/joueurs/juan-araujo-borgogno-20949.html
Marmande,Prolongations,Nils GUYON,France,Ailier,26 ans,2027,https://www.allrugby.com/joueurs/nils-guyon-10871.html
Marmande,Prolongations,Antoine BAZZO,France,Arrière,22 ans,2027,https://www.allrugby.com/joueurs/antoine-bazzo-15285.html
Marmande,Prolongations,Baptiste GALLETEAU,France,Pilier,23 ans,2027,https://www.allrugby.com/joueurs/baptiste-galleteau-17682.html
Marmande,Prolongations,Hugo BONETTI,France,Talonneur,21 ans,2027,https://www.allrugby.com/joueurs/hugo-bonetti-18657.html
Marmande,Prolongations,Mathieu SOREIL,France,Talonneur,21 ans,2027,https://www.allrugby.com/joueurs/mathieu-soreil-20992.html
Marmande,Prolongations,Yvannick MUFANA,France,2ème ligne,23 ans,2027,https://www.allrugby.com/joueurs/yvannick-mufana-11785.html
Marmande,Prolongations,Thibaud SCHIRO,France,3ème ligne,21 ans,2027,https://www.allrugby.com/joueurs/thibaud-schiro-20748.html
Marmande,Prolongations,Baptiste PAULAY,France,3ème ligne,20 ans,2027,https://www.allrugby.com/joueurs/baptiste-paulay-23087.html
Marmande,Prolongations,Paulin BLANCHOT,France,Mêlée,22 ans,2027,https://www.allrugby.com/joueurs/paulin-blanchot-20808.html
Marmande,Prolongations,Elies TOCHON,France,Mêlée,21 ans,2027,https://www.allrugby.com/joueurs/elies-tochon-14391.html
Marmande,Prolongations,Luigi ESCOUTELOUP,France,Ouverture,21 ans,2027,https://www.allrugby.com/joueurs/luigi-escouteloup-14494.html
Marmande,Prolongations,Elliot MARQUET,France,Ouverture,19 ans,2027,https://www.allrugby.com/joueurs/elliot-marquet-23088.html
AS Fleurance,Arrivées,Bastien JÉGOU,France,Ouverture,27 ans,Stade Bordelais,https://www.allrugby.com/joueurs/bastien-jegou-17910.html
AS Fleurance,Arrivées,Mathieu TESQUET,France,Ouverture,26 ans,Layrac,https://www.allrugby.com/joueurs/mathieu-tesquet-23132.html
AS Fleurance,Arrivées,Adrien ALAVOINE,France,Ailier,24 ans,Valence d'Agen,https://www.allrugby.com/joueurs/adrien-alavoine-17479.html
AS Fleurance,Arrivées,Thibaud MAZZOLÉNI,France,Arrière,29 ans,Layrac,https://www.allrugby.com/joueurs/thibaud-mazzoleni-4226.html
AS Fleurance,Arrivées,Henri PASCAREL,France,Ailier,21 ans,Lannemezan,https://www.allrugby.com/joueurs/henri-pascarel-20699.html
AS Fleurance,Départs,Valentin MURADORE,France,Talonneur,26 ans,Gimont,https://www.allrugby.com/joueurs/valentin-muradore-11605.html
AS Fleurance,Départs,Lucas PRUDHOMME,France,2ème ligne,25 ans,Langon,https://www.allrugby.com/joueurs/lucas-prudhomme-8680.html
AS Fleurance,Départs,Emerick DELCAMP,France,3ème ligne,24 ans,EAB XV,https://www.allrugby.com/joueurs/emerick-delcamp-10411.html
AS Fleurance,Départs,Thomas CANTALOUP,France,Centre,33 ans,Gimont,https://www.allrugby.com/joueurs/thomas-cantaloup-13709.html
AS Fleurance,Départs,Timilai ROKODURU,Fidji,Ailier,33 ans,Floirac,https://www.allrugby.com/joueurs/timilai-rokoduru-2019.html
AS Fleurance,Départs,Kassoum DÉMÉ,Burkina Faso,Arrière,24 ans,Sarlat,https://www.allrugby.com/joueurs/kassoum-deme-21137.html
AS Fleurance,Départs,Estephano MANOROMINA,France,Pilier,23 ans,Bon-Encontre,https://www.allrugby.com/joueurs/estephano-manoromina-22525.html
AS Fleurance,Départs,Adrien RIBES,France,Talonneur,23 ans,N/A,https://www.allrugby.com/joueurs/adrien-ribes-18022.html
Valence d'Agen,Arrivées,Trésor KAMBI,République démocratique du Congo,Pilier,25 ans,Isle Jourdain,https://www.allrugby.com/joueurs/tresor-kambi-21276.html
Valence d'Agen,Arrivées,Colin OMPRARET,France,3ème ligne,25 ans,Layrac,https://www.allrugby.com/joueurs/colin-ompraret-22792.html
Valence d'Agen,Arrivées,Titouan LE NADANT,France,3ème ligne,23 ans,Castelsarrasin,https://www.allrugby.com/joueurs/titouan-le-nadant-23081.html
Valence d'Agen,Arrivées,Adrien BLAT,France,Ailier,29 ans,Castelsarrasin,https://www.allrugby.com/joueurs/adrien-blat-15760.html
Valence d'Agen,Arrivées,Jules LAUMOND,France,Pilier,21 ans,Montauban,https://www.allrugby.com/joueurs/jules-laumond-14180.html
Valence d'Agen,Arrivées,Julien BURET,France,Pilier,21 ans,Auch,https://www.allrugby.com/joueurs/julien-buret-21177.html
Valence d'Agen,Arrivées,Yanis NOTOLAN,France,3ème ligne,22 ans,Tricastin,https://www.allrugby.com/joueurs/yanis-notolan-18130.html
Valence d'Agen,Arrivées,Gabin GARRIGUES,France,Mêlée,20 ans,Castelsarrasin,https://www.allrugby.com/joueurs/gabin-garrigues-22793.html
Valence d'Agen,Arrivées,Gabriel GAYRAL,France,Ouverture,21 ans,Montauban,https://www.allrugby.com/joueurs/gabriel-gayral-22771.html
Valence d'Agen,Arrivées,Mathis GOMEZ,France,Ouverture,21 ans,Perpignan,https://www.allrugby.com/joueurs/mathis-gomez-20342.html
Valence d'Agen,Arrivées,Kévin VOLEMBINI,France,Centre,21 ans,Castelsarrasin,https://www.allrugby.com/joueurs/kevin-volembini-22794.html
Valence d'Agen,Arrivées,David MALLEZ,France,Centre,20 ans,Albi,https://www.allrugby.com/joueurs/david-mallez-23390.html
Valence d'Agen,Départs,Eudard BEZUIDENHOUT,Afrique du sud,Pilier,33 ans,COP XV,https://www.allrugby.com/joueurs/eudard-bezuidenhout-3573.html
Valence d'Agen,Départs,Clément VERMOND,France,Pilier,29 ans,Bon-Encontre,https://www.allrugby.com/joueurs/clement-vermond-4526.html
Valence d'Agen,Départs,Xavier PULU,Nouvelle-Zélande,Pilier,24 ans,N/A,https://www.allrugby.com/joueurs/xavier-pulu-13786.html
Valence d'Agen,Départs,Martin VÈZES,France,2ème ligne,30 ans,Bon-Encontre,https://www.allrugby.com/joueurs/martin-vezes-17605.html
Valence d'Agen,Départs,Yves LESCOUT,France,3ème ligne,32 ans,Graulhet,https://www.allrugby.com/joueurs/yves-lescout-4599.html
Valence d'Agen,Départs,Roy LOLESIO,Tonga,3ème ligne,26 ans,Bourg-en-Bresse,https://www.allrugby.com/joueurs/roy-lolesio-17606.html
Valence d'Agen,Départs,Titouan POUZOULLIC,France,Mêlée,25 ans,Auch,https://www.allrugby.com/joueurs/titouan-pouzoullic-9056.html
Valence d'Agen,Départs,Thomas PIQUEMAL,France,Ouverture,25 ans,Retraite,https://www.allrugby.com/joueurs/thomas-piquemal-14141.html
Valence d'Agen,Départs,Kévin LECAREUX,France,Centre,34 ans,Retraite,https://www.allrugby.com/joueurs/kevin-lecareux-17604.html
Valence d'Agen,Départs,Jason DESCHAMPS,France,Ailier,31 ans,Retraite,https://www.allrugby.com/joueurs/jason-deschamps-4221.html
Valence d'Agen,Départs,Adrien ALAVOINE,France,Ailier,24 ans,Fleurance,https://www.allrugby.com/joueurs/adrien-alavoine-17479.html
Valence d'Agen,Départs,Bastien BESNIER,France,Talonneur,21 ans,N/A,https://www.allrugby.com/joueurs/bastien-besnier-18659.html
Valence d'Agen,Départs,Mathis MARCHAND,France,Ouverture,22 ans,Layrac,https://www.allrugby.com/joueurs/mathis-marchand-15735.html
Valence d'Agen,Départs,Youn EZZEMZAMI,France,Centre,21 ans,Bon-Encontre,https://www.allrugby.com/joueurs/youn-ezzemzami-17819.html
Valence d'Agen,Départs,Florian REMUE,Belgique,Ailier,23 ans,Suresnes,https://www.allrugby.com/joueurs/florian-remue-14877.html
Valence d'Agen,Départs,Alban CROS,France,Ailier,20 ans,Peyrehorade,https://www.allrugby.com/joueurs/alban-cros-23320.html
Peyrehorade,Arrivées,Johann GRUNDLINGH,Afrique du sud,3ème ligne,30 ans,Rennes,https://www.allrugby.com/joueurs/johann-grundlingh-7913.html
Peyrehorade,Arrivées,Uri GAIL,Israël,3ème ligne,30 ans,Nuits-Saint-Georges,https://www.allrugby.com/joueurs/uri-gail-11422.html
Peyrehorade,Arrivées,Tom DOURTHE,France,Mêlée,22 ans,Dax,https://www.allrugby.com/joueurs/tom-dourthe-18194.html
Peyrehorade,Arrivées,Romain LAUGA,France,Ouverture,22 ans,Niort,https://www.allrugby.com/joueurs/romain-lauga-21372.html
Peyrehorade,Arrivées,Baptiste ETCHECHURY,France,Pilier,22 ans,sans club,https://www.allrugby.com/joueurs/baptiste-etchechury-15424.html
Peyrehorade,Arrivées,Axel CASSAGNE,France,Pilier,21 ans,Tyrosse,https://www.allrugby.com/joueurs/axel-cassagne-15672.html
Peyrehorade,Arrivées,Xabi AGUER,France,Pilier,19 ans,Hasparren,https://www.allrugby.com/joueurs/xabi-aguer-23376.html
Peyrehorade,Arrivées,Kilian COUMET,France,Talonneur,21 ans,Hasparren,https://www.allrugby.com/joueurs/kilian-coumet-23296.html
Peyrehorade,Arrivées,Maxime GRANGÉ,France,Talonneur,20 ans,Mont-de-Marsan,https://www.allrugby.com/joueurs/maxime-grange-18104.html
Peyrehorade,Arrivées,Benjamin DUPLAA,France,Talonneur,18 ans,Périgueux,https://www.allrugby.com/joueurs/benjamin-duplaa-23392.html
Peyrehorade,Arrivées,Quentin HOURDEBAIGTS,France,2ème ligne,18 ans,Habas,https://www.allrugby.com/joueurs/quentin-hourdebaigts-23380.html
Peyrehorade,Arrivées,Peïo IRIBERRY,France,3ème ligne,19 ans,Saint-Palais,https://www.allrugby.com/joueurs/peio-iriberry-23310.html
Peyrehorade,Arrivées,Iban COLET,France,Mêlée,20 ans,Hasparren,https://www.allrugby.com/joueurs/iban-colet-23358.html
Peyrehorade,Arrivées,Maxime DUDOUX,France,Mêlée,20 ans,Mont-de-Marsan,https://www.allrugby.com/joueurs/maxime-dudoux-23318.html
Peyrehorade,Arrivées,Thibaut LAURAY,France,Centre,21 ans,Bayonne,https://www.allrugby.com/joueurs/thibaut-lauray-22720.html
Peyrehorade,Arrivées,Sacha DARROTCHETCHE,France,Centre,19 ans,Bardos,https://www.allrugby.com/joueurs/sacha-darrotchetche-23385.html
Peyrehorade,Arrivées,Kylian BERT,France,Ailier,21 ans,Béziers,https://www.allrugby.com/joueurs/kylian-bert-18214.html
Peyrehorade,Arrivées,Alban CROS,France,Ailier,20 ans,Valence d'Agen,https://www.allrugby.com/joueurs/alban-cros-23320.html
Peyrehorade,Arrivées,Gabriel GENTY,France,Arrière,22 ans,Tricastin,https://www.allrugby.com/joueurs/gabriel-genty-20779.html
Peyrehorade,Départs,Jean-Baptiste PRUILHO,France,Talonneur,25 ans,Saint-Paul-lès-Dax,https://www.allrugby.com/joueurs/jean-baptiste-pruilho-23119.html
Peyrehorade,Départs,Thibaut LAVIELLE,France,2ème ligne,26 ans,N/A,https://www.allrugby.com/joueurs/thibaut-lavielle-23122.html
Peyrehorade,Départs,Théo LESGOURGUES,France,2ème ligne,24 ans,N/A,https://www.allrugby.com/joueurs/theo-lesgourgues-23165.html
Peyrehorade,Départs,Nicolas ALACCHI,France,3ème ligne,30 ans,Anglet,https://www.allrugby.com/joueurs/nicolas-alacchi-5504.html
Peyrehorade,Départs,Pierre TREBUCQ,France,Mêlée,25 ans,N/A,https://www.allrugby.com/joueurs/pierre-trebucq-23124.html
Peyrehorade,Départs,Tanguy TOLLIS,France,Mêlée,24 ans,Saint-Paul-lès-Dax,https://www.allrugby.com/joueurs/tanguy-tollis-23120.html
Peyrehorade,Départs,Maxime HÉRISSON,France,Centre,26 ans,Saint-Paul-lès-Dax,https://www.allrugby.com/joueurs/maxime-herisson-22651.html
Peyrehorade,Départs,Pierre BRANA,France,Ailier,27 ans,Saint-Paul-lès-Dax,https://www.allrugby.com/joueurs/pierre-brana-23121.html
Peyrehorade,Départs,Pierre THEVENON,France,Ailier,24 ans,N/A,https://www.allrugby.com/joueurs/pierre-thevenon-23236.html
Peyrehorade,Départs,Matéo CAZAJUS,France,Centre,23 ans,N/A,https://www.allrugby.com/joueurs/mateo-cazajus-23123.html
Peyrehorade,Départs,Yan DEYRES,France,Ailier,23 ans,Rion Morcenx,https://www.allrugby.com/joueurs/yan-deyres-18249.html
Aubenas,Arrivées,Eadin LAYZELL,Afrique du sud,Pilier,24 ans,Marmande,https://www.allrugby.com/joueurs/eadin-layzell-9934.html
Aubenas,Arrivées,Opeti DELANA,Fidji,3ème ligne,32 ans,Chartres,https://www.allrugby.com/joueurs/opeti-delana-13647.html
Aubenas,Arrivées,Yohann REN,France,3ème ligne,30 ans,Rumilly,https://www.allrugby.com/joueurs/yohann-ren-4696.html
Aubenas,Arrivées,Nicolas ONUTU,France,Ailier,30 ans,Annonay,https://www.allrugby.com/joueurs/nicolas-onutu-7573.html
Aubenas,Arrivées,Yohan FOURNIER,France,Ailier,28 ans,Suresnes,https://www.allrugby.com/joueurs/yohan-fournier-10054.html
Aubenas,Arrivées,Killyan GOUDON,France,Ailier,23 ans,Soaks (AUS),https://www.allrugby.com/joueurs/killyan-goudon-15330.html
Aubenas,Arrivées,Tiseni AFU,Tonga,Pilier,19 ans,Marist 'Api Fo'ou (TON),https://www.allrugby.com/joueurs/tiseni-afu-22645.html
Aubenas,Arrivées,Jérémy CHATAIGNIER,France,Talonneur,23 ans,Tricastin,https://www.allrugby.com/joueurs/jeremy-chataignier-17530.html
Aubenas,Arrivées,Édouard SABOTIN-DESCLAUD,France,Mêlée,21 ans,Toulon,https://www.allrugby.com/joueurs/edouard-sabotin-desclaud-15307.html
Aubenas,Arrivées,Luigi MARINA,France,Centre,22 ans,Agen,https://www.allrugby.com/joueurs/luigi-marina-18347.html
Aubenas,Départs,Gavin VAN DEN BERG,Afrique du sud,Pilier,30 ans,Montmélian,https://www.allrugby.com/joueurs/gavin-van-den-berg-12636.html
Aubenas,Départs,Louis MAURO,France,Pilier,24 ans,Marcq-en-Baroeul,https://www.allrugby.com/joueurs/louis-mauro-11529.html
Aubenas,Départs,Antonin GONTARD,France,Talonneur,29 ans,Union Rugby Ardèche Méridionale,https://www.allrugby.com/joueurs/antonin-gontard-7737.html
Aubenas,Départs,Thibaud MIGHELI,France,3ème ligne,27 ans,Montélimar,https://www.allrugby.com/joueurs/thibaud-migheli-15545.html
Aubenas,Départs,Tibaud AMBLARD,France,3ème ligne,25 ans,Montélimar,https://www.allrugby.com/joueurs/tibaud-amblard-15436.html
Aubenas,Départs,Tim TISSANDIER,France,Mêlée,23 ans,Graulhet,https://www.allrugby.com/joueurs/tim-tissandier-10667.html
Aubenas,Départs,Adrien JACQUOT,France,Ouverture,24 ans,N/A,https://www.allrugby.com/joueurs/adrien-jacquot-15807.html
Aubenas,Départs,Joshua POTDEVIN,France,Centre,23 ans,Suresnes,https://www.allrugby.com/joueurs/joshua-potdevin-13960.html
Aubenas,Départs,Louis SEUZARET,France,Arrière,26 ans,Montélimar,https://www.allrugby.com/joueurs/louis-seuzaret-14024.html
Aubenas,Départs,Sasha LEPEIGNEUL,France,Arrière,25 ans,Rennes,https://www.allrugby.com/joueurs/sasha-lepeigneul-20757.html
Aubenas,Départs,Erekle ONIKASHVILI,Géorgie,Pilier,22 ans,N/A,https://www.allrugby.com/joueurs/erekle-onikashvili-23024.html
Aubenas,Départs,Nikoloz GABEDAVA,Géorgie,Pilier,22 ans,Sarlat,https://www.allrugby.com/joueurs/nikoloz-gabedava-20787.html
Aubenas,Départs,Noah LARTOT,France,Talonneur,21 ans,Palavas,https://www.allrugby.com/joueurs/noah-lartot-18463.html
Aubenas,Départs,Léan SANCHIS,France,Mêlée,23 ans,Mazamet,https://www.allrugby.com/joueurs/lean-sanchis-14344.html
Aubenas,Départs,Éloan BOISSIER,France,Mêlée,21 ans,N/A,https://www.allrugby.com/joueurs/eloan-boissier-21342.html
Aubenas,Départs,Adolph BOTHMA,Afrique du sud,Centre,23 ans,N/A,https://www.allrugby.com/joueurs/adolph-bothma-12274.html
Aubenas,Départs,Mamoudou NIANG,France,Arrière,22 ans,N/A,https://www.allrugby.com/joueurs/mamoudou-niang-16315.html
Aubenas,Prolongations,Guillaume GUARÈSE,France,Pilier,39 ans,2027,https://www.allrugby.com/joueurs/guillaume-guarese-8194.html
Aubenas,Prolongations,Bekada BELHAOUARI,France,Pilier,34 ans,2027,https://www.allrugby.com/joueurs/bekada-belhaouari-6735.html
Aubenas,Prolongations,Nicolas GOGOLADZE,France,Pilier,23 ans,2027,https://www.allrugby.com/joueurs/nicolas-gogoladze-16311.html
Aubenas,Prolongations,Paul SAUZARET,France,Talonneur,29 ans,2027,https://www.allrugby.com/joueurs/paul-sauzaret-7072.html
Aubenas,Prolongations,Jesse FULACHIER,France,2ème ligne,31 ans,2027,https://www.allrugby.com/joueurs/jesse-fulachier-7865.html
Aubenas,Prolongations,Thomas OKEYO,Kenya,2ème ligne,26 ans,2027,https://www.allrugby.com/joueurs/thomas-okeyo-14660.html
Aubenas,Prolongations,Julien GODEL,France,2ème ligne,23 ans,2027,https://www.allrugby.com/joueurs/julien-godel-13836.html
Aubenas,Prolongations,Cody BASSON,Afrique du sud,3ème ligne,35 ans,2027,https://www.allrugby.com/joueurs/cody-basson-14060.html
Aubenas,Prolongations,Théo GRÉGEOIS,France,3ème ligne,28 ans,2027,https://www.allrugby.com/joueurs/theo-gregeois-10303.html
Aubenas,Prolongations,Côme CACCIA,France,3ème ligne,27 ans,2027,https://www.allrugby.com/joueurs/come-caccia-8580.html
Aubenas,Prolongations,Lucas CARPENTIER,France,3ème ligne,24 ans,2027,https://www.allrugby.com/joueurs/lucas-carpentier-11531.html
Aubenas,Prolongations,Romain FERNANDEZ,France,3ème ligne,24 ans,2027,https://www.allrugby.com/joueurs/romain-fernandez-8137.html
Aubenas,Prolongations,Thomas FRESSART,France,3ème ligne,24 ans,2027,https://www.allrugby.com/joueurs/thomas-fressart-12016.html
Aubenas,Prolongations,Mathias STEGER,France,Mêlée,29 ans,2027,https://www.allrugby.com/joueurs/mathias-steger-7842.html
Aubenas,Prolongations,Alexis RENOU,France,Ouverture,30 ans,2027,https://www.allrugby.com/joueurs/alexis-renou-4334.html
Aubenas,Prolongations,Vilimone SERU,Fidji,Centre,25 ans,2027,https://www.allrugby.com/joueurs/vilimone-seru-12638.html
Aubenas,Prolongations,Dazzy CORNEZ,Belgique,Ailier,30 ans,2027,https://www.allrugby.com/joueurs/dazzy-cornez-5933.html
Aubenas,Prolongations,Luc PLANTEVIN,France,Ailier,28 ans,2027,https://www.allrugby.com/joueurs/luc-plantevin-11344.html
Aubenas,Prolongations,Antoine MIRMAN,France,Ailier,25 ans,2027,https://www.allrugby.com/joueurs/antoine-mirman-15811.html
Aubenas,Prolongations,Yhan ROCHE,France,Ailier,24 ans,2027,https://www.allrugby.com/joueurs/yhan-roche-15449.html
Aubenas,Prolongations,Louis LARROUDÉ,France,Ouverture,22 ans,2028,https://www.allrugby.com/joueurs/louis-larroude-17911.html
Aubenas,Prolongations,Raphaël DELOM,France,Ouverture,20 ans,2027,https://www.allrugby.com/joueurs/raphael-delom-18358.html
Aubenas,Prolongations,Arnaud SOLA,France,Centre,23 ans,2027,https://www.allrugby.com/joueurs/arnaud-sola-11676.html
Aubenas,Prolongations,Kilyan MAGLOIRE,France,Centre,21 ans,2027,https://www.allrugby.com/joueurs/kilyan-magloire-21317.html
Auch,Arrivées,Mathys BATS,France,Pilier,23 ans,Mont-de-Marsan,https://www.allrugby.com/joueurs/mathys-bats-15870.html
Auch,Arrivées,Albert ONELEI,Samoa,Talonneur,28 ans,Blagnac,https://www.allrugby.com/joueurs/albert-onelei-15775.html
Auch,Arrivées,Leva FIFITA,Tonga,2ème ligne,36 ans,Narbonne,https://www.allrugby.com/joueurs/halaleva-fifita-5387.html
Auch,Arrivées,Mathieu SOUFFLET,France,2ème ligne,27 ans,Tarbes,https://www.allrugby.com/joueurs/mathieu-soufflet-15299.html
Auch,Arrivées,Thibault CLAUZADE,France,3ème ligne,28 ans,Narbonne,https://www.allrugby.com/joueurs/thibault-clauzade-14170.html
Auch,Arrivées,Léo SAINT-GUILHEM,France,3ème ligne,26 ans,Tarbes,https://www.allrugby.com/joueurs/leo-saint-guilhem-10385.html
Auch,Arrivées,Titouan POUZOULLIC,France,Mêlée,25 ans,Valence d'Agen,https://www.allrugby.com/joueurs/titouan-pouzoullic-9056.html
Auch,Arrivées,Timoci KOTOISUVA,Fidji,Centre,21 ans,Currumbin Eagles RLFC (AUS),https://www.allrugby.com/joueurs/timoci-kotoisuva-22999.html
Auch,Arrivées,Lukas MENKARSKA,France,Talonneur,20 ans,Langon,https://www.allrugby.com/joueurs/lukas-menkarska-22611.html
Auch,Arrivées,Tony GALAS,France,3ème ligne,20 ans,Nîmes,https://www.allrugby.com/joueurs/tony-galas-15767.html
Auch,Arrivées,Edgar ROUCH,France,Mêlée,22 ans,Mont-de-Marsan,https://www.allrugby.com/joueurs/edgar-rouch-20844.html
Auch,Départs,Sylvain ABADIE,France,Pilier,36 ans,Retraite,https://www.allrugby.com/joueurs/sylvain-abadie-1541.html
Auch,Départs,Alexandre RAYNIER,France,Talonneur,32 ans,Castelnaudary,https://www.allrugby.com/joueurs/alexandre-raynier-11551.html
Auch,Départs,Thibeau PERRONI,France,2ème ligne,23 ans,Lannemezan,https://www.allrugby.com/joueurs/thibeau-perroni-18125.html
Auch,Départs,Toon DECEUNINCK,Belgique,3ème ligne,25 ans,Langon,https://www.allrugby.com/joueurs/toon-deceuninck-12510.html
Auch,Départs,Armand CARRIÈRE,France,3ème ligne,24 ans,Graulhet,https://www.allrugby.com/joueurs/armand-carriere-12146.html
Auch,Départs,Bastien MASSART,France,Mêlée,28 ans,EAB XV,https://www.allrugby.com/joueurs/bastien-massart-11610.html
Auch,Départs,Benjamin MAGNOAC,France,Ouverture,30 ans,Lombez Samatan,https://www.allrugby.com/joueurs/benjamin-magnoac-5210.html
Auch,Départs,Aurélien CHAUMONT,France,Centre,27 ans,Isle Jourdain,https://www.allrugby.com/joueurs/aurelien-chaumont-21013.html
Auch,Départs,Siegfried VANDEKERKOF,France,Ailier,33 ans,Retraite,https://www.allrugby.com/joueurs/siegfried-vandekerkof-15402.html
Auch,Départs,Baptiste GUIZOT,France,Pilier,23 ans,Lannemezan,https://www.allrugby.com/joueurs/baptiste-guizot-17571.html
Auch,Départs,Julien BURET,France,Pilier,21 ans,Valence d'Agen,https://www.allrugby.com/joueurs/julien-buret-21177.html
Auch,Départs,Simon FERRARIS,France,Talonneur,22 ans,Lannemezan,https://www.allrugby.com/joueurs/simon-ferraris-21012.html
Auch,Départs,Émilien DUSSAUX,France,Talonneur,16 ans,Pau,https://www.allrugby.com/joueurs/emilien-dussaux-22512.html
Auch,Départs,Bogdan BOUDANOV,France,3ème ligne,20 ans,Isle Jourdain,https://www.allrugby.com/joueurs/bogdan-boudanov-20832.html
Auch,Départs,César BENTAYOU,France,Mêlée,21 ans,Lannemezan,https://www.allrugby.com/joueurs/cesar-bentayou-17631.html
Auch,Prolongations,Géraud CLERMONT,France,Pilier,33 ans,2027,https://www.allrugby.com/joueurs/geraud-clermont-9658.html
Auch,Prolongations,Jordan ROCCA,France,Pilier,32 ans,2027,https://www.allrugby.com/joueurs/jordan-rocca-1841.html
Auch,Prolongations,Nassim EL YOUMOURI,France,Pilier,28 ans,2027,https://www.allrugby.com/joueurs/nassim-el-youmouri-8322.html
Auch,Prolongations,Benoît HALZUET,France,Pilier,26 ans,2027,https://www.allrugby.com/joueurs/benoit-halzuet-10199.html
Auch,Prolongations,Romain SCHLIENGER,France,Talonneur,27 ans,2027,https://www.allrugby.com/joueurs/romain-schlienger-8141.html
Auch,Prolongations,Gaël DOMS,France,Talonneur,24 ans,2027,https://www.allrugby.com/joueurs/gael-doms-11281.html
Auch,Prolongations,Gysbert DU PREEZ,Afrique du sud,2ème ligne,25 ans,2027,https://www.allrugby.com/joueurs/gysbert-du-preez-14390.html
Auch,Prolongations,Bastien TRAPE,France,2ème ligne,24 ans,2027,https://www.allrugby.com/joueurs/bastien-trape-15823.html
Auch,Prolongations,Cyril ANDRÉ,France,3ème ligne,33 ans,2027,https://www.allrugby.com/joueurs/cyril-andre-2017.html
Auch,Prolongations,Théo THIERRY,France,3ème ligne,31 ans,2027,https://www.allrugby.com/joueurs/theo-thierry-15300.html
Auch,Prolongations,Andréa DARDENNE,France,3ème ligne,25 ans,2027,https://www.allrugby.com/joueurs/andrea-dardenne-14109.html
Auch,Prolongations,Léo DEBETS,France,3ème ligne,25 ans,2027,https://www.allrugby.com/joueurs/leo-debets-15298.html
Auch,Prolongations,Clément PÉRUSIN,France,Mêlée,23 ans,2027,https://www.allrugby.com/joueurs/clement-perusin-13688.html
Auch,Prolongations,Aurélien LABAU,France,Centre,27 ans,2027,https://www.allrugby.com/joueurs/aurelien-labau-8256.html
Auch,Prolongations,Mathis LAFFORGUE,France,Centre,24 ans,2027,https://www.allrugby.com/joueurs/mathis-lafforgue-15401.html
Auch,Prolongations,Matias MARTIELLO,Italie,Ailier,29 ans,2027,https://www.allrugby.com/joueurs/matias-martiello-17474.html
Auch,Prolongations,Rémy HUERTAS,France,Ailier,29 ans,2027,https://www.allrugby.com/joueurs/remy-huertas-15400.html
Auch,Prolongations,Pierre LORASCHI,France,Arrière,27 ans,2027,https://www.allrugby.com/joueurs/pierre-loraschi-21002.html
Auch,Prolongations,Martin LARRIBEAU,France,Pilier,21 ans,2027,https://www.allrugby.com/joueurs/martin-larribeau-18284.html
Auch,Prolongations,Juan NORIEGA,Chili,Centre,23 ans,2027,https://www.allrugby.com/joueurs/juan-noriega-mera-17979.html
Auch,Prolongations,Lucien ROZIS,France,Centre,21 ans,2028,https://www.allrugby.com/joueurs/lucien-rozis-20783.html
Auch,Prolongations,Benjamin VERDIER,France,Arrière,20 ans,2027,https://www.allrugby.com/joueurs/benjamin-verdier-20851.html
Nîmes,Arrivées,Sione FUNAKI,Tonga,3ème ligne,25 ans,Annonay,https://www.allrugby.com/joueurs/sione-funaki-22691.html
Nîmes,Arrivées,Jacob BOTICA,Nouvelle-Zélande,Ouverture,33 ans,Tarbes,https://www.allrugby.com/joueurs/jacob-botica-3319.html
Nîmes,Arrivées,Henry TUILAGI,Samoa,Centre,25 ans,Périgueux,https://www.allrugby.com/joueurs/henry-tuilagi-12575.html
Nîmes,Arrivées,Tavite VEREDAMU,Fidji,Ailier,36 ans,Perpignan,https://www.allrugby.com/joueurs/tavite-veredamu-10572.html
Nîmes,Arrivées,Thomas LEPEIGNEUL,France,3ème ligne,20 ans,Béziers,https://www.allrugby.com/joueurs/thomas-lepeigneul-22638.html
Nîmes,Arrivées,Matthieu PIPÉROL,France,Ailier,23 ans,Tricastin,https://www.allrugby.com/joueurs/matthieu-piperol-12133.html
Nîmes,Arrivées,Noa LASSAUX,France,Ailier,20 ans,Béziers,https://www.allrugby.com/joueurs/noa-lassaux-22574.html
Nîmes,Départs,Marius VIALLE,France,3ème ligne,34 ans,Retraite,https://www.allrugby.com/joueurs/marius-vialle-2025.html
Nîmes,Départs,Tom LLABRES,France,3ème ligne,32 ans,N/A,https://www.allrugby.com/joueurs/tom-llabres-3503.html
Nîmes,Départs,William VACCARIL,France,3ème ligne,31 ans,N/A,https://www.allrugby.com/joueurs/william-vaccaril-4512.html
Nîmes,Départs,Paul KELLY,France,3ème ligne,27 ans,Retraite,https://www.allrugby.com/joueurs/paul-cuny-10066.html
Nîmes,Départs,Nathan SABBIA,France,Ouverture,26 ans,RC Les Angles,https://www.allrugby.com/joueurs/nathan-sabbia-8435.html
Nîmes,Départs,Timothée GUILLIMIN,France,Centre,30 ans,Retraite,https://www.allrugby.com/joueurs/timothee-guillimin-4225.html
Nîmes,Départs,Gabriel AUSTRUY,France,Centre,24 ans,Bédarrides - Châteauneuf-du-Pape,https://www.allrugby.com/joueurs/gabriel-austruy-10013.html
Nîmes,Départs,Samuel ROCHE,France,Arrière,29 ans,Nantes,https://www.allrugby.com/joueurs/samuel-roche-6953.html
Nîmes,Départs,Martin FÉLIX,France,Arrière,28 ans,Bourg-en-Bresse,https://www.allrugby.com/joueurs/martin-felix-6102.html
Nîmes,Départs,Rodrigue MONNIER,France,Talonneur,21 ans,Sarlat,https://www.allrugby.com/joueurs/rodrigue-monnier-17892.html
Nîmes,Départs,Lucas BÉVIS,France,3ème ligne,22 ans,RC Les Angles,https://www.allrugby.com/joueurs/lucas-bevis-23083.html
Nîmes,Départs,Tony GALAS,France,3ème ligne,20 ans,Auch,https://www.allrugby.com/joueurs/tony-galas-15767.html
Nîmes,Prolongations,Zeid STANKOVIC,Bosnie-Herzégovine,Pilier,34 ans,2028,https://www.allrugby.com/joueurs/zeid-stankovic-4475.html
Nîmes,Prolongations,Mathis ARNAUD,France,Pilier,29 ans,2028,https://www.allrugby.com/joueurs/mathis-arnaud-7758.html
Nîmes,Prolongations,Maxime BARBET,France,Pilier,25 ans,2028,https://www.allrugby.com/joueurs/maxime-barbet-11493.html
Nîmes,Prolongations,Baptiste PHALIP,France,Talonneur,31 ans,2028,https://www.allrugby.com/joueurs/baptiste-phalip-3615.html
Nîmes,Prolongations,Guilhem BOURGOIS,France,Talonneur,29 ans,2028,https://www.allrugby.com/joueurs/guilhem-bourgois-5490.html
Nîmes,Prolongations,Maxence BOISSIÈRE,France,2ème ligne,26 ans,2028,https://www.allrugby.com/joueurs/maxence-boissiere-11399.html
Nîmes,Prolongations,Thomas COIGNAT,France,3ème ligne,29 ans,2029,https://www.allrugby.com/joueurs/thomas-coignat-6934.html
Nîmes,Prolongations,Benjamin BARNERIAS,France,3ème ligne,28 ans,2029,https://www.allrugby.com/joueurs/benjamin-barnerias-8782.html
Nîmes,Prolongations,Justin PHILLIPS,Afrique du sud,Mêlée,31 ans,2028,https://www.allrugby.com/joueurs/justin-phillips-6600.html
Nîmes,Prolongations,Charles ROBBE,France,Centre,33 ans,2027,https://www.allrugby.com/joueurs/charles-robbe-10108.html
Nîmes,Prolongations,Thomas ROCHE,France,Centre,26 ans,2027,https://www.allrugby.com/joueurs/thomas-roche-11160.html
Nîmes,Prolongations,Romain DARMON,France,Arrière,33 ans,2027,https://www.allrugby.com/joueurs/romain-darmon-9901.html
Nîmes,Prolongations,Mathis DORS,France,2ème ligne,22 ans,2027,https://www.allrugby.com/joueurs/mathis-dors-20763.html
Nîmes,Prolongations,Sam L'HARIDON,France,3ème ligne,22 ans,2027,https://www.allrugby.com/joueurs/sam-l-haridon-22562.html
Nîmes,Prolongations,Antoine BRUNET,France,3ème ligne,21 ans,2027,https://www.allrugby.com/joueurs/antoine-brunet-22675.html
Nîmes,Prolongations,Tom DI PASQUALE,France,Mêlée,22 ans,2028,https://www.allrugby.com/joueurs/tom-di-pasquale-17562.html
Nîmes,Prolongations,Paul TORQUEBIAU,France,Ouverture,21 ans,2028,https://www.allrugby.com/joueurs/paul-torquebiau-22659.html
Nîmes,Prolongations,Julien BURGUILLOS,France,Ailier,21 ans,2027,https://www.allrugby.com/joueurs/julien-burguillos-15367.html
Nîmes,Prolongations,Yoan SERVA,France,Arrière,20 ans,2027,https://www.allrugby.com/joueurs/yoan-serva-22583.html
RC Tricastin,Arrivées,Elias NOURI,France,Pilier,32 ans,Rumilly,https://www.allrugby.com/joueurs/elias-nouri-10144.html
RC Tricastin,Arrivées,Dylan JACQUOT,France,Pilier,31 ans,Orléans,https://www.allrugby.com/joueurs/dylan-jacquot-3401.html
RC Tricastin,Arrivées,Nicolas LEMAIRE,France,Pilier,30 ans,Rouen,https://www.allrugby.com/joueurs/nicolas-lemaire-5246.html
RC Tricastin,Arrivées,Rayan HASSANI,France,Pilier,25 ans,La Seyne,https://www.allrugby.com/joueurs/rayan-hassani-12195.html
RC Tricastin,Arrivées,Rayan AMARA,France,Pilier,23 ans,Rennes,https://www.allrugby.com/joueurs/rayan-amara-20600.html
RC Tricastin,Arrivées,Dimitri CHAUVET,France,Talonneur,22 ans,Albi,https://www.allrugby.com/joueurs/dimitri-chauvet-17950.html
RC Tricastin,Arrivées,Damien GIRIER,France,Talonneur,20 ans,Massy,https://www.allrugby.com/joueurs/damien-girier-dufournier-22258.html
RC Tricastin,Arrivées,Louis ESPIGUE,France,Talonneur,20 ans,Béziers,https://www.allrugby.com/joueurs/louis-espigue-18215.html
RC Tricastin,Arrivées,Dorian BONNIN,France,3ème ligne,27 ans,Graulhet,https://www.allrugby.com/joueurs/dorian-bonnin-7081.html
RC Tricastin,Arrivées,Réda EL GHARBAOUI,France,3ème ligne,25 ans,Gruissan,https://www.allrugby.com/joueurs/reda-el-gharbaoui-9936.html
RC Tricastin,Arrivées,Paulin LLORCA,France,3ème ligne,24 ans,Carpentras XIII,https://www.allrugby.com/joueurs/paulin-llorca-23403.html
RC Tricastin,Arrivées,Baptiste BELHADJ,France,3ème ligne,22 ans,Aix,https://www.allrugby.com/joueurs/baptiste-belhadj-14793.html
RC Tricastin,Arrivées,Jordan VAIDIE,France,Mêlée,24 ans,Bédarrides - Châteauneuf-du-Pape,https://www.allrugby.com/joueurs/jordan-vaidie-11650.html
RC Tricastin,Arrivées,Julien ICHAMBRE,France,Centre,25 ans,Berre-l'Étang,https://www.allrugby.com/joueurs/julien-ichambre-10102.html
RC Tricastin,Arrivées,Axel POTDEVIN,France,Arrière,23 ans,La Seyne,https://www.allrugby.com/joueurs/axel-potdevin-13959.html
RC Tricastin,Arrivées,Kamel MAHFOUDHI,France,Pilier,23 ans,Vienne,https://www.allrugby.com/joueurs/kamel-mahfoudhi-23293.html
RC Tricastin,Arrivées,Thomas BOUCHON,France,Pilier,22 ans,Union Barbezieux Jonzac,https://www.allrugby.com/joueurs/thomas-bouchon-21106.html
RC Tricastin,Arrivées,Vilgemi GVALIA,Géorgie,Pilier,22 ans,Tulle,https://www.allrugby.com/joueurs/vilgemi-gvalia-17915.html
RC Tricastin,Arrivées,Mathis BELTRANDO,France,Pilier,21 ans,Colomiers,https://www.allrugby.com/joueurs/mathis-beltrando-23202.html
RC Tricastin,Arrivées,Soakimi PISE,France,Pilier,20 ans,Aix,https://www.allrugby.com/joueurs/soakimi-pise-18184.html
RC Tricastin,Arrivées,Sacha DESCLAIS,France,Pilier,19 ans,Rugby Torino (ITA),https://www.allrugby.com/joueurs/sacha-desclais-23279.html
RC Tricastin,Arrivées,Tom COUEGNAS,France,Pilier,17 ans,Orange,https://www.allrugby.com/joueurs/tom-couegnas-23317.html
RC Tricastin,Arrivées,Marwane CHAFEI,France,2ème ligne,23 ans,Castelsarrasin,https://www.allrugby.com/joueurs/marwane-chafei-17879.html
RC Tricastin,Arrivées,Noah ROUX,France,2ème ligne,21 ans,Montélimar,https://www.allrugby.com/joueurs/noah-roux-23339.html
RC Tricastin,Arrivées,Cédric SCHINTU,France,3ème ligne,22 ans,Stade Uchaudois Associatif RC,https://www.allrugby.com/joueurs/cedric-schintu-23372.html
RC Tricastin,Arrivées,Corentyn CHAPPELLE,France,3ème ligne,22 ans,Bourg-Saint-Andéol,https://www.allrugby.com/joueurs/corentyn-chappelle-23413.html
RC Tricastin,Arrivées,Hippolyte FONTAINE,France,3ème ligne,21 ans,Bourgoin,https://www.allrugby.com/joueurs/hippolyte-fontaine-23389.html
RC Tricastin,Arrivées,Thibaut DUMAINE,France,3ème ligne,20 ans,Valence Romans,https://www.allrugby.com/joueurs/thibaut-dumaine-23377.html
RC Tricastin,Arrivées,Téo BOUCHERON,France,Mêlée,21 ans,Massy,https://www.allrugby.com/joueurs/teo-boucheron-18202.html
RC Tricastin,Départs,Bakary KEÏTA,France,Pilier,28 ans,Tours,https://www.allrugby.com/joueurs/bakary-keita-5522.html
RC Tricastin,Départs,Walid MAAMRY,France,Pilier,27 ans,Châteaurenard,https://www.allrugby.com/joueurs/walid-maamry-5381.html
RC Tricastin,Départs,Corentin BAYLE,France,Pilier,26 ans,Montélimar,https://www.allrugby.com/joueurs/corentin-bayle-21475.html
RC Tricastin,Départs,Ahmed FÉKIR,France,Pilier,24 ans,Rumilly,https://www.allrugby.com/joueurs/ahmed-fekir-15250.html
RC Tricastin,Départs,Mathieu GUIRONNET,France,Pilier,24 ans,Saint-Jean-en-Royans,https://www.allrugby.com/joueurs/mathieu-guironnet-15781.html
RC Tricastin,Départs,Luciano NOBAU,Argentine,Talonneur,27 ans,N/A,https://www.allrugby.com/joueurs/luciano-nobau-21061.html
RC Tricastin,Départs,Ronan GIRARD,France,3ème ligne,24 ans,Bédarrides - Châteauneuf-du-Pape,https://www.allrugby.com/joueurs/ronan-girard-17704.html
RC Tricastin,Départs,Corentin FOUBET,France,Mêlée,26 ans,Beaune,https://www.allrugby.com/joueurs/corentin-foubet-10134.html
RC Tricastin,Départs,Gauthier RAOULX,France,Mêlée,25 ans,Bédarrides - Châteauneuf-du-Pape,https://www.allrugby.com/joueurs/gauthier-raoulx-11592.html
RC Tricastin,Départs,Simon BOURROUX,France,Centre,34 ans,Retraite,https://www.allrugby.com/joueurs/simon-bourroux-21118.html
RC Tricastin,Départs,Mattéo GUILLAUME,France,Centre,26 ans,Saint-Jean-en-Royans,https://www.allrugby.com/joueurs/matteo-guillaume-11993.html
RC Tricastin,Départs,Thomas LANNY,France,Ailier,31 ans,Montélimar,https://www.allrugby.com/joueurs/thomas-lanny-10328.html
RC Tricastin,Départs,Shann THOMAS,France,Ailier,26 ans,Montélimar,https://www.allrugby.com/joueurs/thomas-shann-11679.html
RC Tricastin,Départs,Tanguy PÉGAZ,France,Pilier,23 ans,Stade Métropolitain,https://www.allrugby.com/joueurs/tanguy-pegaz-15325.html
RC Tricastin,Départs,Logan CIDRE,France,Pilier,22 ans,Pézenas,https://www.allrugby.com/joueurs/logan-cidre-20935.html
RC Tricastin,Départs,Jérémy CHATAIGNIER,France,Talonneur,23 ans,Aubenas,https://www.allrugby.com/joueurs/jeremy-chataignier-17530.html
RC Tricastin,Départs,Dorian PÉRON,France,3ème ligne,23 ans,Châteaurenard,https://www.allrugby.com/joueurs/dorian-peron-11732.html
RC Tricastin,Départs,Christoph BRYS,Belgique,3ème ligne,22 ans,Bédarrides - Châteauneuf-du-Pape,https://www.allrugby.com/joueurs/christoph-brys-12432.html
RC Tricastin,Départs,Yanis NOTOLAN,France,3ème ligne,22 ans,Valence d'Agen,https://www.allrugby.com/joueurs/yanis-notolan-18130.html
RC Tricastin,Départs,Matthieu PIPÉROL,France,Ailier,23 ans,Nîmes,https://www.allrugby.com/joueurs/matthieu-piperol-12133.html
RC Tricastin,Départs,Gabriel GENTY,France,Arrière,22 ans,Peyrehorade,https://www.allrugby.com/joueurs/gabriel-genty-20779.html
RC Tricastin,Prolongations,Paîto TUFELE,France,Pilier,24 ans,2027,https://www.allrugby.com/joueurs/paito-tufele-14189.html
RC Tricastin,Prolongations,Yassine MAAMRY,France,2ème ligne,33 ans,2027,https://www.allrugby.com/joueurs/yassine-maamry-2069.html
RC Tricastin,Prolongations,Théo BERTHIER,France,2ème ligne,26 ans,N/A,https://www.allrugby.com/joueurs/theo-berthier-21060.html
RC Tricastin,Prolongations,Wadii JARDI,France,2ème ligne,24 ans,2027,https://www.allrugby.com/joueurs/wadii-jardi-22628.html
RC Tricastin,Prolongations,Wahib EL BAKIRI,France,2ème ligne,22 ans,2027,https://www.allrugby.com/joueurs/wahib-el-bakiri-21275.html
RC Tricastin,Prolongations,Élian BAZENET,France,3ème ligne,24 ans,2027,https://www.allrugby.com/joueurs/elian-bazenet-15667.html
RC Tricastin,Prolongations,Matéo JEUNE JOLY,France,Mêlée,24 ans,2027,https://www.allrugby.com/joueurs/mateo-jeune-11231.html
RC Tricastin,Prolongations,Mathéo FAURE,France,Ouverture,24 ans,2027,https://www.allrugby.com/joueurs/matheo-faure-20848.html
RC Tricastin,Prolongations,Marco SANCHEZ,France,Centre,23 ans,2027,https://www.allrugby.com/joueurs/marco-sanchez-15739.html
RC Tricastin,Prolongations,Audrey SOUBEYRAND,France,Ailier,24 ans,2027,https://www.allrugby.com/joueurs/audrey-soubeyrand-12320.html
RC Tricastin,Prolongations,Mathis AFOY,France,Ailier,24 ans,2027,https://www.allrugby.com/joueurs/mathis-afoy-15686.html
RC Tricastin,Prolongations,Adrian KASITO,Ouganda,Arrière,30 ans,2027,https://www.allrugby.com/joueurs/adrian-kasito-20987.html
RC Tricastin,Prolongations,Jules MISSLAND,France,Arrière,25 ans,2027,https://www.allrugby.com/joueurs/jules-missland-11647.html
RC Tricastin,Prolongations,Victor BONNARDEL,France,Talonneur,21 ans,2027,https://www.allrugby.com/joueurs/victor-bonnardel-17914.html
RC Tricastin,Prolongations,Léo FOURNIER,France,2ème ligne,21 ans,N/A,https://www.allrugby.com/joueurs/leo-fournier-21048.html
RC Tricastin,Prolongations,Gatien GOUVILLE,France,2ème ligne,20 ans,2027,https://www.allrugby.com/joueurs/gatien-gouville-22629.html
RC Tricastin,Prolongations,Cantin FOGUET,France,3ème ligne,22 ans,2027,https://www.allrugby.com/joueurs/cantin-foguet-16344.html
RC Tricastin,Prolongations,Corentin DUTRONC,France,3ème ligne,22 ans,2027,https://www.allrugby.com/joueurs/corentin-dutronc-20934.html
RC Tricastin,Prolongations,Enzo SAYTOUR,France,3ème ligne,22 ans,2027,https://www.allrugby.com/joueurs/enzo-saytour-14192.html
RC Tricastin,Prolongations,Mathéo DETREILLE,France,3ème ligne,20 ans,2027,https://www.allrugby.com/joueurs/matheo-detreille-21049.html
RC Tricastin,Prolongations,Thémis YATTOU,France,3ème ligne,19 ans,2027,https://www.allrugby.com/joueurs/themis-yattou-22630.html
RC Tricastin,Prolongations,Baptiste DE CHIVRÉ,France,Mêlée,20 ans,2027,https://www.allrugby.com/joueurs/baptiste-de-chivre-15320.html
RC Tricastin,Prolongations,Paul DOUTRES,France,Mêlée,19 ans,2027,https://www.allrugby.com/joueurs/paul-doutres-22610.html
RC Tricastin,Prolongations,Thibaud GACHET,France,Ouverture,19 ans,2027,https://www.allrugby.com/joueurs/thibaud-gachet-22631.html
RC Tricastin,Prolongations,Clémant FAUVERGE,France,Centre,19 ans,2027,https://www.allrugby.com/joueurs/clemant-fauverge-22608.html
RC Tricastin,Prolongations,Evan VAISSIE,France,Ailier,22 ans,2027,https://www.allrugby.com/joueurs/evan-vaissie-17689.html
RC Tricastin,Prolongations,Néo FLENGHI,France,Ailier,21 ans,2027,https://www.allrugby.com/joueurs/neo-flenghi-22607.html
RC Tricastin,Prolongations,Kenzo CAPOCCHI,France,Ailier,19 ans,2027,https://www.allrugby.com/joueurs/kenzo-capocchi-22609.html
Mauléon,Arrivées,Alexandre TISNÉRAT,France,3ème ligne,24 ans,Olympique Ossalois Laruns,https://www.allrugby.com/joueurs/alexandre-tisnerat-23387.html
Mauléon,Arrivées,Gaby VERCELLONI,France,Pilier,19 ans,Toulon,https://www.allrugby.com/joueurs/gaby-vercelloni-21203.html
Mauléon,Arrivées,Kylian AGUER,France,Pilier,18 ans,Riscle,https://www.allrugby.com/joueurs/kylian-aguer-23427.html
Mauléon,Arrivées,Pette HONTAAS,France,Ouverture,20 ans,Mont-de-Marsan,https://www.allrugby.com/joueurs/pette-hontaas-23404.html
Mauléon,Départs,Enzo MAIDANA,Argentine,Pilier,25 ans,Isle Jourdain,https://www.allrugby.com/joueurs/enzo-maidana-23313.html
Mauléon,Départs,Marc ZIEGLER,France,3ème ligne,28 ans,Coarraze-Nay,https://www.allrugby.com/joueurs/marc-ziegler-23290.html
Mauléon,Départs,Aurélien DONNADIEU,France,Mêlée,28 ans,Anglet,https://www.allrugby.com/joueurs/aurelien-donnadieu-8686.html
Mauléon,Départs,Noé BLONDEAU,France,Centre,24 ans,Soustons,https://www.allrugby.com/joueurs/noe-blondeau-18124.html
Mauléon,Départs,Petti ARROSSAGARAY,France,Pilier,19 ans,Bayonne,https://www.allrugby.com/joueurs/petti-arrossagaray-22491.html
SG Graulhet,Arrivées,Franco FERNANDEZ-PIZZIO,Argentine,Pilier,29 ans,Bergerac,https://www.allrugby.com/joueurs/franco-fernandez-pizzio-23321.html
SG Graulhet,Arrivées,Jonathan KPOKU,Angleterre,2ème ligne,27 ans,Albi,https://www.allrugby.com/joueurs/jonathan-kpoku-7210.html
SG Graulhet,Arrivées,Yves LESCOUT,France,3ème ligne,32 ans,Valence d'Agen,https://www.allrugby.com/joueurs/yves-lescout-4599.html
SG Graulhet,Arrivées,Titouan CASTEL,France,3ème ligne,25 ans,Castanet,https://www.allrugby.com/joueurs/titouan-castel-15821.html
SG Graulhet,Arrivées,Armand CARRIÈRE,France,3ème ligne,24 ans,Auch,https://www.allrugby.com/joueurs/armand-carriere-12146.html
SG Graulhet,Arrivées,Gaël EKPE,France,3ème ligne,24 ans,Genève (SUI),https://www.allrugby.com/joueurs/gael-ekpe-13851.html
SG Graulhet,Arrivées,Tim TISSANDIER,France,Mêlée,23 ans,Aubenas,https://www.allrugby.com/joueurs/tim-tissandier-10667.html
SG Graulhet,Arrivées,Charly GOZE,France,Ouverture,32 ans,Gaillac,https://www.allrugby.com/joueurs/charly-goze-23283.html
SG Graulhet,Arrivées,Aaron STAFFORD,France,Centre,26 ans,Bourg-en-Bresse,https://www.allrugby.com/joueurs/aaron-stafford-10297.html
SG Graulhet,Arrivées,Teddy GOZE,France,Ailier,30 ans,Gaillac,https://www.allrugby.com/joueurs/teddy-goze-23289.html
SG Graulhet,Arrivées,Florian BAQUEY,France,Pilier,21 ans,Bordeaux,https://www.allrugby.com/joueurs/florian-baquey-18399.html
SG Graulhet,Arrivées,Maxime MATTELIN,France,Pilier,20 ans,Saint-Sulpice-sur-Lèze,https://www.allrugby.com/joueurs/maxime-mattelin-21526.html
SG Graulhet,Arrivées,Allan ESCANDE,France,Talonneur,23 ans,Salles,https://www.allrugby.com/joueurs/allan-escande-17677.html
SG Graulhet,Arrivées,Enzo VICTORIN-IMBERT,France,2ème ligne,21 ans,Stade Bordelais,https://www.allrugby.com/joueurs/enzo-victorin-imbert-23243.html
SG Graulhet,Arrivées,Hugo FUENTES,France,3ème ligne,22 ans,Bédarrides - Châteauneuf-du-Pape,https://www.allrugby.com/joueurs/hugo-fuentes-12128.html
SG Graulhet,Arrivées,Louis GERBET,France,3ème ligne,19 ans,Castres,https://www.allrugby.com/joueurs/louis-gerbet-23177.html
SG Graulhet,Arrivées,Sacha USCLAT,France,Mêlée,20 ans,Aix,https://www.allrugby.com/joueurs/sacha-usclat-18681.html
SG Graulhet,Arrivées,Simon COLLE,France,Centre,21 ans,Colomiers,https://www.allrugby.com/joueurs/simon-colle-23402.html
SG Graulhet,Arrivées,Jules COTTIER,France,Centre,20 ans,Castres,https://www.allrugby.com/joueurs/jules-cottier-23212.html
SG Graulhet,Arrivées,Leno PÉTEL,France,Centre,18 ans,Jacou,https://www.allrugby.com/joueurs/leno-petel-23428.html
SG Graulhet,Arrivées,Kévin JOURNOU,France,Ailier,23 ans,Castanet,https://www.allrugby.com/joueurs/kevin-journou-20830.html
SG Graulhet,Arrivées,Corentin GOURG,France,Ailier,21 ans,Bordeaux,https://www.allrugby.com/joueurs/corentin-gourg-18415.html
SG Graulhet,Arrivées,Mattéo PLO,France,Ailier,20 ans,Albi,https://www.allrugby.com/joueurs/matteo-plo-21512.html
SG Graulhet,Arrivées,Nolan PROMENEUR,France,Arrière,21 ans,Castres,https://www.allrugby.com/joueurs/nolan-promeneur-20843.html
SG Graulhet,Arrivées,Thibault RIVIÈRE,France,Arrière,19 ans,Albi,https://www.allrugby.com/joueurs/thibault-riviere-23282.html
SG Graulhet,Départs,Maxime ESCUR,France,Pilier,37 ans,N/A,https://www.allrugby.com/joueurs/maxime-escur-1854.html
SG Graulhet,Départs,Angel DURANGO,Espagne,Pilier,31 ans,Liceo Francés (ESP),https://www.allrugby.com/joueurs/angel-durango-4631.html
SG Graulhet,Départs,German RAVAROTTO KÖHLER,Argentine,Pilier,29 ans,Lavaur,https://www.allrugby.com/joueurs/german-ravarotto-kohler-14313.html
SG Graulhet,Départs,Amine HINDI,France,Pilier,24 ans,Castelnaudary,https://www.allrugby.com/joueurs/amine-hindi-20863.html
SG Graulhet,Départs,Raiatua MARA,France,Talonneur,27 ans,Rodez,https://www.allrugby.com/joueurs/raiatua-mara-10458.html
SG Graulhet,Départs,Olivier RÉGNIER,France,2ème ligne,38 ans,N/A,https://www.allrugby.com/joueurs/olivier-regnier-13885.html
SG Graulhet,Départs,Dorian BONNIN,France,3ème ligne,27 ans,Tricastin,https://www.allrugby.com/joueurs/dorian-bonnin-7081.html
SG Graulhet,Départs,Jade PLANE,Pays-Bas,3ème ligne,25 ans,N/A,https://www.allrugby.com/joueurs/jade-plane-12169.html
SG Graulhet,Départs,Matthew DOYLE,Afrique du sud,Mêlée,26 ans,Monaco (MCO),https://www.allrugby.com/joueurs/matthew-doyle-17623.html
SG Graulhet,Départs,Josiah TWUM-BOAFO,Ghana,Centre,28 ans,Gruissan,https://www.allrugby.com/joueurs/josiah-twum-boafo-9008.html
SG Graulhet,Départs,Maxence BONNIN,France,Centre,24 ans,Rumilly,https://www.allrugby.com/joueurs/maxence-bonnin-12387.html
SG Graulhet,Départs,Logan BAYLE-BOUET,France,Centre,23 ans,Rodez,https://www.allrugby.com/joueurs/logan-bayle-18061.html
SG Graulhet,Départs,Darry DESPLAN,France,Ailier,28 ans,N/A,https://www.allrugby.com/joueurs/darry-clovis-desplan-8831.html
SG Graulhet,Départs,Tristan JOHANN,France,Ailier,24 ans,Tyrosse,https://www.allrugby.com/joueurs/tristan-johann-15245.html
SG Graulhet,Départs,Antoine RENAUD,France,Arrière,35 ans,N/A,https://www.allrugby.com/joueurs/antoine-renaud-1595.html
SG Graulhet,Départs,Adrien AMANS,France,Arrière,26 ans,Marcq-en-Baroeul,https://www.allrugby.com/joueurs/adrien-amans-10351.html
SG Graulhet,Départs,Ilan FERRIÈRE,France,Talonneur,19 ans,Lavaur,https://www.allrugby.com/joueurs/ilan-ferriere-20476.html
SG Graulhet,Départs,Pierre BONNET,France,3ème ligne,21 ans,ARPAL XV,https://www.allrugby.com/joueurs/pierre-bonnet-18136.html
SG Graulhet,Départs,Mathias GUERRUCCI,France,Mêlée,22 ans,N/A,https://www.allrugby.com/joueurs/mathias-guerrucci-20596.html
SG Graulhet,Départs,Alexy DARAGNES,France,Arrière,23 ans,Soustons,https://www.allrugby.com/joueurs/alexy-daragnes-20981.html
SG Graulhet,Prolongations,Damien NEVERS,France,Pilier,31 ans,2027,https://www.allrugby.com/joueurs/damien-nevers-4608.html
SG Graulhet,Prolongations,Alexandre FERRIER,France,Pilier,29 ans,2027,https://www.allrugby.com/joueurs/alexandre-ferrier-4569.html
SG Graulhet,Prolongations,Luka BOUCHET,France,Pilier,24 ans,2027,https://www.allrugby.com/joueurs/luka-bouchet-15274.html
SG Graulhet,Prolongations,David MAROTEL,France,Talonneur,25 ans,2027,https://www.allrugby.com/joueurs/david-marotel-12266.html
SG Graulhet,Prolongations,Enzo AYÉLA,France,Talonneur,23 ans,2027,https://www.allrugby.com/joueurs/enzo-ayela-10118.html
SG Graulhet,Prolongations,Kemueli LAVETANAKOROI,Fidji,2ème ligne,32 ans,2027,https://www.allrugby.com/joueurs/kemueli-lavetanakoroi-3410.html
SG Graulhet,Prolongations,Luke NAKOBUKOBUA,Fidji,3ème ligne,34 ans,2027,https://www.allrugby.com/joueurs/luke-nakobukobua-9726.html
SG Graulhet,Prolongations,Léo DURAND,France,3ème ligne,31 ans,2027,https://www.allrugby.com/joueurs/leo-durand-2207.html
SG Graulhet,Prolongations,Cory James WHAKATIHI,Nouvelle-Zélande,3ème ligne,29 ans,2027,https://www.allrugby.com/joueurs/cory-james-whakatihi-8777.html
SG Graulhet,Prolongations,Antoine MAGNE,France,3ème ligne,24 ans,2027,https://www.allrugby.com/joueurs/antoine-magne-15290.html
SG Graulhet,Prolongations,Louis PEUTIN,France,Mêlée,24 ans,2027,https://www.allrugby.com/joueurs/louis-peutin-15076.html
SG Graulhet,Prolongations,Théo LAYGLON,France,Centre,25 ans,2027,https://www.allrugby.com/joueurs/theo-layglon-8649.html
SG Graulhet,Prolongations,Sionasa VUNISA,Fidji,Ailier,38 ans,2027,https://www.allrugby.com/joueurs/sionasa-vunisa-1607.html
SG Graulhet,Prolongations,Hugo MARTIN,France,Ailier,24 ans,2027,https://www.allrugby.com/joueurs/hugo-martin-15050.html
SG Graulhet,Prolongations,Clément SAMPER,France,Pilier,24 ans,2027,https://www.allrugby.com/joueurs/clement-samper-10900.html
SG Graulhet,Prolongations,Arthur VIDAL,France,Pilier,19 ans,2027,https://www.allrugby.com/joueurs/arthur-vidal-23084.html
SG Graulhet,Prolongations,Hugo HÉRAL,France,2ème ligne,23 ans,2027,https://www.allrugby.com/joueurs/hugo-heral-20980.html
SG Graulhet,Prolongations,Yan MASANET,France,2ème ligne,22 ans,2027,https://www.allrugby.com/joueurs/yan-masanet-20497.html
SG Graulhet,Prolongations,Mathis BARDOU,France,3ème ligne,20 ans,2027,https://www.allrugby.com/joueurs/mathis-bardou-23178.html
SG Graulhet,Prolongations,Ugo TEULET,France,Mêlée,21 ans,2027,https://www.allrugby.com/joueurs/ugo-teulet-17811.html
SG Graulhet,Prolongations,Charlie GRIFFOUL,France,Ailier,22 ans,2027,https://www.allrugby.com/joueurs/charlie-griffoul-21149.html
SG Graulhet,Prolongations,Thomas LAGORCE,France,Ailier,22 ans,2027,https://www.allrugby.com/joueurs/thomas-lagorce-21123.html
SG Graulhet,Prolongations,Nohann BAYLE-BOUET,France,Ailier,18 ans,2027,https://www.allrugby.com/joueurs/nohann-bayle-bouet-23213.html
SG Graulhet,Prolongations,Matis PACCHIANA,France,Arrière,22 ans,2027,https://www.allrugby.com/joueurs/matis-pacchiana-17055.html
Saint-Jean de Luz Olympique,Arrivées,Kalivati TAWAKE,Fidji,Pilier,37 ans,Périgueux,https://www.allrugby.com/joueurs/kalivati-tawake-5333.html
Saint-Jean de Luz Olympique,Arrivées,Ximun BESSONART,France,Pilier,29 ans,Tarbes,https://www.allrugby.com/joueurs/ximun-bessonart-4614.html
Saint-Jean de Luz Olympique,Arrivées,Pierre PLAZER,France,Talonneur,25 ans,RCB Arcachon,https://www.allrugby.com/joueurs/pierre-plazer-13687.html
Saint-Jean de Luz Olympique,Arrivées,Nolhan BIZIEN,France,2ème ligne,22 ans,Tarbes,https://www.allrugby.com/joueurs/nolhan-bizien-16452.html
Saint-Jean de Luz Olympique,Arrivées,Thibault DULUCQ,France,Mêlée,25 ans,Périgueux,https://www.allrugby.com/joueurs/thibault-dulucq-14992.html
Saint-Jean de Luz Olympique,Arrivées,Yan LESTRADE,France,Centre,29 ans,Grenoble,https://www.allrugby.com/joueurs/yan-lestrade-6042.html
Saint-Jean de Luz Olympique,Arrivées,Pierre DESCOUBET,France,Centre,23 ans,Tarbes,https://www.allrugby.com/joueurs/pierre-descoubet-15056.html
Saint-Jean de Luz Olympique,Arrivées,Guillaume BOUCHE,France,Ailier,26 ans,Chambéry,https://www.allrugby.com/joueurs/guillaume-bouche-12326.html
Saint-Jean de Luz Olympique,Arrivées,Jules DERRE,France,2ème ligne,20 ans,Bayonne,https://www.allrugby.com/joueurs/jules-derre-22752.html
Saint-Jean de Luz Olympique,Arrivées,Thomas MILHORAT,France,Mêlée,23 ans,Union Barbezieux Jonzac,https://www.allrugby.com/joueurs/thomas-milhorat-17912.html
Saint-Jean de Luz Olympique,Départs,Grégory LANDRODIE,France,Pilier,31 ans,Retraite,https://www.allrugby.com/joueurs/gregory-landrodie-5506.html
Saint-Jean de Luz Olympique,Départs,Milian DUVERT,France,Talonneur,29 ans,Anglet,https://www.allrugby.com/joueurs/milian-duvert-15829.html
Saint-Jean de Luz Olympique,Départs,Clément CHA,France,Talonneur,27 ans,Tarbes,https://www.allrugby.com/joueurs/clement-cha-17990.html
Saint-Jean de Luz Olympique,Départs,Enzo JOUANNET,France,Talonneur,26 ans,Chambéry,https://www.allrugby.com/joueurs/enzo-jouannet-6987.html
Saint-Jean de Luz Olympique,Départs,Iban HOURCADE,France,Mêlée,32 ans,N/A,https://www.allrugby.com/joueurs/iban-hourcade-4656.html
Saint-Jean de Luz Olympique,Départs,Léo POMMIER,France,Mêlée,23 ans,Anglet,https://www.allrugby.com/joueurs/leo-pommier-15671.html
Saint-Jean de Luz Olympique,Départs,Gaëtan ROBERT,France,Ouverture,28 ans,N/A,https://www.allrugby.com/joueurs/gaetan--robert-3666.html
Saint-Jean de Luz Olympique,Départs,Pablo TORRES,Espagne,Centre,23 ans,N/A,https://www.allrugby.com/joueurs/pablo-torres-22447.html
Saint-Jean de Luz Olympique,Départs,Axel CHODERNIC,France,3ème ligne,22 ans,Boucau Tarnos,https://www.allrugby.com/joueurs/axel-chodernic-14518.html
Saint-Jean de Luz Olympique,Départs,Julien NACIMIENTO,France,3ème ligne,22 ans,N/A,https://www.allrugby.com/joueurs/julien-nacimiento-16196.html
Saint-Jean de Luz Olympique,Départs,Thibault TRUC,France,Mêlée,21 ans,Lavaur,https://www.allrugby.com/joueurs/thibault-truc-20348.html
Saint-Jean de Luz Olympique,Départs,Martin LECAILLEZ,France,Ouverture,22 ans,Boucau Tarnos,https://www.allrugby.com/joueurs/martin-lecaillez-16201.html
Saint-Jean de Luz Olympique,Départs,Xan CARRICABURU,France,Ouverture,18 ans,Bayonne,https://www.allrugby.com/joueurs/xan-carricaburu-22776.html
Us Tyrosse,Arrivées,Lucas GONZALEZ,France,Pilier,26 ans,Anglet,https://www.allrugby.com/joueurs/lucas-gonzalez-13827.html
Us Tyrosse,Arrivées,Élie POMMIES,France,Pilier,24 ans,sans club,https://www.allrugby.com/joueurs/elie-pommies-15438.html
Us Tyrosse,Arrivées,Rafaël IMATTE,France,Pilier,24 ans,Anglet,https://www.allrugby.com/joueurs/rafael-imatte-15311.html
Us Tyrosse,Arrivées,Yann DARMON,France,Pilier,21 ans,Narbonne,https://www.allrugby.com/joueurs/yann-darmon-20667.html
Us Tyrosse,Arrivées,Maxime GONZALEZ,France,Talonneur,25 ans,Anglet,https://www.allrugby.com/joueurs/maxime-gonzalez-13825.html
Us Tyrosse,Arrivées,Vincent DOLIER,France,Talonneur,25 ans,RC La Vila (ESP),https://www.allrugby.com/joueurs/vincent-dolier-10224.html
Us Tyrosse,Arrivées,Paul CAZENAVE,France,Talonneur,24 ans,Lourdes,https://www.allrugby.com/joueurs/paul-cazenave-13824.html
Us Tyrosse,Arrivées,Nikita BEKOV,France,2ème ligne,30 ans,Suresnes,https://www.allrugby.com/joueurs/nikita-bekov-6224.html
Us Tyrosse,Arrivées,Amine MAALLA,France,2ème ligne,23 ans,Dax,https://www.allrugby.com/joueurs/amine-maalla-14380.html
Us Tyrosse,Arrivées,Léo ESTAQUE,France,3ème ligne,24 ans,Tarbes,https://www.allrugby.com/joueurs/leo-estaque-8880.html
Us Tyrosse,Arrivées,Joris PIALOT,France,Ouverture,23 ans,Narbonne,https://www.allrugby.com/joueurs/joris-pialot-11320.html
Us Tyrosse,Arrivées,Tristan JOHANN,France,Ailier,24 ans,Graulhet,https://www.allrugby.com/joueurs/tristan-johann-15245.html
Us Tyrosse,Arrivées,Hugo AUGÉ,France,2ème ligne,18 ans,Tarbes,https://www.allrugby.com/joueurs/hugo-auge-23158.html
Us Tyrosse,Arrivées,Iban SALLES,France,Ouverture,21 ans,Colomiers,https://www.allrugby.com/joueurs/iban-salles-23156.html
Us Tyrosse,Arrivées,Félix RAVANAS,France,Ouverture,20 ans,Aix,https://www.allrugby.com/joueurs/felix-ravanas-23155.html
Us Tyrosse,Arrivées,Vassili VANROYEN,France,Centre,21 ans,Aix,https://www.allrugby.com/joueurs/vassili-vanroyen-23157.html
Us Tyrosse,Départs,Faitotoa ASA,Nouvelle-Zélande,Pilier,39 ans,Retraite,https://www.allrugby.com/joueurs/asa-faitotoa-3657.html
Us Tyrosse,Départs,Julien BARBÉ,France,Pilier,34 ans,Soustons,https://www.allrugby.com/joueurs/julien-barbe-9786.html
Us Tyrosse,Départs,Thomas ACQUIER,France,Talonneur,36 ans,Retraite,https://www.allrugby.com/joueurs/thomas-acquier-1418.html
Us Tyrosse,Départs,Gauthier BRUTÉ DE RÉMUR,France,Talonneur,31 ans,Retraite,https://www.allrugby.com/joueurs/gauthier-brute-de-remur-4552.html
Us Tyrosse,Départs,Tommy STRAPPAZZON,France,2ème ligne,25 ans,Krasnodar (RUS),https://www.allrugby.com/joueurs/tommy-strappazzon-11648.html
Us Tyrosse,Départs,Matéo LUX,France,3ème ligne,25 ans,Saint-Paul-lès-Dax,https://www.allrugby.com/joueurs/mateo-lux-15230.html
Us Tyrosse,Départs,Lenny KOUROUMA,France,3ème ligne,23 ans,Orléans,https://www.allrugby.com/joueurs/lenny-kourouma-16423.html
Us Tyrosse,Départs,Clément CAZAURANG,France,Ailier,25 ans,Saint-Paul-lès-Dax,https://www.allrugby.com/joueurs/clement-cazaurang-15204.html
Us Tyrosse,Départs,Yon LACLAU,France,Arrière,26 ans,N/A,https://www.allrugby.com/joueurs/yon-laclau-15206.html
Us Tyrosse,Départs,Axel CASSAGNE,France,Pilier,21 ans,Peyrehorade,https://www.allrugby.com/joueurs/axel-cassagne-15672.html
Us Tyrosse,Départs,Hugo GOYENECH,France,Ouverture,21 ans,Narbonne,https://www.allrugby.com/joueurs/hugo-goyenech-17612.html
La Seyne,Départs,Caique Silva SEGURA,Brésil,Pilier,32 ans,Annonay,https://www.allrugby.com/joueurs/caique-silva-segura-12193.html
La Seyne,Départs,Nassim AANIKID,France,Pilier,30 ans,Mâcon,https://www.allrugby.com/joueurs/nassim-aanikid-4535.html
La Seyne,Départs,Rayan HASSANI,France,Pilier,25 ans,Tricastin,https://www.allrugby.com/joueurs/rayan-hassani-12195.html
La Seyne,Départs,Mattéo MURELLO,France,Talonneur,24 ans,Six-Fours,https://www.allrugby.com/joueurs/matteo-murello-14369.html
La Seyne,Départs,Hugo ALARCON,France,2ème ligne,35 ans,Rodez,https://www.allrugby.com/joueurs/hugo-alarcon-7836.html
La Seyne,Départs,Kenji GRAULIER,France,3ème ligne,26 ans,N/A,https://www.allrugby.com/joueurs/kenji-graulier-10872.html
La Seyne,Départs,Jérémy LO BONO,France,3ème ligne,25 ans,N/A,https://www.allrugby.com/joueurs/jeremy-lo-bono-17527.html
La Seyne,Départs,Sylvain CHAMBON,France,Centre,26 ans,N/A,https://www.allrugby.com/joueurs/sylvain-chambon-17525.html
La Seyne,Départs,Mehdi BOULAHSEN,France,Ailier,30 ans,N/A,https://www.allrugby.com/joueurs/mehdi-boulahsen-13941.html
La Seyne,Départs,Jules SALVETAT,France,Arrière,30 ans,Servian-Boujan,https://www.allrugby.com/joueurs/jules-salvetat-6218.html
La Seyne,Départs,Axel POTDEVIN,France,Arrière,23 ans,Tricastin,https://www.allrugby.com/joueurs/axel-potdevin-13959.html
La Seyne,Départs,Mathis MOUHET,France,3ème ligne,20 ans,Union Barbezieux Jonzac,https://www.allrugby.com/joueurs/mathis-mouhet-20857.html
La Seyne,Départs,Lucien RUIZ,France,Mêlée,22 ans,RC Saudrune,https://www.allrugby.com/joueurs/lucien-ruiz-20499.html
La Seyne,Prolongations,Costel BURȚILĂ,Roumanie,Pilier,34 ans,2027,https://www.allrugby.com/joueurs/costel-burtila-8743.html
La Seyne,Prolongations,Liam HENDRICKS,Afrique du sud,Pilier,32 ans,2027,https://www.allrugby.com/joueurs/liam-hendricks-10962.html
La Seyne,Prolongations,Andy GARCIA,France,Pilier,22 ans,2027,https://www.allrugby.com/joueurs/andy-garcia-17595.html
La Seyne,Prolongations,Thomas BARBERIS,France,Talonneur,38 ans,2027,https://www.allrugby.com/joueurs/thomas-barberis-10671.html
La Seyne,Prolongations,Cyril GUILPIN,France,Talonneur,29 ans,2027,https://www.allrugby.com/joueurs/cyril-guilpin-6172.html
La Seyne,Prolongations,Julien ORY,France,3ème ligne,29 ans,2027,https://www.allrugby.com/joueurs/julien-ory-7733.html
La Seyne,Prolongations,Nicolas BAQUER,France,3ème ligne,28 ans,2027,https://www.allrugby.com/joueurs/nicolas-baquer-9840.html
La Seyne,Prolongations,Mattéo CHARLEUX,France,3ème ligne,26 ans,2027,https://www.allrugby.com/joueurs/matteo-charleux-15841.html
La Seyne,Prolongations,Ugo PROSPERO,France,3ème ligne,26 ans,2027,https://www.allrugby.com/joueurs/ugo-prospero-8434.html
La Seyne,Prolongations,Victor PHILIBERT,France,3ème ligne,26 ans,2027,https://www.allrugby.com/joueurs/victor-philibert-17586.html
La Seyne,Prolongations,William BEAUDON,France,Mêlée,27 ans,2027,https://www.allrugby.com/joueurs/william-beaudon-8429.html
La Seyne,Prolongations,Thomas DUBOURDEAU,France,Centre,30 ans,2027,https://www.allrugby.com/joueurs/thomas-dubourdeau-3600.html
La Seyne,Prolongations,Alexandre ÉPOQUE,France,Centre,26 ans,2027,https://www.allrugby.com/joueurs/alexandre-epoque-17526.html
La Seyne,Prolongations,Théo MOITRIER,France,Centre,25 ans,N/A,https://www.allrugby.com/joueurs/theo-moitrier-11747.html
La Seyne,Prolongations,Thomas FABRE,France,Centre,23 ans,2027,https://www.allrugby.com/joueurs/thomas-fabre-13838.html
La Seyne,Prolongations,Enzo CIABATTI,France,Centre,22 ans,2027,https://www.allrugby.com/joueurs/enzo-ciabatti-20837.html
La Seyne,Prolongations,Romain ROYO,France,Ailier,25 ans,2027,https://www.allrugby.com/joueurs/romain-royo-17528.html
La Seyne,Prolongations,Evann MÉGRET,France,Talonneur,22 ans,2027,https://www.allrugby.com/joueurs/evann-megret-17324.html
La Seyne,Prolongations,Benjamin SARAGOSSI,France,3ème ligne,23 ans,2027,https://www.allrugby.com/joueurs/benjamin-saragossi-20500.html
La Seyne,Prolongations,Benjamin TROIA,France,3ème ligne,21 ans,2027,https://www.allrugby.com/joueurs/benjamin-troia-20847.html
La Seyne,Prolongations,Maxime ELLEINSTEIN,France,Mêlée,21 ans,N/A,https://www.allrugby.com/joueurs/maxime-elleinstein-20856.html
La Seyne,Prolongations,Dylan YBORRA,France,Centre,20 ans,2027,https://www.allrugby.com/joueurs/dylan-yborra-23331.html
La Seyne,Prolongations,Noé BARBER,France,Ailier,23 ans,2027,https://www.allrugby.com/joueurs/noe-barber-23393.html
La Seyne,Prolongations,Josua VINCENT,France,Arrière,22 ans,2027,https://www.allrugby.com/joueurs/josua-vincent-20858.html
AORC,Arrivées,Gabriel LANTÉ,France,Pilier,23 ans,Rennes,https://www.allrugby.com/joueurs/gabriel-lante-21718.html
AORC,Arrivées,Milian DUVERT,France,Talonneur,29 ans,Saint Jean-de-Luz,https://www.allrugby.com/joueurs/milian-duvert-15829.html
AORC,Arrivées,Nicolas ALACCHI,France,3ème ligne,30 ans,Peyrehorade,https://www.allrugby.com/joueurs/nicolas-alacchi-5504.html
AORC,Arrivées,Aurélien DONNADIEU,France,Mêlée,28 ans,Mauléon,https://www.allrugby.com/joueurs/aurelien-donnadieu-8686.html
AORC,Arrivées,Léo POMMIER,France,Mêlée,23 ans,Saint Jean-de-Luz,https://www.allrugby.com/joueurs/leo-pommier-15671.html
AORC,Arrivées,Jérémy BOX,France,Ouverture,27 ans,Oloron,https://www.allrugby.com/joueurs/jeremy-box-8139.html
AORC,Arrivées,Steeve BARRY,France,Ailier,35 ans,Biarritz,https://www.allrugby.com/joueurs/steeve-barry-4385.html
AORC,Arrivées,Simon VILLEMUR,France,Ailier,30 ans,Blagnac,https://www.allrugby.com/joueurs/simon-villemur-8806.html
AORC,Arrivées,Timothé LE GALL,France,Arrière,22 ans,Marcq-en-Baroeul,https://www.allrugby.com/joueurs/timothe-le-gall-14265.html
AORC,Arrivées,Temur KHUTUASHVILI,Géorgie,Pilier,21 ans,Biarritz,https://www.allrugby.com/joueurs/temur-khutuashvili-21105.html
AORC,Arrivées,Jules LARTIGAU,France,Centre,22 ans,Dax,https://www.allrugby.com/joueurs/jules-lartigau-15088.html
AORC,Départs,Lucas GONZALEZ,France,Pilier,26 ans,Tyrosse,https://www.allrugby.com/joueurs/lucas-gonzalez-13827.html
AORC,Départs,Rafaël IMATTE,France,Pilier,24 ans,Tyrosse,https://www.allrugby.com/joueurs/rafael-imatte-15311.html
AORC,Départs,Maxime GONZALEZ,France,Talonneur,25 ans,Tyrosse,https://www.allrugby.com/joueurs/maxime-gonzalez-13825.html
AORC,Départs,Yann RICHARD,France,2ème ligne,33 ans,N/A,https://www.allrugby.com/joueurs/yann-richard-4454.html
AORC,Départs,Louis-Matthieu JAZEIX,France,3ème ligne,33 ans,Boucau Tarnos,https://www.allrugby.com/joueurs/louis-matthieu-jazeix-3451.html
AORC,Départs,Timothé GRÉGOIRE,France,3ème ligne,28 ans,Soustons,https://www.allrugby.com/joueurs/timothe-gregoire-10286.html
AORC,Départs,Bastien FISCHER,France,Mêlée,32 ans,N/A,https://www.allrugby.com/joueurs/bastien-fischer-4651.html
AORC,Départs,Alexis BÉROT,France,Mêlée,23 ans,Orléans,https://www.allrugby.com/joueurs/alexis-berot-15759.html
AORC,Départs,Arthur TREDJEU-BRAGARD,France,Mêlée,20 ans,Orthez,https://www.allrugby.com/joueurs/arthur-tredjeu-bragard-21384.html
AORC,Départs,Antoine LARROUY,France,Ouverture,19 ans,Tarbes,https://www.allrugby.com/joueurs/antoine-larrouy-23169.html
AORC,Départs,Jean BALLIN,France,Centre,19 ans,Valence Romans,https://www.allrugby.com/joueurs/jean-ballin-22307.html
AORC,Départs,Tobias DESCAMPS,France,Arrière,21 ans,Lannemezan,https://www.allrugby.com/joueurs/tobias-descamps-16200.html
AORC,Prolongations,Olmo D'ALESSANDRO,Italie,3ème ligne,22 ans,2027,https://www.allrugby.com/joueurs/olmo-d-alessandro-16994.html
RCBA,Départs,Pierre PLAZER,France,Talonneur,25 ans,Saint Jean-de-Luz,https://www.allrugby.com/joueurs/pierre-plazer-13687.html
RCBA,Départs,Tristan CALMUS,France,Mêlée,22 ans,Gruissan,https://www.allrugby.com/joueurs/tristan-calmus-23391.html
RCBA,Départs,Morrison MABOPE,Afrique du sud,Centre,23 ans,Narbonne,https://www.allrugby.com/joueurs/ike-anagu-12402.html
Agde,Arrivées,Sacré-Coeur BIMENYIMANA,France,Pilier,31 ans,Palavas,https://www.allrugby.com/joueurs/sacre-coeur-bimenyimana-5322.html
Agde,Arrivées,Yoann GARRIGUES,France,Pilier,28 ans,Pézenas,https://www.allrugby.com/joueurs/yoann-garrigues-20338.html
Agde,Arrivées,Hugo CAMP,France,Talonneur,28 ans,Sarcelles,https://www.allrugby.com/joueurs/hugo-camp-6022.html
Agde,Arrivées,Bastien CAILLAT,France,Centre,24 ans,Palavas,https://www.allrugby.com/joueurs/bastien-caillat-22544.html
Agde,Arrivées,Luc BROCAS,France,Centre,24 ans,Lézignan XIII,https://www.allrugby.com/joueurs/luc-brocas-11181.html
Agde,Arrivées,Mesake KURISARU,Fidji,Ailier,25 ans,Gruissan,https://www.allrugby.com/joueurs/mesake-kurisaru-8010.html
Agde,Arrivées,Kleber MALAVAL,France,Talonneur,21 ans,Montpellier,https://www.allrugby.com/joueurs/kleber-malaval-22524.html
Agde,Arrivées,Moana VAINIPO,France,2ème ligne,20 ans,Béziers,https://www.allrugby.com/joueurs/moana-vainipo-22503.html
Agde,Arrivées,Christophe VIEIRA,France,Mêlée,21 ans,Tulle,https://www.allrugby.com/joueurs/christophe-vieira-22567.html
Agde,Arrivées,Mickaël LEFEUVRE,France,Ouverture,20 ans,Montpellier,https://www.allrugby.com/joueurs/mickael-lefeuvre-22551.html
Agde,Arrivées,Rudy VAYSSET,France,Centre,20 ans,Béziers,https://www.allrugby.com/joueurs/rudy-vaysset-22573.html
Agde,Arrivées,Keanu DESRUES,France,Ailier,23 ans,Bédarrides - Châteauneuf-du-Pape,https://www.allrugby.com/joueurs/keanu-desrues-14799.html
Agde,Arrivées,Marius ALBAGNAC,France,Arrière,21 ans,Béziers,https://www.allrugby.com/joueurs/marius-albagnac-22528.html
Agde,Départs,Enzo DELMAS,France,Talonneur,29 ans,N/A,https://www.allrugby.com/joueurs/enzo-delmas-20566.html
Agde,Départs,Kenzo GIMENO,France,Talonneur,25 ans,Leucate,https://www.allrugby.com/joueurs/kenzo-gimeno-22637.html
Agde,Départs,Matt MARTIN-YOT,France,Talonneur,24 ans,RC Les Angles,https://www.allrugby.com/joueurs/matt-martin-yot-20817.html
Agde,Départs,Nasser LETAÏF,France,2ème ligne,36 ans,N/A,https://www.allrugby.com/joueurs/nasser-letaif-12010.html
Agde,Départs,Axel COLLIN,France,2ème ligne,25 ans,Servian-Boujan,https://www.allrugby.com/joueurs/axel-collin-13678.html
Agde,Départs,Paul FARRET,France,3ème ligne,28 ans,Palavas,https://www.allrugby.com/joueurs/paul-farret-11709.html
Agde,Départs,Gauthier BLAYAC,France,Mêlée,25 ans,Sète,https://www.allrugby.com/joueurs/gauthier-blayac-22494.html
Agde,Départs,Morad TOUIZNI,France,Centre,33 ans,N/A,https://www.allrugby.com/joueurs/morad-touizni-2068.html
Agde,Départs,Rémi SAPIN,France,Centre,25 ans,Sète,https://www.allrugby.com/joueurs/remi-sapin-22492.html
Agde,Départs,Léo SINZ,France,Ailier,24 ans,N/A,https://www.allrugby.com/joueurs/leo-sinz-20796.html
Agde,Départs,Fabien LECONET,France,Centre,26 ans,N/A,https://www.allrugby.com/joueurs/fabien-leconet-20761.html
Agde,Départs,Clément DROMBRY,France,Arrière,23 ans,N/A,https://www.allrugby.com/joueurs/clement-drombry-16836.html
Agde,Prolongations,Tommy VAYSSET,France,Pilier,29 ans,2027,https://www.allrugby.com/joueurs/tommy-vaysset-8664.html
Agde,Prolongations,Alexandre BETTI,France,Pilier,28 ans,2027,https://www.allrugby.com/joueurs/alexandre-betti-5563.html
Agde,Prolongations,Thomas POUJOL,France,Pilier,27 ans,2027,https://www.allrugby.com/joueurs/thomas-poujol-22485.html
Agde,Prolongations,Symon WASTIAU,France,Pilier,24 ans,2027,https://www.allrugby.com/joueurs/symon-wastiau-20553.html
Agde,Prolongations,Baptiste MARCO,France,Pilier,23 ans,2027,https://www.allrugby.com/joueurs/baptiste-marco-22486.html
Agde,Prolongations,Hans N'KINSI,France,2ème ligne,33 ans,2027,https://www.allrugby.com/joueurs/hans-n-kinsi-2042.html
Agde,Prolongations,Josian ARIS,France,2ème ligne,28 ans,2027,https://www.allrugby.com/joueurs/josian-aris-20539.html
Agde,Prolongations,Adrien VIGNE,France,2ème ligne,27 ans,2027,https://www.allrugby.com/joueurs/adrien-vigne-5195.html
Agde,Prolongations,Baptiste GIRAULT,France,3ème ligne,28 ans,2027,https://www.allrugby.com/joueurs/baptiste-girault-8356.html
Agde,Prolongations,Jean HOGARD,France,3ème ligne,28 ans,2027,https://www.allrugby.com/joueurs/jean-hogard-22496.html
Agde,Prolongations,Thibaud ARIS,France,3ème ligne,26 ans,2027,https://www.allrugby.com/joueurs/thibaud-aris-8548.html
Agde,Prolongations,Thomas VIEU VIENNET,France,3ème ligne,24 ans,2027,https://www.allrugby.com/joueurs/thomas-vieu-viennet-20771.html
Agde,Prolongations,Baptiste JAMES-FOUCHER,France,Centre,25 ans,2027,https://www.allrugby.com/joueurs/baptiste-james-foucher-22495.html
Agde,Prolongations,Pierre BARTHEZ,France,Arrière,29 ans,2027,https://www.allrugby.com/joueurs/pierre-barthez-20610.html
Agde,Prolongations,Mathis DORS,France,2ème ligne,22 ans,2027,https://www.allrugby.com/joueurs/mathis-dors-20763.html
Agde,Prolongations,Dorian COUFFIGNAL,France,3ème ligne,22 ans,2027,https://www.allrugby.com/joueurs/dorian-couffignal-20986.html
Agde,Prolongations,Pierre DAVID,France,3ème ligne,21 ans,2027,https://www.allrugby.com/joueurs/pierre-david-22493.html
Agde,Prolongations,Gauthier LABORDE,France,Mêlée,23 ans,2027,https://www.allrugby.com/joueurs/gauthier-laborde-11677.html
Agde,Prolongations,Adrien VIEU VIENNET,France,Mêlée,22 ans,2027,https://www.allrugby.com/joueurs/adrien-vieu-viennet-20770.html
Agde,Prolongations,Paul MONTELS,France,Centre,21 ans,2027,https://www.allrugby.com/joueurs/paul-montels-22487.html
Agde,Prolongations,Léo BARREAU,France,Arrière,20 ans,2027,https://www.allrugby.com/joueurs/leo-barreau-22497.html
Bédarrides - Châteauneuf-du-Pape,Arrivées,Samuel GRINON-GOUY,France,Pilier,31 ans,RC Les Angles,https://www.allrugby.com/joueurs/samuel-grinon-gouy-22902.html
Bédarrides - Châteauneuf-du-Pape,Arrivées,Taniela RAMASIBANA,Fidji,2ème ligne,25 ans,Vicenza (ITA),https://www.allrugby.com/joueurs/taniela-ramasibana-7993.html
Bédarrides - Châteauneuf-du-Pape,Arrivées,Adrien ANTONELLI,France,3ème ligne,27 ans,Saint Saturnin,https://www.allrugby.com/joueurs/adrien-antonelli-23411.html
Bédarrides - Châteauneuf-du-Pape,Arrivées,Ludovic GRADASSI,France,3ème ligne,27 ans,RC Les Angles,https://www.allrugby.com/joueurs/ludovic-gradassi-10335.html
Bédarrides - Châteauneuf-du-Pape,Arrivées,Baptiste GEORGESCO,France,3ème ligne,24 ans,Châteaurenard,https://www.allrugby.com/joueurs/baptiste-georgesco-10073.html
Bédarrides - Châteauneuf-du-Pape,Arrivées,Ronan GIRARD,France,3ème ligne,24 ans,Tricastin,https://www.allrugby.com/joueurs/ronan-girard-17704.html
Bédarrides - Châteauneuf-du-Pape,Arrivées,Gauthier RAOULX,France,Mêlée,25 ans,Tricastin,https://www.allrugby.com/joueurs/gauthier-raoulx-11592.html
Bédarrides - Châteauneuf-du-Pape,Arrivées,Manel MONTOYA-DUBOR,France,Ouverture,23 ans,RC Les Angles,https://www.allrugby.com/joueurs/manel-montoya-14126.html
Bédarrides - Châteauneuf-du-Pape,Arrivées,Esteban GONZALEZ ACEVEDO,France,Centre,34 ans,Châteaurenard,https://www.allrugby.com/joueurs/esteban-gonzalez-acevedo-10269.html
Bédarrides - Châteauneuf-du-Pape,Arrivées,Farès BOULKENAFET,France,Centre,24 ans,RC Les Angles,https://www.allrugby.com/joueurs/fares-boulkenafet-11596.html
Bédarrides - Châteauneuf-du-Pape,Arrivées,Gabriel AUSTRUY,France,Centre,24 ans,Nîmes,https://www.allrugby.com/joueurs/gabriel-austruy-10013.html
Bédarrides - Châteauneuf-du-Pape,Arrivées,Valentin SAINT-MAURICE,France,Ailier,27 ans,Saint Saturnin,https://www.allrugby.com/joueurs/valentin-saint-maurice-22833.html
Bédarrides - Châteauneuf-du-Pape,Arrivées,Ario TOMBARELLO,France,Pilier,23 ans,RC Les Angles,https://www.allrugby.com/joueurs/ario-tombarello-22854.html
Bédarrides - Châteauneuf-du-Pape,Arrivées,Christoph BRYS,Belgique,3ème ligne,22 ans,Tricastin,https://www.allrugby.com/joueurs/christoph-brys-12432.html
Bédarrides - Châteauneuf-du-Pape,Arrivées,Waisea BAINIBURE,Fidji,Centre,20 ans,Soyaux-Angoulême,https://www.allrugby.com/joueurs/waisea-bainibure-21518.html
Bédarrides - Châteauneuf-du-Pape,Départs,Sofiane MAKHLOUF,France,Pilier,30 ans,N/A,https://www.allrugby.com/joueurs/sofiane-makhlouf-15850.html
Bédarrides - Châteauneuf-du-Pape,Départs,Dorian VALENTIN,France,Pilier,25 ans,N/A,https://www.allrugby.com/joueurs/dorian-valentin-12188.html
Bédarrides - Châteauneuf-du-Pape,Départs,Maël LEMATTE,France,Talonneur,24 ans,N/A,https://www.allrugby.com/joueurs/mael-lematte-14374.html
Bédarrides - Châteauneuf-du-Pape,Départs,Napolioni BAKEWA,Fidji,2ème ligne,32 ans,Annonay,https://www.allrugby.com/joueurs/napolioni-bakewa-21348.html
Bédarrides - Châteauneuf-du-Pape,Départs,Pierre-Antoine DOMENECH,France,3ème ligne,28 ans,Marcq-en-Baroeul,https://www.allrugby.com/joueurs/pierre-antoine-domenech-14113.html
Bédarrides - Châteauneuf-du-Pape,Départs,Luyolo DAPULA,Afrique du sud,3ème ligne,27 ans,Beaune,https://www.allrugby.com/joueurs/luyolo-dapula-9326.html
Bédarrides - Châteauneuf-du-Pape,Départs,Clément LAFFITTE,France,3ème ligne,23 ans,Villefranche sur Saône,https://www.allrugby.com/joueurs/clement-laffitte-20912.html
Bédarrides - Châteauneuf-du-Pape,Départs,Jordan VAIDIE,France,Mêlée,24 ans,Tricastin,https://www.allrugby.com/joueurs/jordan-vaidie-11650.html
Bédarrides - Châteauneuf-du-Pape,Départs,Adil ACHAHBAR,Maroc,Ouverture,37 ans,N/A,https://www.allrugby.com/joueurs/adil-achahbar-9683.html
Bédarrides - Châteauneuf-du-Pape,Départs,Charly TRUSSARDI,France,Centre,29 ans,Issoire,https://www.allrugby.com/joueurs/charly-trussardi-5800.html
Bédarrides - Châteauneuf-du-Pape,Départs,Baptiste BRAU,France,Pilier,22 ans,N/A,https://www.allrugby.com/joueurs/baptiste-brau-18251.html
Bédarrides - Châteauneuf-du-Pape,Départs,Loïc DUTREY,France,Pilier,21 ans,N/A,https://www.allrugby.com/joueurs/loic-dutrey-18840.html
Bédarrides - Châteauneuf-du-Pape,Départs,Joaquin DOMINGUEZ,Argentine,2ème ligne,24 ans,N/A,https://www.allrugby.com/joueurs/joaquin-dominguez-10223.html
Bédarrides - Châteauneuf-du-Pape,Départs,Hugo FUENTES,France,3ème ligne,22 ans,Graulhet,https://www.allrugby.com/joueurs/hugo-fuentes-12128.html
Bédarrides - Châteauneuf-du-Pape,Départs,Soryan BOUZIT,France,3ème ligne,19 ans,Saint Saturnin,https://www.allrugby.com/joueurs/soryan-bouzit-20976.html
Bédarrides - Châteauneuf-du-Pape,Départs,Louka RABAUD,France,Mêlée,20 ans,N/A,https://www.allrugby.com/joueurs/louka-rabaud-22748.html
Bédarrides - Châteauneuf-du-Pape,Départs,Lucas DEPAOLI,France,Ouverture,20 ans,RC Les Angles,https://www.allrugby.com/joueurs/lucas-depaoli-20676.html
Bédarrides - Châteauneuf-du-Pape,Départs,Baptiste FREYDIER,France,Centre,22 ans,Annonay,https://www.allrugby.com/joueurs/baptiste-freydier-22747.html
Bédarrides - Châteauneuf-du-Pape,Départs,Adrien BORDES,France,Centre,21 ans,Orange,https://www.allrugby.com/joueurs/adrien-bordes-20845.html
Bédarrides - Châteauneuf-du-Pape,Départs,Keanu DESRUES,France,Ailier,23 ans,Agde,https://www.allrugby.com/joueurs/keanu-desrues-14799.html
Bédarrides - Châteauneuf-du-Pape,Départs,Lenny TARACONAT,France,Ailier,22 ans,N/A,https://www.allrugby.com/joueurs/lenny-taraconat-20722.html
Bédarrides - Châteauneuf-du-Pape,Prolongations,Théo LAPIERRE,France,Pilier,24 ans,2028,https://www.allrugby.com/joueurs/theo-lapierre-16118.html
Bédarrides - Châteauneuf-du-Pape,Prolongations,Antoine PEUTIN,France,Talonneur,28 ans,2027,https://www.allrugby.com/joueurs/antoine-peutin-8591.html
Bédarrides - Châteauneuf-du-Pape,Prolongations,Gaëtan MARGNER,France,2ème ligne,24 ans,2027,https://www.allrugby.com/joueurs/gaetan-margner-20490.html
Bédarrides - Châteauneuf-du-Pape,Prolongations,Ugo CHANGEAT,France,2ème ligne,23 ans,2027,https://www.allrugby.com/joueurs/ugo-changeat-21050.html
Bédarrides - Châteauneuf-du-Pape,Prolongations,Florian DESROCHES,France,Ouverture,24 ans,2027,https://www.allrugby.com/joueurs/florian-desroches-14363.html
Bédarrides - Châteauneuf-du-Pape,Prolongations,Brice LECOUFFE,France,Ailier,24 ans,2027,https://www.allrugby.com/joueurs/brice-lecouffe-20552.html
Bédarrides - Châteauneuf-du-Pape,Prolongations,Tim ALBERT,France,Ailier,23 ans,2027,https://www.allrugby.com/joueurs/tim-albert-20831.html
Bédarrides - Châteauneuf-du-Pape,Prolongations,Louis RÉGENT,France,Pilier,20 ans,2027,https://www.allrugby.com/joueurs/louis-regent-20877.html
Bédarrides - Châteauneuf-du-Pape,Prolongations,Matéo OMAIRAT,France,Talonneur,20 ans,2027,https://www.allrugby.com/joueurs/mateo-omairat-20762.html
Bédarrides - Châteauneuf-du-Pape,Prolongations,Julien CONSTANT,France,3ème ligne,22 ans,2027,https://www.allrugby.com/joueurs/julien-constant-22666.html
Bédarrides - Châteauneuf-du-Pape,Prolongations,Benoît PEJAIRE,France,3ème ligne,21 ans,2027,https://www.allrugby.com/joueurs/benoit-pejaire-22676.html
Bédarrides - Châteauneuf-du-Pape,Prolongations,Amaury BAUMGARTNER,France,3ème ligne,20 ans,2027,https://www.allrugby.com/joueurs/amaury-baumgartner-22713.html
Bédarrides - Châteauneuf-du-Pape,Prolongations,Nathan DESROCHES,France,Mêlée,22 ans,2027,https://www.allrugby.com/joueurs/nathan-desroches-20937.html
Bédarrides - Châteauneuf-du-Pape,Prolongations,Melvyn GONZALES,France,Centre,20 ans,2027,https://www.allrugby.com/joueurs/melvyn-gonzales-20561.html
Berre-l'Étang,Départs,Lomualito TAFILI,France,Pilier,30 ans,Retraite,https://www.allrugby.com/joueurs/lomualito-tafili-5199.html
Berre-l'Étang,Départs,Volodymyr FEDORETS,Ukraine,Pilier,25 ans,N/A,https://www.allrugby.com/joueurs/volodymyr-fedorets-18080.html
Berre-l'Étang,Départs,Kévin LELLIS,France,Talonneur,32 ans,Retraite,https://www.allrugby.com/joueurs/kevin-lellis-9857.html
Berre-l'Étang,Départs,Pibarnon DJOSSOU LOKOSSOU,France,2ème ligne,25 ans,Retraite,https://www.allrugby.com/joueurs/pibarnon-djossou-lokossou-8571.html
Berre-l'Étang,Départs,Tom CHICHE,France,3ème ligne,26 ans,Retraite,https://www.allrugby.com/joueurs/tom-chiche-9948.html
Berre-l'Étang,Départs,Sam LOPEZ,France,Centre,26 ans,Tulle,https://www.allrugby.com/joueurs/sam-lopez-11664.html
Berre-l'Étang,Départs,Julien ICHAMBRE,France,Centre,25 ans,Tricastin,https://www.allrugby.com/joueurs/julien-ichambre-10102.html
Berre-l'Étang,Départs,Dorian COUSSINOUX,France,3ème ligne,21 ans,Gruissan,https://www.allrugby.com/joueurs/dorian-coussinoux-17717.html
Berre-l'Étang,Départs,Théo CANNET,France,Ouverture,23 ans,Châteaurenard,https://www.allrugby.com/joueurs/theo-cannet-15631.html
Berre-l'Étang,Départs,Lucas DURAND,France,Arrière,23 ans,N/A,https://www.allrugby.com/joueurs/lucas-durand-20823.html
Berre-l'Étang,Prolongations,Ushangi TCHEISHVILI,Géorgie,Pilier,28 ans,2027,https://www.allrugby.com/joueurs/ushangi-tcheishvili-5292.html
Berre-l'Étang,Prolongations,Antony LOMBARD,France,Pilier,23 ans,2027,https://www.allrugby.com/joueurs/antony-lombard-17674.html
Berre-l'Étang,Prolongations,Geoffrey LOMBARD,France,Pilier,23 ans,2027,https://www.allrugby.com/joueurs/geoffrey-lombard-15156.html
Berre-l'Étang,Prolongations,Clément CAILLETON,France,Talonneur,22 ans,2027,https://www.allrugby.com/joueurs/clement-cailleton-20630.html
Berre-l'Étang,Prolongations,Tom MARINO,France,Talonneur,22 ans,2027,https://www.allrugby.com/joueurs/tom-marino-14971.html
Berre-l'Étang,Prolongations,Hugo BALDERACCHI,France,2ème ligne,29 ans,2027,https://www.allrugby.com/joueurs/hugo-balderacchi-17644.html
Berre-l'Étang,Prolongations,Roméo PONGE PRINCE,France,3ème ligne,30 ans,2027,https://www.allrugby.com/joueurs/romeo-ponge-prince-4655.html
Berre-l'Étang,Prolongations,Marvyn YOUCEF,France,3ème ligne,29 ans,2027,https://www.allrugby.com/joueurs/marvyn-youcef-10650.html
Berre-l'Étang,Prolongations,Valentin ACHOU,France,3ème ligne,28 ans,2027,https://www.allrugby.com/joueurs/valentin-achou-8723.html
Berre-l'Étang,Prolongations,Khaled HAMMOUTEN,France,3ème ligne,24 ans,2027,https://www.allrugby.com/joueurs/khaled-hammouten-15079.html
Berre-l'Étang,Prolongations,Clément VERCRUYSSE,France,Mêlée,25 ans,2027,https://www.allrugby.com/joueurs/clement-vercruysse-8579.html
Berre-l'Étang,Prolongations,Yohan REYNIER,France,Mêlée,22 ans,2027,https://www.allrugby.com/joueurs/yohan-reynier-17630.html
Berre-l'Étang,Prolongations,Hugo BÉRENGER,France,Ouverture,24 ans,2027,https://www.allrugby.com/joueurs/hugo-berenger-14254.html
Berre-l'Étang,Prolongations,Arnaud ISÉRABLE,France,Centre,28 ans,2027,https://www.allrugby.com/joueurs/arnaud-iserable-10448.html
Berre-l'Étang,Prolongations,Nicolas SABORIT,France,Centre,23 ans,2027,https://www.allrugby.com/joueurs/nicolas-saborit-15238.html
Berre-l'Étang,Prolongations,Baptiste MAGNAN,France,Ailier,22 ans,2027,https://www.allrugby.com/joueurs/baptiste-magnan-17684.html
Berre-l'Étang,Prolongations,Maxime FABRE,France,Pilier,23 ans,2027,https://www.allrugby.com/joueurs/maxime-fabre-22624.html
Berre-l'Étang,Prolongations,Julien CABRILLAC,France,Pilier,21 ans,2027,https://www.allrugby.com/joueurs/julien-cabrillac-20477.html
Berre-l'Étang,Prolongations,Mattéo GUINTINI,France,3ème ligne,21 ans,2027,https://www.allrugby.com/joueurs/matteo-guintini-17138.html
Berre-l'Étang,Prolongations,Sofiane DELAYE,France,3ème ligne,20 ans,2027,https://www.allrugby.com/joueurs/sofiane-delaye-22627.html
Berre-l'Étang,Prolongations,Thomas FERNANDEZ,France,3ème ligne,20 ans,2027,https://www.allrugby.com/joueurs/thomas-fernandez-22626.html
Berre-l'Étang,Prolongations,Baptiste JAIME,France,Mêlée,22 ans,2027,https://www.allrugby.com/joueurs/baptiste-jaime-20246.html
Berre-l'Étang,Prolongations,Ange ROQUE,France,Ouverture,19 ans,2027,https://www.allrugby.com/joueurs/ange-roque-22593.html
Berre-l'Étang,Prolongations,Charles PRATALI,France,Ailier,25 ans,2027,https://www.allrugby.com/joueurs/charles-pratali-22625.html
Berre-l'Étang,Prolongations,Ulysse PALLOT,France,Ailier,23 ans,2027,https://www.allrugby.com/joueurs/ulysse-pallot-12122.html
Blagnac,Arrivées,Baptiste CASTA,France,3ème ligne,24 ans,Isle Jourdain,https://www.allrugby.com/joueurs/baptiste-casta-15814.html
Blagnac,Arrivées,Daniel FAASEN,Afrique du sud,Ouverture,36 ans,Isle Jourdain,https://www.allrugby.com/joueurs/daniel-faasen-23168.html
Blagnac,Arrivées,Dorian HERMET,France,Centre,27 ans,Gaillac,https://www.allrugby.com/joueurs/dorian-hermet-8521.html
Blagnac,Arrivées,Simon DELAS,France,Ailier,26 ans,Castanet,https://www.allrugby.com/joueurs/simon-delas-9327.html
Blagnac,Arrivées,Matéo CARRÈRE,France,Ailier,24 ans,Isle Jourdain,https://www.allrugby.com/joueurs/mateo-carrere-12304.html
Blagnac,Arrivées,Lucas IZARD,France,3ème ligne,21 ans,sans club,https://www.allrugby.com/joueurs/lucas-izard-14342.html
Blagnac,Départs,Albert ONELEI,Samoa,Talonneur,28 ans,Auch,https://www.allrugby.com/joueurs/albert-onelei-15775.html
Blagnac,Départs,Thomas LABELLE,France,2ème ligne,22 ans,Lavaur,https://www.allrugby.com/joueurs/thomas-labelle-15411.html
Blagnac,Départs,Nekelo TOLOFUA,France,3ème ligne,35 ans,N/A,https://www.allrugby.com/joueurs/nekelo-tolofua-2014.html
Blagnac,Départs,Baptiste BRUN,France,Mêlée,31 ans,Castanet,https://www.allrugby.com/joueurs/baptiste-brun-13963.html
Blagnac,Départs,Clément VAREILLES,France,Centre,27 ans,N/A,https://www.allrugby.com/joueurs/clement-vareilles-14967.html
Blagnac,Départs,Arthur BALLESTER,France,Centre,23 ans,Lavaur,https://www.allrugby.com/joueurs/arthur-ballester-18466.html
Blagnac,Départs,Simon VILLEMUR,France,Ailier,30 ans,Anglet,https://www.allrugby.com/joueurs/simon-villemur-8806.html
Blagnac,Départs,Jean-André VERNETTI,France,Arrière,40 ans,Castanet,https://www.allrugby.com/joueurs/jean-andre-vernetti-14964.html
Blagnac,Départs,Mattéo VIDOT,France,Arrière,22 ans,Lavaur,https://www.allrugby.com/joueurs/matteo-vidot-17602.html
Blagnac,Départs,Ryan BANDOU,France,Pilier,23 ans,N/A,https://www.allrugby.com/joueurs/ryan-bandou-22708.html
Blagnac,Départs,Bastien TELLIER-FLUTRE,France,2ème ligne,20 ans,Life Running Eagles (USA),https://www.allrugby.com/joueurs/bastien-tellier-flutre-18290.html
Chartres,Arrivées,Lehi TEMATAFAARERE,France,2ème ligne,36 ans,Dreux,https://www.allrugby.com/joueurs/lehi-tematafaarere-14234.html
Chartres,Arrivées,Firmin PILI,France,3ème ligne,28 ans,Dreux,https://www.allrugby.com/joueurs/firmin-pili-23071.html
Chartres,Arrivées,Boris NASSO,France,Mêlée,35 ans,Auxerre,https://www.allrugby.com/joueurs/boris-nasso-22841.html
Chartres,Arrivées,Baptiste COURET,France,Ouverture,23 ans,CUC Aubière,https://www.allrugby.com/joueurs/baptiste-couret-23096.html
Chartres,Départs,Victor Damian ARIAS,Argentine,Pilier,36 ans,Marmande,https://www.allrugby.com/joueurs/victor-damian-arias-1698.html
Chartres,Départs,Aliko KAIKATSISHVILI,Géorgie,Pilier,31 ans,Bourges,https://www.allrugby.com/joueurs/aliko-kaikatsishvili-13738.html
Chartres,Départs,Martin VILLEMIN,France,Talonneur,25 ans,BAAR Annecy,https://www.allrugby.com/joueurs/martin-villemin-21051.html
Chartres,Départs,Petro KOBYLIANSKYI,Ukraine,2ème ligne,32 ans,Leucate,https://www.allrugby.com/joueurs/petro-kobylianskyi-14439.html
Chartres,Départs,Opeti DELANA,Fidji,3ème ligne,32 ans,Aubenas,https://www.allrugby.com/joueurs/opeti-delana-13647.html
Chartres,Départs,Imad BOUHEDJEUR,France,Ailier,30 ans,Le Mans,https://www.allrugby.com/joueurs/imad-bouhedjeur-5541.html
Chartres,Départs,Myrtho LINGUET,France,Ailier,22 ans,Annonay,https://www.allrugby.com/joueurs/myrtho-linguet-16389.html
Chartres,Départs,Liam FILAINE,France,Ailier,21 ans,Tours,https://www.allrugby.com/joueurs/liam-filaine-18195.html
Chartres,Départs,Sasha COURTAT,France,Ailier,20 ans,Layrac,https://www.allrugby.com/joueurs/sasha-courtat-20842.html
Chartres,Prolongations,Adrien RACINET,France,Pilier,20 ans,2027,https://www.allrugby.com/joueurs/adrien-racinet-22846.html
Chartres,Prolongations,Alex GASSE,France,3ème ligne,20 ans,2027,https://www.allrugby.com/joueurs/alex-gasse-20791.html
Chartres,Prolongations,Oscar DOUBLET,France,3ème ligne,19 ans,2027,https://www.allrugby.com/joueurs/oscar-doublet-22778.html
Chartres,Prolongations,Pierre BEKAERT,France,Ailier,22 ans,2027,https://www.allrugby.com/joueurs/pierre-bekaert-22777.html
Chartres,Prolongations,Émile PICHON,France,Ailier,20 ans,2027,https://www.allrugby.com/joueurs/emile-pichon-20775.html
Châteaurenard,Arrivées,Walid MAAMRY,France,Pilier,27 ans,Tricastin,https://www.allrugby.com/joueurs/walid-maamry-5381.html
Châteaurenard,Arrivées,Marius DÉMON,France,Ailier,27 ans,Oloron,https://www.allrugby.com/joueurs/marius-demon-10451.html
Châteaurenard,Arrivées,Dorian PÉRON,France,3ème ligne,23 ans,Tricastin,https://www.allrugby.com/joueurs/dorian-peron-11732.html
Châteaurenard,Arrivées,Théo CANNET,France,Ouverture,23 ans,Berre-l'Étang,https://www.allrugby.com/joueurs/theo-cannet-15631.html
Châteaurenard,Départs,Billy DUTTON,Afrique du sud,3ème ligne,37 ans,N/A,https://www.allrugby.com/joueurs/billy-dutton-14529.html
Châteaurenard,Départs,Jason ARNAUD,France,3ème ligne,35 ans,Saint Saturnin,https://www.allrugby.com/joueurs/jason-arnaud-8774.html
Châteaurenard,Départs,Baptiste GEORGESCO,France,3ème ligne,24 ans,Bédarrides - Châteauneuf-du-Pape,https://www.allrugby.com/joueurs/baptiste-georgesco-10073.html
Châteaurenard,Départs,Dylan RUSSELL,France,Ouverture,28 ans,Palavas,https://www.allrugby.com/joueurs/dylan-russell-6107.html
Châteaurenard,Départs,Esteban GONZALEZ ACEVEDO,France,Centre,34 ans,Bédarrides - Châteauneuf-du-Pape,https://www.allrugby.com/joueurs/esteban-gonzalez-acevedo-10269.html
Châteaurenard,Départs,Melvin GARCIA,France,Arrière,26 ans,Cavaillon,https://www.allrugby.com/joueurs/melvin-garcia-16381.html
Châteaurenard,Départs,Justin CHANÉAC,France,Pilier,20 ans,RC Les Angles,https://www.allrugby.com/joueurs/justin-chaneac-23227.html
Châteaurenard,Départs,Rémi FOURNIER,France,Talonneur,21 ans,Saint Saturnin,https://www.allrugby.com/joueurs/remi-fournier-17500.html
Châteaurenard,Départs,Elliott DENEUVILLE,France,2ème ligne,22 ans,Cavaillon,https://www.allrugby.com/joueurs/elliott-deneuville-17801.html
Châteaurenard,Départs,Raphaël JOUVE,France,2ème ligne,22 ans,RC Les Angles,https://www.allrugby.com/joueurs/raphael-jouve-23226.html
Châteaurenard,Prolongations,Abdou DIEYE,France,Pilier,29 ans,2027,https://www.allrugby.com/joueurs/abdou-dieye-8477.html
Châteaurenard,Prolongations,Axel GAILLARDET,France,Pilier,26 ans,2027,https://www.allrugby.com/joueurs/axel-gaillardet-10382.html
Châteaurenard,Prolongations,Jean-Baptiste PIGEAUD,France,Talonneur,34 ans,2027,https://www.allrugby.com/joueurs/jean-baptiste-pigeaud-15941.html
Châteaurenard,Prolongations,Matthieu STRAPPAZON,France,2ème ligne,24 ans,2027,https://www.allrugby.com/joueurs/matthieu-strappazon-22766.html
Châteaurenard,Prolongations,Nicolas COÏA,France,2ème ligne,24 ans,2027,https://www.allrugby.com/joueurs/nicolas-coia-22647.html
Châteaurenard,Prolongations,Ugo POURRET,France,3ème ligne,36 ans,2027,https://www.allrugby.com/joueurs/ugo-pourret-9956.html
Châteaurenard,Prolongations,Maxime DUPARCHY,France,3ème ligne,26 ans,2027,https://www.allrugby.com/joueurs/maxime-duparchy-16422.html
Châteaurenard,Prolongations,Antoine LEFEBVRE,France,3ème ligne,25 ans,2027,https://www.allrugby.com/joueurs/antoine-lefebvre-20465.html
Châteaurenard,Prolongations,Benoît AUBERT,France,Mêlée,29 ans,2027,https://www.allrugby.com/joueurs/benoit-aubert-9817.html
Châteaurenard,Prolongations,Dorian GEORGE,France,Ouverture,23 ans,2027,https://www.allrugby.com/joueurs/dorian-george-22767.html
Châteaurenard,Prolongations,Vincent SALPHATI,France,Centre,33 ans,2027,https://www.allrugby.com/joueurs/vincent-salphati-17924.html
Châteaurenard,Prolongations,Rémi PILET,France,Centre,30 ans,2027,https://www.allrugby.com/joueurs/remi-pilet-10360.html
Châteaurenard,Prolongations,Lucas POIRSON,France,Ailier,26 ans,2027,https://www.allrugby.com/joueurs/lucas-poirson-5478.html
Châteaurenard,Prolongations,Alexis SARROUB-LAGUERRE,France,Ailier,24 ans,2027,https://www.allrugby.com/joueurs/alexis-sarroub-laguerre-15366.html
Châteaurenard,Prolongations,Lucas VAUFREYDAZ,France,Arrière,27 ans,2027,https://www.allrugby.com/joueurs/lucas-vaufreydaz-8334.html
Châteaurenard,Prolongations,Lucas POTEREAU,France,Pilier,19 ans,2027,https://www.allrugby.com/joueurs/lucas-potereau-22648.html
Châteaurenard,Prolongations,Raphaël SÉGAUD,France,Talonneur,22 ans,2027,https://www.allrugby.com/joueurs/raphael-segaud-23354.html
Châteaurenard,Prolongations,Arthur TRUPHÉMUS,France,Talonneur,21 ans,2027,https://www.allrugby.com/joueurs/arthur-truphemus-23355.html
L'Isle Jourdain,Arrivées,Alexandre BELLIER,France,Pilier,33 ans,Castelsarrasin,https://www.allrugby.com/joueurs/alexandre-bellier-11998.html
L'Isle Jourdain,Arrivées,Enzo MAIDANA,Argentine,Pilier,25 ans,Mauléon,https://www.allrugby.com/joueurs/enzo-maidana-23313.html
L'Isle Jourdain,Arrivées,Alexandre PERRIN,France,3ème ligne,25 ans,sans club,https://www.allrugby.com/joueurs/alexandre-perrin-14101.html
L'Isle Jourdain,Arrivées,Lucas MOTHEAU,France,3ème ligne,25 ans,Rieumes,https://www.allrugby.com/joueurs/lucas-motheau-23312.html
L'Isle Jourdain,Arrivées,Aurélien CHAUMONT,France,Centre,27 ans,Auch,https://www.allrugby.com/joueurs/aurelien-chaumont-21013.html
L'Isle Jourdain,Arrivées,Romain GONZALEZ,France,Ailier,23 ans,Céret,https://www.allrugby.com/joueurs/romain-gonzalez-21480.html
L'Isle Jourdain,Arrivées,Thomas LARREGAIN,France,Arrière,29 ans,Montauban,https://www.allrugby.com/joueurs/thomas-larregain-3493.html
L'Isle Jourdain,Arrivées,Nicolas LABRO,France,Arrière,24 ans,Saint-Sulpice-sur-Lèze,https://www.allrugby.com/joueurs/nicolas-labro-13724.html
L'Isle Jourdain,Arrivées,Florian LAM,France,Talonneur,21 ans,Colomiers,https://www.allrugby.com/joueurs/florian-lam-23356.html
L'Isle Jourdain,Arrivées,Bastien DENJEAN,France,3ème ligne,20 ans,Saverdun,https://www.allrugby.com/joueurs/bastien-denjean-23375.html
L'Isle Jourdain,Arrivées,Bogdan BOUDANOV,France,3ème ligne,20 ans,Auch,https://www.allrugby.com/joueurs/bogdan-boudanov-20832.html
L'Isle Jourdain,Arrivées,Eddie DUSSAC,France,Centre,21 ans,Lombez Samatan,https://www.allrugby.com/joueurs/eddie-dussac-17658.html
L'Isle Jourdain,Départs,Trésor KAMBI,République démocratique du Congo,Pilier,25 ans,Valence d'Agen,https://www.allrugby.com/joueurs/tresor-kambi-21276.html
L'Isle Jourdain,Départs,Baptiste CASTA,France,3ème ligne,24 ans,Blagnac,https://www.allrugby.com/joueurs/baptiste-casta-15814.html
L'Isle Jourdain,Départs,Daniel FAASEN,Afrique du sud,Ouverture,36 ans,Blagnac,https://www.allrugby.com/joueurs/daniel-faasen-23168.html
L'Isle Jourdain,Départs,Matéo CARRÈRE,France,Ailier,24 ans,Blagnac,https://www.allrugby.com/joueurs/mateo-carrere-12304.html
CA Lannemezan,Arrivées,Eliott LEPORTIER,France,2ème ligne,23 ans,Gujan-Mestras,https://www.allrugby.com/joueurs/eliott-leportier-21477.html
CA Lannemezan,Arrivées,Thibeau PERRONI,France,2ème ligne,23 ans,Auch,https://www.allrugby.com/joueurs/thibeau-perroni-18125.html
CA Lannemezan,Arrivées,Aubin DOMECQ,France,3ème ligne,27 ans,Gujan-Mestras,https://www.allrugby.com/joueurs/aubin-domecq-11722.html
CA Lannemezan,Arrivées,Camille ARQUIE,France,3ème ligne,25 ans,Saint-Lary-Soulan,https://www.allrugby.com/joueurs/camille-arquie-23082.html
CA Lannemezan,Arrivées,Simon TONIN,France,Centre,23 ans,Mauvezin,https://www.allrugby.com/joueurs/simon-tonin-22843.html
CA Lannemezan,Arrivées,Jamie TREASURE,Angleterre,Centre,ans,Valencia (ESP),https://www.allrugby.com/joueurs/jamie-treasure-22997.html
CA Lannemezan,Arrivées,Anthony FOURCADE,France,Ailier,27 ans,Argeles-Gazost,https://www.allrugby.com/joueurs/anthony-fourcade-23369.html
CA Lannemezan,Arrivées,Maïeul PARGALA,France,Arrière,21 ans,Tarbes,https://www.allrugby.com/joueurs/maieul-pargala-21056.html
CA Lannemezan,Arrivées,Baptiste GUIZOT,France,Pilier,23 ans,Auch,https://www.allrugby.com/joueurs/baptiste-guizot-17571.html
CA Lannemezan,Arrivées,Nathan BOB,France,Pilier,22 ans,sans club,https://www.allrugby.com/joueurs/nathan-bob-14512.html
CA Lannemezan,Arrivées,Enzo SENTENAC,France,Pilier,21 ans,sans club,https://www.allrugby.com/joueurs/enzo-sentenac-23234.html
CA Lannemezan,Arrivées,Luka HEMET,France,Pilier,21 ans,Tarbes,https://www.allrugby.com/joueurs/luka-hemet-23075.html
CA Lannemezan,Arrivées,Timéo ROBIN-LATOUCHE,France,Pilier,18 ans,Toulouse,https://www.allrugby.com/joueurs/timeo-robin-latouche-22696.html
CA Lannemezan,Arrivées,Simon FERRARIS,France,Talonneur,22 ans,Auch,https://www.allrugby.com/joueurs/simon-ferraris-21012.html
CA Lannemezan,Arrivées,Theo DAFFOS,France,Talonneur,22 ans,Saint-Gaudens XV,https://www.allrugby.com/joueurs/theo-daffos-22709.html
CA Lannemezan,Arrivées,Nathan CROUZIER,France,Talonneur,20 ans,Tarbes,https://www.allrugby.com/joueurs/nathan-crouzier-23134.html
CA Lannemezan,Arrivées,Jérôme MENVIELLE,France,3ème ligne,19 ans,ESCA,https://www.allrugby.com/joueurs/jerome-menvielle-23292.html
CA Lannemezan,Arrivées,Alban GOMEZ,France,Mêlée,21 ans,Valence Romans,https://www.allrugby.com/joueurs/alban-gomez-17654.html
CA Lannemezan,Arrivées,César BENTAYOU,France,Mêlée,21 ans,Auch,https://www.allrugby.com/joueurs/cesar-bentayou-17631.html
CA Lannemezan,Arrivées,Louis VIDAL,France,Mêlée,20 ans,Aurillac,https://www.allrugby.com/joueurs/louis-vidal-22823.html
CA Lannemezan,Arrivées,Marius BOISSINOT,France,Mêlée,19 ans,Tarbes,https://www.allrugby.com/joueurs/marius-boissinot-23258.html
CA Lannemezan,Arrivées,Sacha PORTERIE,France,Mêlée,19 ans,Tarbes,https://www.allrugby.com/joueurs/sacha-porterie-23224.html
CA Lannemezan,Arrivées,Thibaut PUJO,France,Ouverture,20 ans,ESCA,https://www.allrugby.com/joueurs/thibaut-pujo-22832.html
CA Lannemezan,Arrivées,Tom LHEUREUX,France,Ouverture,20 ans,Tarbes,https://www.allrugby.com/joueurs/tom-lheureux-23068.html
CA Lannemezan,Arrivées,Lounès SÉGUÉLA,France,Ouverture,18 ans,Beaumont-de-Lomagne,https://www.allrugby.com/joueurs/lounes-seguela-22763.html
CA Lannemezan,Arrivées,Tobias DESCAMPS,France,Arrière,21 ans,Anglet,https://www.allrugby.com/joueurs/tobias-descamps-16200.html
CA Lannemezan,Départs,Jean-François VALLÉ,France,Pilier,29 ans,Bagnères,https://www.allrugby.com/joueurs/jean-francois-valle-20864.html
CA Lannemezan,Départs,Gonzalo MANSO MOYANO,Argentine,Talonneur,36 ans,Tarbes,https://www.allrugby.com/joueurs/gonzalo-manso-moyano-10123.html
CA Lannemezan,Départs,Necani NAWAQADAU,Fidji,2ème ligne,35 ans,Coarraze-Nay,https://www.allrugby.com/joueurs/necani-nawaqadau-12139.html
CA Lannemezan,Départs,Kévyn BATISTA,France,2ème ligne,30 ans,Bagnères,https://www.allrugby.com/joueurs/kevin-batista-4542.html
CA Lannemezan,Départs,Thibault PARIS,France,3ème ligne,29 ans,Tarbes,https://www.allrugby.com/joueurs/thibault-paris-20753.html
CA Lannemezan,Départs,Emmanuel PARIS,France,Centre,31 ans,Tarbes,https://www.allrugby.com/joueurs/emmanuel-paris-10487.html
CA Lannemezan,Départs,Arnaud ESPILONDO,France,Centre,27 ans,Bagnères,https://www.allrugby.com/joueurs/arnaud-espilondo-14285.html
CA Lannemezan,Départs,Morgan RUBIO,France,Ailier,35 ans,Tarbes,https://www.allrugby.com/joueurs/morgan-rubio-1967.html
CA Lannemezan,Départs,Enzo MONJENOT,France,Mêlée,22 ans,Bagnères,https://www.allrugby.com/joueurs/enzo-monjenot-17691.html
CA Lannemezan,Départs,Lilian MARTET,France,Ailier,24 ans,Tarbes,https://www.allrugby.com/joueurs/lilian-martet-20836.html
CA Lannemezan,Départs,Henri PASCAREL,France,Ailier,21 ans,Fleurance,https://www.allrugby.com/joueurs/henri-pascarel-20699.html
CA Lannemezan,Prolongations,Florian GAILLIARDOT,France,Pilier,35 ans,N/A,https://www.allrugby.com/joueurs/florian-gailliardot-21021.html
CA Lannemezan,Prolongations,Thierry KOUNGA KUATÉ,Cameroun,Pilier,32 ans,2027,https://www.allrugby.com/joueurs/thierry-kounga-kuate-4358.html
CA Lannemezan,Prolongations,Baptiste BERNICHAN,France,Talonneur,39 ans,2027,https://www.allrugby.com/joueurs/baptiste-bernichan-21174.html
CA Lannemezan,Prolongations,Cédric ROUCH,France,Talonneur,31 ans,2027,https://www.allrugby.com/joueurs/cedric-rouch-9945.html
CA Lannemezan,Prolongations,Mathys MUGNIER,France,Talonneur,19 ans,N/A,https://www.allrugby.com/joueurs/mathys-mugnier-22532.html
CA Lannemezan,Prolongations,Mesake BAISAGALE,Fidji,3ème ligne,34 ans,2027,https://www.allrugby.com/joueurs/mesake-baisagale-20751.html
CA Lannemezan,Prolongations,Léo NOËL,France,3ème ligne,27 ans,2027,https://www.allrugby.com/joueurs/leo-noel-13813.html
CA Lannemezan,Prolongations,Axel KUBLER,France,3ème ligne,25 ans,2027,https://www.allrugby.com/joueurs/axel-kubler-20717.html
CA Lannemezan,Prolongations,Julien MONT,France,3ème ligne,23 ans,2027,https://www.allrugby.com/joueurs/julien-mont-20797.html
CA Lannemezan,Prolongations,Thibault MONT,France,3ème ligne,23 ans,2027,https://www.allrugby.com/joueurs/thibault-mont-20786.html
CA Lannemezan,Prolongations,Eroni TUWAI,Fidji,Ailier,31 ans,2027,https://www.allrugby.com/joueurs/eroni-tuwai-4365.html
CA Lannemezan,Prolongations,Nathan DOSSAT,France,Ailier,23 ans,2027,https://www.allrugby.com/joueurs/nathan-dossat-20760.html
CA Lannemezan,Prolongations,Samuel CAZCARRA,France,Pilier,20 ans,2027,https://www.allrugby.com/joueurs/samuel-cazcarra-20697.html
CA Lannemezan,Prolongations,Ylan FAURE,France,Pilier,20 ans,2027,https://www.allrugby.com/joueurs/ylan-faure-21082.html
CA Lannemezan,Prolongations,Louis CARRAZE,France,Pilier,19 ans,2027,https://www.allrugby.com/joueurs/louis-carraze-23089.html
CA Lannemezan,Prolongations,Julien MUGNIER,France,Talonneur,21 ans,2027,https://www.allrugby.com/joueurs/julien-mugnier-15347.html
CA Lannemezan,Prolongations,Evan MISTRAL,France,Talonneur,20 ans,2027,https://www.allrugby.com/joueurs/evan-mistral-20698.html
CA Lannemezan,Prolongations,Gaël AUDOUBERT,France,Talonneur,19 ans,2027,https://www.allrugby.com/joueurs/gael-audoubert-22639.html
CA Lannemezan,Prolongations,Lucas ADOUE,France,2ème ligne,22 ans,2027,https://www.allrugby.com/joueurs/lucas-adoue-20702.html
CA Lannemezan,Prolongations,Louka BARÈS,France,2ème ligne,21 ans,2027,https://www.allrugby.com/joueurs/louka-bares-21022.html
CA Lannemezan,Prolongations,Amaury DEBOURBE,France,3ème ligne,22 ans,2027,https://www.allrugby.com/joueurs/amaury-debourbe-20704.html
CA Lannemezan,Prolongations,Iniaki ROTGE,France,3ème ligne,21 ans,2027,https://www.allrugby.com/joueurs/iniaki-rotge-20719.html
CA Lannemezan,Prolongations,Matthieu ESTRADE,France,3ème ligne,21 ans,2027,https://www.allrugby.com/joueurs/matthieu-estrade-20835.html
CA Lannemezan,Prolongations,Rémy DEMAULÉON,France,3ème ligne,19 ans,2027,https://www.allrugby.com/joueurs/remy-demauleon-20853.html
CA Lannemezan,Prolongations,Jonathan FONTAN,France,Mêlée,19 ans,2027,https://www.allrugby.com/joueurs/jonathan-fontan-20744.html
CA Lannemezan,Prolongations,Noa CAMY-DEBAT,France,Ouverture,20 ans,2027,https://www.allrugby.com/joueurs/noa-camy-debat-20811.html
CA Lannemezan,Prolongations,Killian CRÉPIN-TAJAN,France,Ouverture,19 ans,2027,https://www.allrugby.com/joueurs/killian-crepin-tajan-20852.html
CA Lannemezan,Prolongations,Mathieu CURIE,France,Centre,21 ans,2027,https://www.allrugby.com/joueurs/mathieu-curie-21088.html
CA Lannemezan,Prolongations,Louis VALENCIAN,France,Ailier,21 ans,2027,https://www.allrugby.com/joueurs/louis-valencian-20876.html
Lavaur,Arrivées,German RAVAROTTO KÖHLER,Argentine,Pilier,29 ans,Graulhet,https://www.allrugby.com/joueurs/german-ravarotto-kohler-14313.html
Lavaur,Arrivées,Thomas LABELLE,France,2ème ligne,22 ans,Blagnac,https://www.allrugby.com/joueurs/thomas-labelle-15411.html
Lavaur,Arrivées,Adrien VERT,France,3ème ligne,27 ans,sans club,https://www.allrugby.com/joueurs/adrien-vert-10459.html
Lavaur,Arrivées,Sylvain DIEZ,France,Mêlée,39 ans,Sidobre Montagne XV,https://www.allrugby.com/joueurs/sylvain-diez-23394.html
Lavaur,Arrivées,Florian ARROYO,France,Mêlée,29 ans,Saint-Sulpice-la-Pointe,https://www.allrugby.com/joueurs/florian-arroyo-23077.html
Lavaur,Arrivées,Ludmillien DUMONT,France,Centre,27 ans,Labastide-Saint-Georges,https://www.allrugby.com/joueurs/ludmillien-dumont-23066.html
Lavaur,Arrivées,Marlonn FABRE,France,Centre,26 ans,Mazamet,https://www.allrugby.com/joueurs/marlonn-fabre-12018.html
Lavaur,Arrivées,Arthur BALLESTER,France,Centre,23 ans,Blagnac,https://www.allrugby.com/joueurs/arthur-ballester-18466.html
Lavaur,Arrivées,Mattéo VIDOT,France,Arrière,22 ans,Blagnac,https://www.allrugby.com/joueurs/matteo-vidot-17602.html
Lavaur,Arrivées,Clément DUBOIS,France,Pilier,20 ans,Saint-Sulpice-la-Pointe,https://www.allrugby.com/joueurs/clement-dubois-23170.html
Lavaur,Arrivées,Ilan FERRIÈRE,France,Talonneur,19 ans,Graulhet,https://www.allrugby.com/joueurs/ilan-ferriere-20476.html
Lavaur,Arrivées,Thibault TRUC,France,Mêlée,21 ans,Saint Jean-de-Luz,https://www.allrugby.com/joueurs/thibault-truc-20348.html
Lavaur,Arrivées,Thibault VIEU,France,Ouverture,23 ans,US Verfeil,https://www.allrugby.com/joueurs/thibault-vieu-23395.html
Lavaur,Arrivées,Mathias JACQUEMIN,France,Centre,22 ans,Saint-Sulpice-la-Pointe,https://www.allrugby.com/joueurs/mathias-jacquemin-22844.html
Lavaur,Arrivées,Matthieu NIVOLLE,France,Centre,20 ans,Saint-Sulpice-la-Pointe,https://www.allrugby.com/joueurs/matthieu-nivolle-23065.html
Lavaur,Arrivées,Cheikh Bamba TALLA,Sénégal,Ailier,21 ans,Castres,https://www.allrugby.com/joueurs/cheikh-bamba-talla-22898.html
Lavaur,Arrivées,Romain FAGES,France,Ailier,19 ans,Albi,https://www.allrugby.com/joueurs/romain-fages-22899.html
Lavaur,Départs,Valentin COUSTEL,France,Pilier,31 ans,N/A,https://www.allrugby.com/joueurs/valentin-coustel-21525.html
Lavaur,Départs,Jean BEAUDOIN,Belgique,Pilier,25 ans,N/A,https://www.allrugby.com/joueurs/jean-beaudoin-15278.html
Lavaur,Départs,Arthur LABAT,France,Pilier,24 ans,N/A,https://www.allrugby.com/joueurs/arthur-labat-20554.html
Lavaur,Départs,Nicolas CLERGUE,France,3ème ligne,41 ans,N/A,https://www.allrugby.com/joueurs/nicolas-clergue-15280.html
Lavaur,Départs,Florian FRANCK,France,3ème ligne,27 ans,N/A,https://www.allrugby.com/joueurs/florian-franck-17534.html
Lavaur,Départs,Lilian BOULADE,France,3ème ligne,26 ans,N/A,https://www.allrugby.com/joueurs/lilian-boulade-20871.html
Lavaur,Départs,Dgyanni MERLE,France,Mêlée,26 ans,Saint-Sulpice-la-Pointe,https://www.allrugby.com/joueurs/dgyanni-merle-20869.html
Lavaur,Départs,Janis MADEJ,France,Mêlée,25 ans,N/A,https://www.allrugby.com/joueurs/janis-madej-20874.html
Lavaur,Départs,Gaëtan BERTRAND,France,Centre,34 ans,N/A,https://www.allrugby.com/joueurs/gaetan-bertrand-5200.html
Lavaur,Départs,Luca MICHIELETTO,France,Arrière,26 ans,N/A,https://www.allrugby.com/joueurs/luca-michieletto-15281.html
Lavaur,Départs,Célian BEAUVAIS,France,Pilier,22 ans,Castanet,https://www.allrugby.com/joueurs/celian-beauvais-20872.html
Lavaur,Départs,Louis ALTABAS,France,Talonneur,22 ans,Castanet,https://www.allrugby.com/joueurs/louis-altabas-20727.html
Lavaur,Départs,Pablo ARENAS,France,Mêlée,23 ans,N/A,https://www.allrugby.com/joueurs/pablo-arenas-20868.html
Lavaur,Départs,Martin GRAULE,France,Mêlée,21 ans,N/A,https://www.allrugby.com/joueurs/martin-graule-21398.html
Lavaur,Départs,Matéo BÉRENGUER,France,Centre,22 ans,N/A,https://www.allrugby.com/joueurs/mateo-berenguer-20928.html
Lavaur,Départs,Pablo SITTLER,France,Centre,21 ans,N/A,https://www.allrugby.com/joueurs/pablo-sittler-21459.html
Lavaur,Départs,Ethan PÉLISSIER,France,Ailier,20 ans,N/A,https://www.allrugby.com/joueurs/ethan-pelissier-22770.html
Lavaur,Prolongations,Daniel GOUVEÏA,France,Pilier,36 ans,2027,https://www.allrugby.com/joueurs/daniel-gouveia-15450.html
Lavaur,Prolongations,Johan PEREZ,France,Talonneur,27 ans,2027,https://www.allrugby.com/joueurs/johan-perez-20562.html
Lavaur,Prolongations,Guillaume DUCOMBS,France,Talonneur,26 ans,2027,https://www.allrugby.com/joueurs/guillaume-ducombs-13882.html
Lavaur,Prolongations,Alexandre BOUASLI,France,Talonneur,23 ans,2027,https://www.allrugby.com/joueurs/alexandre-bouasli-20436.html
Lavaur,Prolongations,Clément CAZENAVE,France,2ème ligne,28 ans,2027,https://www.allrugby.com/joueurs/clement-cazenave-22660.html
Lavaur,Prolongations,Julien CAZENAVE,France,2ème ligne,28 ans,2027,https://www.allrugby.com/joueurs/julien-cazenave-22661.html
Lavaur,Prolongations,Hugo DIEZ,France,3ème ligne,32 ans,2027,https://www.allrugby.com/joueurs/hugo-diez-20608.html
Lavaur,Prolongations,Théo GILBERT,France,3ème ligne,28 ans,2027,https://www.allrugby.com/joueurs/theo-gilbert-13860.html
Lavaur,Prolongations,Adrien TRUC,France,3ème ligne,24 ans,2027,https://www.allrugby.com/joueurs/adrien-truc-20870.html
Lavaur,Prolongations,Hugo MANDART-PACHUT,France,3ème ligne,22 ans,2027,https://www.allrugby.com/joueurs/hugo-mandart-pachut-20873.html
Lavaur,Prolongations,Lee ADRIAANSE,Afrique du sud,Ouverture,38 ans,2027,https://www.allrugby.com/joueurs/lee-adriaanse-1594.html
Lavaur,Prolongations,Tom FRANCK,France,Ouverture,25 ans,2027,https://www.allrugby.com/joueurs/tom-franck-17585.html
Lavaur,Prolongations,Baptiste HECKER,France,Centre,38 ans,2027,https://www.allrugby.com/joueurs/baptiste-hecker-1488.html
Lavaur,Prolongations,Hugo PLANÈS,France,Centre,28 ans,2027,https://www.allrugby.com/joueurs/hugo-planes-13910.html
Lavaur,Prolongations,Valentin TIREFORT,France,Centre,28 ans,2027,https://www.allrugby.com/joueurs/valentin-tirefort-8219.html
Lavaur,Prolongations,Anthony MIGAYROU,France,Ailier,34 ans,2027,https://www.allrugby.com/joueurs/anthony-migayrou-20616.html
Lavaur,Prolongations,Benjamin NORKOWSKI,France,Ailier,33 ans,2027,https://www.allrugby.com/joueurs/benjamin-norkowski-15313.html
Lavaur,Prolongations,Jules MAFFRE,France,Pilier,22 ans,2027,https://www.allrugby.com/joueurs/jules-maffre-20423.html
Lavaur,Prolongations,Logan MICHELET,France,Pilier,21 ans,2027,https://www.allrugby.com/joueurs/logan-michelet-22589.html
Lavaur,Prolongations,Simon FABRES,France,Pilier,21 ans,2027,https://www.allrugby.com/joueurs/simon-fabres-22587.html
Lavaur,Prolongations,Nathan PAUTHE,France,Pilier,19 ans,2027,https://www.allrugby.com/joueurs/nathan-pauthe-22588.html
Lavaur,Prolongations,Paul MEYER,France,Pilier,19 ans,2027,https://www.allrugby.com/joueurs/paul-meyer-22586.html
Lavaur,Prolongations,Gaëtan CAPPELLETTO,France,Talonneur,21 ans,2027,https://www.allrugby.com/joueurs/gaetan-cappelletto-22590.html
Lavaur,Prolongations,Enzo GAUTHIER,France,2ème ligne,21 ans,2027,https://www.allrugby.com/joueurs/enzo-gauthier-17788.html
Lavaur,Prolongations,Pierryc FARENC,France,2ème ligne,21 ans,2027,https://www.allrugby.com/joueurs/pierryc-farenc-20498.html
Lavaur,Prolongations,Mathias CUMOURA,France,2ème ligne,19 ans,2027,https://www.allrugby.com/joueurs/mathias-cumoura-22662.html
Lavaur,Prolongations,Guillaume ABOUT,France,3ème ligne,22 ans,2027,https://www.allrugby.com/joueurs/guillaume-about-20358.html
Lavaur,Prolongations,Mathieu ROUSSEAU,France,3ème ligne,22 ans,2027,https://www.allrugby.com/joueurs/mathieu-rousseau-20540.html
Lavaur,Prolongations,Thibaut LACAZE,France,3ème ligne,21 ans,2027,https://www.allrugby.com/joueurs/thibaut-lacaze-20469.html
Lavaur,Prolongations,Mael VIRVES,France,3ème ligne,20 ans,2027,https://www.allrugby.com/joueurs/mael-virves-22664.html
Lavaur,Prolongations,Noa MOLLES,France,3ème ligne,19 ans,2027,https://www.allrugby.com/joueurs/noa-molles-22663.html
Lavaur,Prolongations,Erwan PORRO,France,Mêlée,22 ans,2027,https://www.allrugby.com/joueurs/erwan-porro-17597.html
Lavaur,Prolongations,Joachim MARTY,France,Mêlée,19 ans,2027,https://www.allrugby.com/joueurs/joachim-marty-20575.html
Lavaur,Prolongations,Guilhem MASSOL,France,Ouverture,19 ans,2027,https://www.allrugby.com/joueurs/guilhem-massol-20565.html
Lavaur,Prolongations,Louis FABRE-ALIOT,France,Centre,23 ans,2027,https://www.allrugby.com/joueurs/louis-fabre-aliot-20495.html
Lavaur,Prolongations,Enzo MAFFIOLETTI,France,Centre,21 ans,2027,https://www.allrugby.com/joueurs/enzo-maffioletti-20577.html
Lavaur,Prolongations,Lucas MANDART-PACHUT,France,Centre,19 ans,2027,https://www.allrugby.com/joueurs/lucas-mandart-pachut-22749.html
Lavaur,Prolongations,Thomas COMBES,France,Ailier,20 ans,2027,https://www.allrugby.com/joueurs/thomas-combes-20572.html
Lavaur,Prolongations,Iban GIMENEZ,France,Ailier,19 ans,2027,https://www.allrugby.com/joueurs/iban-gimenez-20614.html
Lavaur,Prolongations,Fabien ALOISI,France,Ailier,18 ans,2027,https://www.allrugby.com/joueurs/fabien-aloisi-22768.html
Lavaur,Prolongations,Maxime ALGANS,France,Arrière,22 ans,2027,https://www.allrugby.com/joueurs/maxime-algans-17708.html
Lavaur,Prolongations,Raphael BOURRIÈRES,France,Arrière,21 ans,2027,https://www.allrugby.com/joueurs/raphael-bourrieres-22769.html
Lavaur,Prolongations,Vincent JARDIN,France,Arrière,20 ans,2027,https://www.allrugby.com/joueurs/vincent-jardin-20567.html
Limoges,Arrivées,Julien BROSSE,France,Pilier,25 ans,Tonbridge (ANG),https://www.allrugby.com/joueurs/julien-brosse-9067.html
Limoges,Arrivées,Tom SARTHOU,France,Talonneur,22 ans,Vannes,https://www.allrugby.com/joueurs/tom-sarthou-21827.html
Limoges,Arrivées,Fotu LOKOTUI,Tonga,3ème ligne,34 ans,Niort,https://www.allrugby.com/joueurs/fotu-lokotui-5836.html
Limoges,Arrivées,Théo MAURY,France,Mêlée,27 ans,Tulle,https://www.allrugby.com/joueurs/theo-maury-22683.html
Limoges,Arrivées,Sione MA'U,Nouvelle-Zélande,Centre,27 ans,Saint-Malo,https://www.allrugby.com/joueurs/sione-ma-u-23101.html
Limoges,Arrivées,Paul KORNYELI,France,Talonneur,21 ans,Périgueux,https://www.allrugby.com/joueurs/paul-kornyeli-23166.html
Limoges,Arrivées,Valentin WINGERT,France,2ème ligne,21 ans,Narbonne,https://www.allrugby.com/joueurs/valentin-wingert-20855.html
Limoges,Arrivées,Jean YUNGMANN,France,3ème ligne,20 ans,Malemort,https://www.allrugby.com/joueurs/jean-yungmann-21046.html
Limoges,Arrivées,Adrien FAURE,France,Mêlée,21 ans,Union Barbezieux Jonzac,https://www.allrugby.com/joueurs/adrien-faure-22724.html
Limoges,Départs,Marvin PIVERT,France,Pilier,25 ans,N/A,https://www.allrugby.com/joueurs/marvin-pivert-11639.html
Limoges,Départs,Levan PAPIDZE,Géorgie,Talonneur,28 ans,N/A,https://www.allrugby.com/joueurs/levan-papidze-17829.html
Limoges,Départs,Oscar GODFROY,France,2ème ligne,24 ans,N/A,https://www.allrugby.com/joueurs/oscar-godfroy-20820.html
Limoges,Départs,Curtis MOUCHERON,Belgique,Mêlée,26 ans,N/A,https://www.allrugby.com/joueurs/curtis-moucheron-17139.html
Limoges,Départs,Noa NAKAITACI,Fidji,Ailier,35 ans,Retraite,https://www.allrugby.com/joueurs/noa-nakaitaci-1059.html
Limoges,Départs,Niko ARABOULI,France,Pilier,21 ans,Tulle,https://www.allrugby.com/joueurs/niko-arabouli-21047.html
Limoges,Départs,Oussama BAYA,Tunisie,2ème ligne,22 ans,Rugby Saint-Jeannais,https://www.allrugby.com/joueurs/oussama-baya-20657.html
Limoges,Départs,Omar SARR,France,2ème ligne,21 ans,Tulle,https://www.allrugby.com/joueurs/omar-sarr-20907.html
Limoges,Départs,Kylian SANCHEZ,France,Mêlée,22 ans,N/A,https://www.allrugby.com/joueurs/kylian-sanchez-21234.html
Limoges,Départs,Hugo DANGLES,France,Centre,28 ans,N/A,https://www.allrugby.com/joueurs/hugo-dangles-22702.html
Limoges,Départs,Lucas CARRÉ,France,Ailier,22 ans,N/A,https://www.allrugby.com/joueurs/lucas-carre-20695.html
Limoges,Départs,Yanis TOFFOLI-MAMY,France,Ailier,20 ans,N/A,https://www.allrugby.com/joueurs/yanis-toffoli-mamy-20303.html
Limoges,Prolongations,Giorgi MARGVELIANI,Géorgie,Pilier,32 ans,2027,https://www.allrugby.com/joueurs/giorgi-margvelani-4315.html
Limoges,Prolongations,Guillaume BUISSON,France,Pilier,30 ans,2028,https://www.allrugby.com/joueurs/guillaume-buisson-10590.html
Limoges,Prolongations,Saba KAULASHVILI,Géorgie,Pilier,27 ans,2027,https://www.allrugby.com/joueurs/saba-kaulashvili-6736.html
Limoges,Prolongations,Dylan TOURAUD,France,Pilier,24 ans,2027,https://www.allrugby.com/joueurs/dylan-touraud-11386.html
Limoges,Prolongations,Jules FUTIN,France,Talonneur,23 ans,2028,https://www.allrugby.com/joueurs/jules-futin-12177.html
Limoges,Prolongations,Davyd VIVCHARYK,Ukraine,2ème ligne,24 ans,2027,https://www.allrugby.com/joueurs/davyd-vivcharyk-20902.html
Limoges,Prolongations,Corentin SCHMITT,France,3ème ligne,30 ans,2028,https://www.allrugby.com/joueurs/corentin-schmitt-11290.html
Limoges,Prolongations,François THOMASSET,France,3ème ligne,28 ans,2027,https://www.allrugby.com/joueurs/francois-thomasset-20345.html
Limoges,Prolongations,Alexandre FABRE,France,3ème ligne,24 ans,2027,https://www.allrugby.com/joueurs/alexandre-fabre-14134.html
Limoges,Prolongations,Maxime KOHLMAN,France,3ème ligne,23 ans,2027,https://www.allrugby.com/joueurs/maxime-kohlman-11629.html
Limoges,Prolongations,Théo SANZ,France,Ouverture,25 ans,2027,https://www.allrugby.com/joueurs/theo-sanz-18201.html
Limoges,Prolongations,Alban RAMETTE,France,Centre,27 ans,2027,https://www.allrugby.com/joueurs/alban-ramette-6583.html
Limoges,Prolongations,Gabriel GOURSOLAS,France,Centre,23 ans,2027,https://www.allrugby.com/joueurs/gabriel-goursolas-12271.html
Limoges,Prolongations,Pierre CHALOPIN,France,Ailier,30 ans,2027,https://www.allrugby.com/joueurs/pierre-chalopin-11400.html
Limoges,Prolongations,Alberto GALARZA,Espagne,Pilier,23 ans,2027,https://www.allrugby.com/joueurs/alberto-galarza-20305.html
Limoges,Prolongations,Allan LAZÉRAT,France,3ème ligne,20 ans,2027,https://www.allrugby.com/joueurs/allan-lazerat-20306.html
Limoges,Prolongations,Romain FAURE,France,Mêlée,21 ans,2027,https://www.allrugby.com/joueurs/romain-faure-17855.html
Limoges,Prolongations,Victor LEMASSON,France,Ouverture,20 ans,2027,https://www.allrugby.com/joueurs/victor-lemasson-21023.html
Limoges,Prolongations,Étienne MAGINET,France,Ailier,20 ans,2027,https://www.allrugby.com/joueurs/etienne-maginet-20977.html
Limoges,Prolongations,Jules RIVALIER-RIFFAUD,France,Arrière,21 ans,2027,https://www.allrugby.com/joueurs/jules-rivalier-riffaud-20336.html
Mazamet,Arrivées,Thomas VIDAL,France,Pilier,26 ans,Périgueux,https://www.allrugby.com/joueurs/thomas-vidal-11127.html
Mazamet,Arrivées,Hugo LOPES,France,3ème ligne,24 ans,Massy,https://www.allrugby.com/joueurs/hugo-lopes-14366.html
Mazamet,Arrivées,Nasoni NAQIRI,Fidji,Centre,32 ans,Albi,https://www.allrugby.com/joueurs/nasoni-naqiri-2217.html
Mazamet,Arrivées,Noah CUYNET,France,Pilier,21 ans,Castres,https://www.allrugby.com/joueurs/noah-cuynet-17029.html
Mazamet,Arrivées,Raphaël GRÉGOIRE,France,3ème ligne,19 ans,Castres,https://www.allrugby.com/joueurs/raphael-gregoire-23136.html
Mazamet,Arrivées,Léan SANCHIS,France,Mêlée,23 ans,Aubenas,https://www.allrugby.com/joueurs/lean-sanchis-14344.html
Mazamet,Départs,Thomas NOUI,France,Pilier,30 ans,Olonzac,https://www.allrugby.com/joueurs/thomas-noui-8264.html
Mazamet,Départs,Marlonn FABRE,France,Centre,26 ans,Lavaur,https://www.allrugby.com/joueurs/marlonn-fabre-12018.html
Mazamet,Départs,Luca TIGNÈRES,France,Arrière,27 ans,Castanet,https://www.allrugby.com/joueurs/luca-tigneres-10462.html
Mazamet,Départs,Justin SAVY,France,Ailier,20 ans,Pézenas,https://www.allrugby.com/joueurs/justin-savy-20944.html
Mazamet,Prolongations,Kévin NUNINGER,France,Pilier,36 ans,2027,https://www.allrugby.com/joueurs/kevin-nuninger-11307.html
Mazamet,Prolongations,Quentin DESTRUELS,France,Pilier,35 ans,2027,https://www.allrugby.com/joueurs/quentin-destruels-11371.html
Mazamet,Prolongations,Maxime ORTENSI,France,Pilier,27 ans,2027,https://www.allrugby.com/joueurs/maxime-ortensi-10521.html
Mazamet,Prolongations,Jean-Baptiste REGGIARDO,France,Pilier,26 ans,2027,https://www.allrugby.com/joueurs/jean-baptiste-reggiardo-7319.html
Mazamet,Prolongations,William TAVARES-PEREIRA,France,Pilier,26 ans,2027,https://www.allrugby.com/joueurs/william-tavares-pereira-20701.html
Mazamet,Prolongations,Enzo DE SANTAMARIA,France,Pilier,24 ans,2027,https://www.allrugby.com/joueurs/enzo-de-santamaria-13800.html
Mazamet,Prolongations,Jérémie SANCHES PEREIRA,Cap Vert,Talonneur,36 ans,2027,https://www.allrugby.com/joueurs/jeremie-sanches-pereira-8539.html
Mazamet,Prolongations,Jordy PEREZ,France,Talonneur,26 ans,2027,https://www.allrugby.com/joueurs/jordy-perez-11674.html
Mazamet,Prolongations,Mattis CROS,France,Talonneur,22 ans,2027,https://www.allrugby.com/joueurs/mattis-cros-17582.html
Mazamet,Prolongations,Alexander BOND,Angleterre,2ème ligne,29 ans,2027,https://www.allrugby.com/joueurs/alexander-bond-9998.html
Mazamet,Prolongations,Thibault MAFFRE,France,2ème ligne,27 ans,2027,https://www.allrugby.com/joueurs/thibault-maffre-8811.html
Mazamet,Prolongations,Rémy BONNET,France,2ème ligne,23 ans,2027,https://www.allrugby.com/joueurs/remy-bonnet-14071.html
Mazamet,Prolongations,Lucas ROQUES,France,3ème ligne,33 ans,2027,https://www.allrugby.com/joueurs/lucas-roques-8541.html
Mazamet,Prolongations,Ludovic RUIZ,France,3ème ligne,33 ans,2027,https://www.allrugby.com/joueurs/ludovic-ruiz-11380.html
Mazamet,Prolongations,Dorian LUANS,France,3ème ligne,22 ans,2027,https://www.allrugby.com/joueurs/dorian-luans-17591.html
Mazamet,Prolongations,Jérémy FLEURY,France,Mêlée,25 ans,2027,https://www.allrugby.com/joueurs/jeremy-fleury-14073.html
Mazamet,Prolongations,Guillaume GAUTRAND,France,Ailier,27 ans,2027,https://www.allrugby.com/joueurs/guillaume-gautrand-10696.html
Mazamet,Prolongations,Benjamin CAMINATI,France,Arrière,36 ans,2027,https://www.allrugby.com/joueurs/benjamin-caminati-1534.html
Mazamet,Prolongations,Jules SABLAYROLLES,France,Arrière,24 ans,2027,https://www.allrugby.com/joueurs/jules-sablayrolles-14335.html
Mazamet,Prolongations,Émil DAVILLÉ,France,Ouverture,22 ans,2027,https://www.allrugby.com/joueurs/emil-daville-17663.html
Mazamet,Prolongations,Pablo VALLÈS,France,Centre,21 ans,2027,https://www.allrugby.com/joueurs/pablo-valles-18409.html
Mazamet,Prolongations,Yanis LARTIGUE,France,Ailier,22 ans,2027,https://www.allrugby.com/joueurs/yanis-lartigue-18842.html
Mazamet,Prolongations,Sacha PALCHINE,France,Arrière,23 ans,2027,https://www.allrugby.com/joueurs/sacha-palchine-11326.html
Niort,Arrivées,Brandon DEGRYSE,France,Pilier,32 ans,Chauray,https://www.allrugby.com/joueurs/brandon-degryse-23323.html
Niort,Arrivées,Enzo GAUTREAU,France,Pilier,24 ans,Puilboreau,https://www.allrugby.com/joueurs/enzo-gautreau-22765.html
Niort,Arrivées,Alexandre HARCHAT,France,Pilier,ans,sans club,https://www.allrugby.com/joueurs/alexandre-harchat-23370.html
Niort,Arrivées,Valentin DRELON,France,Talonneur,24 ans,Puilboreau,https://www.allrugby.com/joueurs/valentin-drelon-22764.html
Niort,Arrivées,Papilio TUPOU,France,2ème ligne,28 ans,CRA Niort,https://www.allrugby.com/joueurs/papilio-tupou-22882.html
Niort,Arrivées,Jean DUTARTRE,France,3ème ligne,30 ans,Puilboreau,https://www.allrugby.com/joueurs/jean-dutartre-22779.html
Niort,Arrivées,Diego GENTIL,France,Ouverture,37 ans,Parthenay,https://www.allrugby.com/joueurs/diego-gentil-22881.html
Niort,Arrivées,Léo THOMAS,France,Ouverture,25 ans,Fontenay Luçon,https://www.allrugby.com/joueurs/leo-thomas-22780.html
Niort,Arrivées,Clément GRIMAULT,France,Centre,23 ans,Gujan-Mestras,https://www.allrugby.com/joueurs/clement-grimault-10480.html
Niort,Arrivées,Augustin SION,France,Ailier,24 ans,Gujan-Mestras,https://www.allrugby.com/joueurs/augustin-sion-10481.html
Niort,Arrivées,Noah NOUZILLAT,France,Pilier,20 ans,Marans,https://www.allrugby.com/joueurs/noah-nouzillat-23324.html
Niort,Arrivées,Axel BARZIC,France,Talonneur,23 ans,sans club,https://www.allrugby.com/joueurs/axel-barzic-22754.html
Niort,Arrivées,Robin GOUBAN-JOLLIT,France,Talonneur,20 ans,Fontenay Luçon,https://www.allrugby.com/joueurs/robin-gouban-jollit-23262.html
Niort,Arrivées,Paul CHARRUYER,France,2ème ligne,23 ans,Surgères,https://www.allrugby.com/joueurs/paul-charruyer-22851.html
Niort,Arrivées,Hylan BEYTOUT,France,3ème ligne,20 ans,Fontenay Luçon,https://www.allrugby.com/joueurs/hylan-beytout-23263.html
Niort,Départs,Mees ERASMUS,Afrique du sud,Pilier,32 ans,Massy,https://www.allrugby.com/joueurs/mees-erasmus-6854.html
Niort,Départs,Michael KUMBIRAI,Afrique du sud,Pilier,30 ans,Chambéry,https://www.allrugby.com/joueurs/michael-kumbirai-7531.html
Niort,Départs,Regi CHURCHWARD,Australie,Pilier,29 ans,Biarritz,https://www.allrugby.com/joueurs/regi-churchward-17336.html
Niort,Départs,Florian BOUGEROL,France,Pilier,28 ans,Rouen,https://www.allrugby.com/joueurs/florian-bougerol-8879.html
Niort,Départs,Alexandre CANDEL,France,Pilier,25 ans,Rennes,https://www.allrugby.com/joueurs/alexandre-candel-13810.html
Niort,Départs,Mathis ROUME,France,Pilier,24 ans,Suresnes,https://www.allrugby.com/joueurs/mathis-roume-11944.html
Niort,Départs,Arnaud FELTRIN,France,Talonneur,30 ans,Rouen,https://www.allrugby.com/joueurs/arnaud-feltrin-4444.html
Niort,Départs,Corentin CHABEAUDIE,France,Talonneur,29 ans,Rouen,https://www.allrugby.com/joueurs/corentin-chabeaudie-5164.html
Niort,Départs,Yanis GIMENEZ,France,Talonneur,26 ans,Suresnes,https://www.allrugby.com/joueurs/yanis-gimenez-11632.html
Niort,Départs,Chris VAN LEEUWEN,Afrique du sud,2ème ligne,31 ans,Monaco (MCO),https://www.allrugby.com/joueurs/chris-van-leeuwen-9899.html
Niort,Départs,César BAUDIN,France,2ème ligne,26 ans,Rennes,https://www.allrugby.com/joueurs/cesar-baudin-8220.html
Niort,Départs,Chris MINIMBI,Fidji,2ème ligne,26 ans,Annonay,https://www.allrugby.com/joueurs/chris-minimbi-7990.html
Niort,Départs,Michel HIMMER,Allemagne,2ème ligne,26 ans,Chambéry,https://www.allrugby.com/joueurs/michel-himmer-8928.html
Niort,Départs,Stephan LE ROUX,Afrique du sud,2ème ligne,26 ans,Aurillac,https://www.allrugby.com/joueurs/stephan-le-roux-11228.html
Niort,Départs,Fotu LOKOTUI,Tonga,3ème ligne,34 ans,Limoges,https://www.allrugby.com/joueurs/fotu-lokotui-5836.html
Niort,Départs,Chris MASSYN,Afrique du sud,3ème ligne,32 ans,Retraite,https://www.allrugby.com/joueurs/chris-massyn-7532.html
Niort,Départs,Jeff GOUFAN,France,3ème ligne,27 ans,Narbonne,https://www.allrugby.com/joueurs/jeff-goufan-7712.html
Niort,Départs,Mathieu TIXIER,France,3ème ligne,26 ans,Bourg-en-Bresse,https://www.allrugby.com/joueurs/mathieu-tixier-7956.html
Niort,Départs,Raphaël NIETO,France,3ème ligne,25 ans,Massy,https://www.allrugby.com/joueurs/raphael-nieto-13708.html
Niort,Départs,Youssouf YATERA,France,3ème ligne,24 ans,Suresnes,https://www.allrugby.com/joueurs/youssouf-yatera-15053.html
Niort,Départs,Arturo TEN HOEVER,France,3ème ligne,22 ans,Marcq-en-Baroeul,https://www.allrugby.com/joueurs/arturo-ten-hoever-16819.html
Niort,Départs,Benjamin ALÇACÈBE,France,Mêlée,34 ans,Oloron,https://www.allrugby.com/joueurs/benjamin-alcacebe-2386.html
Niort,Départs,Anthony FUERTES,France,Ouverture,29 ans,Bourgoin,https://www.allrugby.com/joueurs/anthony-fuertes-4402.html
Niort,Départs,Ozzy CHAMPS,France,Ouverture,24 ans,Oloron,https://www.allrugby.com/joueurs/ozzy-champs-13769.html
Niort,Départs,Romain LAUGA,France,Ouverture,22 ans,Peyrehorade,https://www.allrugby.com/joueurs/romain-lauga-21372.html
Niort,Départs,Raphaël SANCHEZ,France,Centre,27 ans,Nevers,https://www.allrugby.com/joueurs/raphael-sanchez-10483.html
Niort,Départs,Anthony LAVAUX,France,Centre,26 ans,Mâcon,https://www.allrugby.com/joueurs/anthony-lavaux-11707.html
Niort,Départs,Vaea TUTUILA VAEA,Tonga,Centre,25 ans,Bourg-en-Bresse,https://www.allrugby.com/joueurs/vaea-tutuila-vaea-10756.html
Niort,Départs,Wesley DOUGLAS,Angleterre,Ailier,29 ans,Rouen,https://www.allrugby.com/joueurs/wesley-douglas-4753.html
Niort,Départs,Mathis TERRASSON,France,Ailier,23 ans,Bourgoin,https://www.allrugby.com/joueurs/mathis-terrasson-20483.html
Niort,Départs,Quentin PILET,France,Arrière,32 ans,Périgueux,https://www.allrugby.com/joueurs/quentin-pilet-4729.html
Niort,Départs,Maxime TETLOW,France,Arrière,22 ans,Bourg-en-Bresse,https://www.allrugby.com/joueurs/maxime-tetlow-15237.html
Niort,Départs,Valentino PANI,Argentine,Pilier,18 ans,La Rochelle,https://www.allrugby.com/joueurs/valentino-pani-17981.html
Niort,Départs,Robbie COMBRINCK,Afrique du sud,2ème ligne,20 ans,Bordeaux,https://www.allrugby.com/joueurs/robbie-combrinck-22482.html
Niort,Départs,Liam DUNCAN,Belgique,Ouverture,21 ans,Vienne,https://www.allrugby.com/joueurs/liam-duncan-21574.html
Niort,Prolongations,Arthur BRESCIA,France,3ème ligne,21 ans,2027,https://www.allrugby.com/joueurs/arthur-brescia-22681.html
Niort,Prolongations,Enzo MENUET,France,Pilier,21 ans,2027,https://www.allrugby.com/joueurs/enzo-menuet-22721.html
Niort,Prolongations,Raphaël FAFIN,France,Pilier,19 ans,2027,https://www.allrugby.com/joueurs/raphael-fafin-22850.html
Niort,Prolongations,Mathys DUBERT,France,Talonneur,17 ans,2027,https://www.allrugby.com/joueurs/mathys-dubert-23261.html
Niort,Prolongations,Raphaël DUBUC,France,2ème ligne,22 ans,2027,https://www.allrugby.com/joueurs/raphael-dubuc-20488.html
Niort,Prolongations,Joey WARNEYS,France,3ème ligne,22 ans,2027,https://www.allrugby.com/joueurs/joey-warneys-22742.html
Niort,Prolongations,Théo CORNU,France,3ème ligne,21 ans,2027,https://www.allrugby.com/joueurs/theo-cornu-22743.html
Niort,Prolongations,Enzo LOTIN,France,3ème ligne,20 ans,2027,https://www.allrugby.com/joueurs/enzo-lotin-18346.html
Niort,Prolongations,Maxime DAUDIN,France,Ouverture,22 ans,2027,https://www.allrugby.com/joueurs/maxime-daudin-22623.html
Niort,Prolongations,Maory CHAMPS,France,Centre,20 ans,2027,https://www.allrugby.com/joueurs/maory-champs-22680.html
Niort,Prolongations,Titouan MIMEAU,France,Centre,19 ans,2027,https://www.allrugby.com/joueurs/titouan-mimeau-22753.html
Niort,Prolongations,Noah DELAPORTE,France,Ailier,21 ans,2027,https://www.allrugby.com/joueurs/noah-delaporte-17652.html
US Saint-Sulpice,Arrivées,Maël DUCHATEAU,France,Ailier,20 ans,Clermont,https://www.allrugby.com/joueurs/mael-duchateau-23305.html
US Saint-Sulpice,Départs,Raphaël BENISTANT,France,2ème ligne,29 ans,Castanet,https://www.allrugby.com/joueurs/raphael-benistant-5502.html
US Saint-Sulpice,Départs,Benjamin ROQUEBERT,France,Ouverture,38 ans,Retraite,https://www.allrugby.com/joueurs/benjamin-roquebert-21400.html
US Saint-Sulpice,Départs,Nicolas LABRO,France,Arrière,24 ans,Isle Jourdain,https://www.allrugby.com/joueurs/nicolas-labro-13724.html
US Saint-Sulpice,Départs,Maxime MATTELIN,France,Pilier,20 ans,Graulhet,https://www.allrugby.com/joueurs/maxime-mattelin-21526.html
US Saint-Sulpice,Prolongations,Alexandre DUNY,France,Pilier,32 ans,2027,https://www.allrugby.com/joueurs/alexandre-duny-7713.html
US Saint-Sulpice,Prolongations,Kévin TOUGNE,France,Pilier,29 ans,2027,https://www.allrugby.com/joueurs/kevin-tougne-4487.html
US Saint-Sulpice,Prolongations,Landry PONSOLE,France,Pilier,24 ans,2027,https://www.allrugby.com/joueurs/landry-ponsole-15038.html
US Saint-Sulpice,Prolongations,Jean-Rémy TOURREAU,France,Talonneur,35 ans,2027,https://www.allrugby.com/joueurs/jean-remy-tourreau-1946.html
US Saint-Sulpice,Prolongations,Fano SOULAGE,France,Talonneur,30 ans,2027,https://www.allrugby.com/joueurs/fano-soulage-4571.html
US Saint-Sulpice,Prolongations,Hugo CELAYA,France,Talonneur,26 ans,2027,https://www.allrugby.com/joueurs/hugo-celaya-8257.html
US Saint-Sulpice,Prolongations,Vincent MURAT,France,2ème ligne,29 ans,2027,https://www.allrugby.com/joueurs/vincent-murat-3492.html
US Saint-Sulpice,Prolongations,Antoine BOUSQUET,France,2ème ligne,26 ans,2027,https://www.allrugby.com/joueurs/antoine-bousquet-6122.html
US Saint-Sulpice,Prolongations,Rémy SELLAN,France,2ème ligne,26 ans,2027,https://www.allrugby.com/joueurs/remy-sellan-6960.html
US Saint-Sulpice,Prolongations,Thibault EVRARD,France,3ème ligne,31 ans,2027,https://www.allrugby.com/joueurs/thibault-evrard-3516.html
US Saint-Sulpice,Prolongations,Lilian CUGIER,France,3ème ligne,29 ans,2027,https://www.allrugby.com/joueurs/lilian-cugier-10245.html
US Saint-Sulpice,Prolongations,Guilhem PEYREFITTE,France,3ème ligne,28 ans,2027,https://www.allrugby.com/joueurs/guilhem-peyrefitte-12020.html
US Saint-Sulpice,Prolongations,Mauro CHARDEAU,France,3ème ligne,28 ans,2027,https://www.allrugby.com/joueurs/mauro-chardeau-23359.html
US Saint-Sulpice,Prolongations,Baptiste CHÉREL,France,3ème ligne,27 ans,2027,https://www.allrugby.com/joueurs/baptiste-cherel-8523.html
US Saint-Sulpice,Prolongations,Guilhem BISCONS,France,3ème ligne,25 ans,2027,https://www.allrugby.com/joueurs/guilhem-biscons-21134.html
US Saint-Sulpice,Prolongations,Jérémy BERRO-BOYÉ,France,3ème ligne,24 ans,2027,https://www.allrugby.com/joueurs/jeremy-berro-boye-23360.html
US Saint-Sulpice,Prolongations,Guillaume JEAN-DIT-CADET,France,Mêlée,29 ans,2027,https://www.allrugby.com/joueurs/guillaume-jean-dit-cadet-8525.html
US Saint-Sulpice,Prolongations,Timothy DUBESSY,France,Ouverture,29 ans,2027,https://www.allrugby.com/joueurs/timothy-dubessy-13654.html
US Saint-Sulpice,Prolongations,Thomas VIVES,France,Ouverture,24 ans,2027,https://www.allrugby.com/joueurs/thomas-vives-21249.html
US Saint-Sulpice,Prolongations,Pierre CASCARRA,France,Centre,23 ans,2027,https://www.allrugby.com/joueurs/pierre-cascarra-16313.html
US Saint-Sulpice,Prolongations,Gauthier BEILLES,France,Ailier,33 ans,2027,https://www.allrugby.com/joueurs/gauthier-beilles-10532.html
US Saint-Sulpice,Prolongations,Kunro KALO,Vanuatu,Ailier,33 ans,2027,https://www.allrugby.com/joueurs/kunro-kalo-8529.html
US Saint-Sulpice,Prolongations,Thibaut MONADIER,France,Ailier,28 ans,2027,https://www.allrugby.com/joueurs/thibaut-monadier-20531.html
US Saint-Sulpice,Prolongations,Tom REILHÈS,France,Talonneur,21 ans,2027,https://www.allrugby.com/joueurs/tom-reilhes-23287.html
US Saint-Sulpice,Prolongations,Joris MASCARENC,France,Centre,23 ans,2027,https://www.allrugby.com/joueurs/joris-mascarenc-21273.html
US Saint-Sulpice,Prolongations,Lucas DE BEUKELAER,France,Ailier,23 ans,2027,https://www.allrugby.com/joueurs/lucas-de-beukelaer-14535.html
Tarbes,Arrivées,Mickaël PUCHEU,France,Pilier,36 ans,sans club,https://www.allrugby.com/joueurs/mickael-pucheu-23309.html
Tarbes,Arrivées,Émeric GUILLOU,France,Pilier,29 ans,sans club,https://www.allrugby.com/joueurs/emeric-guillou-22842.html
Tarbes,Arrivées,Antoine DUCASSE,France,Pilier,28 ans,Castanet,https://www.allrugby.com/joueurs/antoine-ducasse-14244.html
Tarbes,Arrivées,Lucas SANCHEZ,France,Pilier,24 ans,Séméac OL,https://www.allrugby.com/joueurs/lucas-sanchez-23357.html
Tarbes,Arrivées,Gonzalo MANSO MOYANO,Argentine,Talonneur,36 ans,Lannemezan,https://www.allrugby.com/joueurs/gonzalo-manso-moyano-10123.html
Tarbes,Arrivées,Jérémy LONCAN,France,Talonneur,30 ans,Oursbelille,https://www.allrugby.com/joueurs/jeremy-loncan-10117.html
Tarbes,Arrivées,Clément CHA,France,Talonneur,27 ans,Saint Jean-de-Luz,https://www.allrugby.com/joueurs/clement-cha-17990.html
Tarbes,Arrivées,Luc SAVET,France,2ème ligne,33 ans,Vic-en-Bigorre,https://www.allrugby.com/joueurs/luc-savet-22840.html
Tarbes,Arrivées,Pierre GREYLING,Afrique du sud,2ème ligne,ans,sans club,https://www.allrugby.com/joueurs/pierre-greyling-22703.html
Tarbes,Arrivées,Jackson APUARII,France,3ème ligne,40 ans,EAB XV,https://www.allrugby.com/joueurs/jackson-apuarii-23301.html
Tarbes,Arrivées,Alexis BOYER,France,3ème ligne,34 ans,Vic-en-Bigorre,https://www.allrugby.com/joueurs/alexis-boyer-23307.html
Tarbes,Arrivées,Jérémy HAYET,France,3ème ligne,33 ans,Gan Olympique,https://www.allrugby.com/joueurs/jeremy-hayet-23346.html
Tarbes,Arrivées,Jimmy DUFFAU,France,3ème ligne,30 ans,Vic-en-Bigorre,https://www.allrugby.com/joueurs/jimmy-duffau-22853.html
Tarbes,Arrivées,Aubin BOYER,France,3ème ligne,29 ans,Vic-en-Bigorre,https://www.allrugby.com/joueurs/aubin-boyer-23160.html
Tarbes,Arrivées,Romain QUÉROL,France,3ème ligne,29 ans,sans club,https://www.allrugby.com/joueurs/romain-querol-23255.html
Tarbes,Arrivées,Thibault PARIS,France,3ème ligne,29 ans,Lannemezan,https://www.allrugby.com/joueurs/thibault-paris-20753.html
Tarbes,Arrivées,Karl DE VRIES,France,3ème ligne,25 ans,Saint-Lary-Soulan,https://www.allrugby.com/joueurs/karl-de-vries-23079.html
Tarbes,Arrivées,Alex PAULET,France,3ème ligne,24 ans,Laloubère,https://www.allrugby.com/joueurs/alex-paulet-22903.html
Tarbes,Arrivées,Adrien BELIO,France,Mêlée,32 ans,Oursbelille,https://www.allrugby.com/joueurs/adrien-belio-22880.html
Tarbes,Arrivées,Yohan PASCAULT,France,Mêlée,ans,sans club,https://www.allrugby.com/joueurs/yohan-pascault-23315.html
Tarbes,Arrivées,Théo RAMON,France,Ouverture,29 ans,Oursbelille,https://www.allrugby.com/joueurs/theo-ramon-4605.html
Tarbes,Arrivées,Quentin MERSANT,France,Ouverture,24 ans,Oursbelille,https://www.allrugby.com/joueurs/quentin-mersant-22916.html
Tarbes,Arrivées,Lilian BAGUETTE,France,Centre,34 ans,sans club,https://www.allrugby.com/joueurs/lilian-baguette-23371.html
Tarbes,Arrivées,Emmanuel PARIS,France,Centre,31 ans,Lannemezan,https://www.allrugby.com/joueurs/emmanuel-paris-10487.html
Tarbes,Arrivées,Kévin CASTAING,France,Centre,30 ans,Ibos,https://www.allrugby.com/joueurs/kevin-castaing-22759.html
Tarbes,Arrivées,Robin BOREL,France,Centre,29 ans,Oursbelille,https://www.allrugby.com/joueurs/robin-borel-23291.html
Tarbes,Arrivées,Morgan RUBIO,France,Ailier,35 ans,Lannemezan,https://www.allrugby.com/joueurs/morgan-rubio-1967.html
Tarbes,Arrivées,Mathieu BIESCAS,France,Ailier,31 ans,Magnoac FC,https://www.allrugby.com/joueurs/mathieu-biescas-23067.html
Tarbes,Arrivées,Joris DASTÉ,France,Ailier,29 ans,Oursbelille,https://www.allrugby.com/joueurs/joris-daste-23247.html
Tarbes,Arrivées,Ugo CROQUET,France,Ailier,27 ans,sans club,https://www.allrugby.com/joueurs/ugo-croquet-10912.html
Tarbes,Arrivées,Salim DOUHOU,France,Pilier,21 ans,Oursbelille,https://www.allrugby.com/joueurs/salim-douhou-23322.html
Tarbes,Arrivées,Loan TELMON,France,3ème ligne,19 ans,ESCA,https://www.allrugby.com/joueurs/loan-telmon-23239.html
Tarbes,Arrivées,Louis LAVIT,France,3ème ligne,19 ans,Ibos,https://www.allrugby.com/joueurs/louis-lavit-23151.html
Tarbes,Arrivées,Thibault CUSTODIO,France,3ème ligne,19 ans,Tournay,https://www.allrugby.com/joueurs/thibault-custodio-23286.html
Tarbes,Arrivées,Esteban LOUSTAUNAU,France,3ème ligne,18 ans,Ras XV Des Gaves Navarrenx,https://www.allrugby.com/joueurs/esteban-loustaunau-23368.html
Tarbes,Arrivées,Antoine LARROUY,France,Ouverture,19 ans,Anglet,https://www.allrugby.com/joueurs/antoine-larrouy-23169.html
Tarbes,Arrivées,Lilian MARTET,France,Ailier,24 ans,Lannemezan,https://www.allrugby.com/joueurs/lilian-martet-20836.html
Tarbes,Arrivées,Louis LARROUX,France,Ailier,19 ans,ESCA,https://www.allrugby.com/joueurs/louis-larroux-22672.html
Tarbes,Départs,Lasha MIRTSKHULAVA,Géorgie,Pilier,35 ans,Surgères,https://www.allrugby.com/joueurs/lasha-mirtskhulava-11536.html
Tarbes,Départs,Ximun BESSONART,France,Pilier,29 ans,Saint Jean-de-Luz,https://www.allrugby.com/joueurs/ximun-bessonart-4614.html
Tarbes,Départs,Enzo BAGGIANI,France,Pilier,26 ans,Lourdes,https://www.allrugby.com/joueurs/enzo-baggiani-7324.html
Tarbes,Départs,Téo BORDENAVE,France,Pilier,24 ans,Bagnères,https://www.allrugby.com/joueurs/teo-bordenave-8578.html
Tarbes,Départs,Clément TURLAN,France,Talonneur,22 ans,Lourdes,https://www.allrugby.com/joueurs/clement-turlan-16453.html
Tarbes,Départs,Mathieu SOUFFLET,France,2ème ligne,27 ans,Auch,https://www.allrugby.com/joueurs/mathieu-soufflet-15299.html
Tarbes,Départs,Nolhan BIZIEN,France,2ème ligne,22 ans,Saint Jean-de-Luz,https://www.allrugby.com/joueurs/nolhan-bizien-16452.html
Tarbes,Départs,Léo SAINT-GUILHEM,France,3ème ligne,26 ans,Auch,https://www.allrugby.com/joueurs/leo-saint-guilhem-10385.html
Tarbes,Départs,Julien CANTAN,France,3ème ligne,25 ans,Bagnères,https://www.allrugby.com/joueurs/julien-cantan-14987.html
Tarbes,Départs,Spike SALMAN,Pays-Bas,3ème ligne,25 ans,Marcq-en-Baroeul,https://www.allrugby.com/joueurs/spike-salman-12329.html
Tarbes,Départs,Léo ESTAQUE,France,3ème ligne,24 ans,Tyrosse,https://www.allrugby.com/joueurs/leo-estaque-8880.html
Tarbes,Départs,Jon ABADIE,France,3ème ligne,23 ans,Lourdes,https://www.allrugby.com/joueurs/jon-abadie-16451.html
Tarbes,Départs,Bilal SALHI,France,3ème ligne,21 ans,Suresnes,https://www.allrugby.com/joueurs/bilal-salhi-18175.html
Tarbes,Départs,Clément GAUBERT,France,3ème ligne,19 ans,Marcq-en-Baroeul,https://www.allrugby.com/joueurs/clement-gaubert-20204.html
Tarbes,Départs,Lenny VIOLA,France,Mêlée,22 ans,Périgueux,https://www.allrugby.com/joueurs/lenny-viola-14613.html
Tarbes,Départs,Jacob BOTICA,Nouvelle-Zélande,Ouverture,33 ans,Nîmes,https://www.allrugby.com/joueurs/jacob-botica-3319.html
Tarbes,Départs,Ellande MANCHOT,France,Ouverture,19 ans,Rouen,https://www.allrugby.com/joueurs/ellande-manchot-21055.html
Tarbes,Départs,Pierre DESCOUBET,France,Centre,23 ans,Saint Jean-de-Luz,https://www.allrugby.com/joueurs/pierre-descoubet-15056.html
Tarbes,Départs,Julian ROUX,France,Ailier,21 ans,Suresnes,https://www.allrugby.com/joueurs/julian-roux-21079.html
Tarbes,Départs,Maïeul PARGALA,France,Arrière,21 ans,Lannemezan,https://www.allrugby.com/joueurs/maieul-pargala-21056.html
Tarbes,Départs,Raphaël MOLINIER,France,Pilier,22 ans,Lourdes,https://www.allrugby.com/joueurs/raphael-molinier-18310.html
Tarbes,Départs,Luka HEMET,France,Pilier,21 ans,Lannemezan,https://www.allrugby.com/joueurs/luka-hemet-23075.html
Tarbes,Départs,Nathan CROUZIER,France,Talonneur,20 ans,Lannemezan,https://www.allrugby.com/joueurs/nathan-crouzier-23134.html
Tarbes,Départs,Tana GRAND,France,Talonneur,20 ans,Lourdes,https://www.allrugby.com/joueurs/tana-grand-22750.html
Tarbes,Départs,Hugo AUGÉ,France,2ème ligne,18 ans,Tyrosse,https://www.allrugby.com/joueurs/hugo-auge-23158.html
Tarbes,Départs,Maxime ARRIEUS,France,3ème ligne,23 ans,Lourdes,https://www.allrugby.com/joueurs/maxime-arrieus-17645.html
Tarbes,Départs,Iker ABADIE,France,Mêlée,19 ans,Lourdes,https://www.allrugby.com/joueurs/iker-abadie-22751.html
Tarbes,Départs,Marius BOISSINOT,France,Mêlée,19 ans,Lannemezan,https://www.allrugby.com/joueurs/marius-boissinot-23258.html
Tarbes,Départs,Sacha PORTERIE,France,Mêlée,19 ans,Lannemezan,https://www.allrugby.com/joueurs/sacha-porterie-23224.html
Tarbes,Départs,Matthias DUFFO,France,Mêlée,18 ans,Dax,https://www.allrugby.com/joueurs/matthias-duffo-22700.html
Tarbes,Départs,Oscar POLLATO,France,Mêlée,18 ans,Biarritz,https://www.allrugby.com/joueurs/oscar-pollato-22699.html
Tarbes,Départs,Tom LHEUREUX,France,Ouverture,20 ans,Lannemezan,https://www.allrugby.com/joueurs/tom-lheureux-23068.html
Tarbes,Départs,Hugo ALMEIDA DIAS,France,Centre,20 ans,Lourdes,https://www.allrugby.com/joueurs/hugo-almeida-dias-21052.html
Tarbes,Prolongations,Jean GUICHERD,France,3ème ligne,25 ans,2027,https://www.allrugby.com/joueurs/jean-guicherd-15317.html
Tarbes,Prolongations,Johan DEMAI-HAMECHER,France,Arrière,32 ans,2027,https://www.allrugby.com/joueurs/johan-demai-hamecher-3396.html
Tarbes,Prolongations,Enzo GIBERT-CAMPOS,France,Talonneur,20 ans,2027,https://www.allrugby.com/joueurs/enzo-gibert-campos-22598.html
Tarbes,Prolongations,Nathan BECCO,France,3ème ligne,18 ans,2027,https://www.allrugby.com/joueurs/nathan-becco-22612.html
Tarbes,Prolongations,Baptiste HVALA,France,3ème ligne,17 ans,2027,https://www.allrugby.com/joueurs/baptiste-hvala-23265.html
Tarbes,Prolongations,Guillaume FAURE,France,Mêlée,19 ans,N/A,https://www.allrugby.com/joueurs/guillaume-faure-23256.html
Tarbes,Prolongations,Théo CASTAGNON,France,Ailier,20 ans,2027,https://www.allrugby.com/joueurs/theo-castagnon-22652.html
